id,creation_time,property1,property2,property3,property4,property5,failed,time_of_death,assignment_id,event_type
1,2018-05-04 19:04:37.76593,,,,,,f,,3Q5ZZ9ZEVP8FIBCYEMHEDDVLPQK58K,AssignmentAccepted
2,2018-05-04 20:04:58.810345,,,,,,f,,3Q5ZZ9ZEVP8FIBCYEMHEDDVLPQK58K,AssignmentAbandoned
3,2018-05-04 20:05:01.949853,,,,,,f,,3Q5ZZ9ZEVP8FIBCYEMHEDDVLPQK58K,AssignmentAccepted
4,2018-05-04 20:17:31.600919,,,,,,f,,3Q5ZZ9ZEVP8FIBCYEMHEDDVLPQK58K,AssignmentSubmitted
5,2018-05-04 20:17:42.107248,,,,,,f,,3WJ1OXY92B9COHOF9I8VLOB7H4OA8Y,AssignmentAccepted
6,2018-05-04 20:27:55.861775,,,,,,f,,3WJ1OXY92B9COHOF9I8VLOB7H4OA8Y,AssignmentSubmitted
7,2018-05-04 20:28:12.20383,,,,,,f,,3DUZQ9U6SNHEZP6MYB5WY2PLE8WSVH,AssignmentAccepted
8,2018-05-04 20:36:58.203016,,,,,,f,,3DUZQ9U6SNHEZP6MYB5WY2PLE8WSVH,AssignmentSubmitted
9,2018-05-04 20:37:26.116092,,,,,,f,,3GFK2QRXXAAQ8C8GCPXKRTY77XR5W3,AssignmentAccepted
10,2018-05-04 20:46:46.513926,,,,,,f,,3GFK2QRXXAAQ8C8GCPXKRTY77XR5W3,AssignmentSubmitted
11,2018-05-04 20:47:04.108135,,,,,,f,,31Q0U3WYDQ8CUF6W3UNWWNM92QD71L,AssignmentAccepted
12,2018-05-04 21:21:59.294178,,,,,,f,,31Q0U3WYDQ8CUF6W3UNWWNM92QD71L,AssignmentSubmitted
13,2018-05-04 21:22:12.426113,,,,,,f,,31QNSG6A5SMU5FQH2FWBBX9HGWL878,AssignmentAccepted
14,2018-05-04 22:22:28.088176,,,,,,f,,31QNSG6A5SMU5FQH2FWBBX9HGWL878,AssignmentAbandoned
15,2018-05-04 22:23:15.028812,,,,,,f,,3V5Q80FXIYK1IHN5KMKKOPKYPVC322,AssignmentAccepted
16,2018-05-04 22:52:40.225839,,,,,,f,,3V5Q80FXIYK1IHN5KMKKOPKYPVC322,AssignmentSubmitted
17,2018-05-04 22:52:56.830271,,,,,,f,,33CUSNVVNO5Y5TV0CKOHPX5CRH0886,AssignmentAccepted
18,2018-05-04 23:28:59.663032,,,,,,f,,33CUSNVVNO5Y5TV0CKOHPX5CRH0886,AssignmentReturned
19,2018-05-04 23:29:59.171105,,,,,,f,,37XITHEISX26Z109S5AMI0W070ARC8,AssignmentAccepted
20,2018-05-04 23:39:48.730412,,,,,,f,,37XITHEISX26Z109S5AMI0W070ARC8,AssignmentSubmitted
21,2018-05-04 23:40:02.353304,,,,,,f,,30OG32W0SV40H1SVVPZ0Z4RTRFZNEA,AssignmentAccepted
22,2018-05-04 23:41:43.913227,,,,,,f,,30OG32W0SV40H1SVVPZ0Z4RTRFZNEA,AssignmentReturned
23,2018-05-04 23:42:37.36848,,,,,,f,,3S3AMIZX3VYCYRH4A4F2DBFWSZKDCP,AssignmentAccepted
24,2018-05-04 23:48:40.327571,,,,,,f,,3S3AMIZX3VYCYRH4A4F2DBFWSZKDCP,AssignmentSubmitted
25,2018-05-04 23:49:53.963213,,,,,,f,,3SB4CE2TJWO23IPNHQKN1NS08EBXA9,AssignmentAccepted
26,2018-05-04 23:59:00.817553,,,,,,f,,3SB4CE2TJWO23IPNHQKN1NS08EBXA9,AssignmentSubmitted
27,2018-05-05 00:00:19.345411,,,,,,f,,31UV0MXWNR587HOBN8T5Q2PZSN75IC,AssignmentAccepted
28,2018-05-05 01:00:30.714242,,,,,,f,,31UV0MXWNR587HOBN8T5Q2PZSN75IC,AssignmentAbandoned
29,2018-05-05 01:01:22.713001,,,,,,f,,3TU5ZICBREU4BXVWYE5HBOQCLNS8QN,AssignmentAccepted
30,2018-05-05 01:07:37.901062,,,,,,f,,3TU5ZICBREU4BXVWYE5HBOQCLNS8QN,AssignmentSubmitted
31,2018-05-05 01:07:46.016462,,,,,,f,,3WLEIWSYHPAGCPU4Z79MSJL8804H2X,AssignmentAccepted
32,2018-05-05 01:23:14.621608,,,,,,f,,3WLEIWSYHPAGCPU4Z79MSJL8804H2X,AssignmentReturned
33,2018-05-05 01:23:51.427312,,,,,,f,,3QXNC7EIPJOG1997M8HGWEU5SPD90G,AssignmentAccepted
34,2018-05-05 01:32:41.259815,,,,,,f,,3QXNC7EIPJOG1997M8HGWEU5SPD90G,AssignmentSubmitted
35,2018-05-05 01:32:50.170413,,,,,,f,,3MTMREQS4WBNEIKX7LO1Z4ETZCAWAK,AssignmentAccepted
36,2018-05-05 01:39:01.278763,,,,,,f,,3MTMREQS4WBNEIKX7LO1Z4ETZCAWAK,AssignmentSubmitted
37,2018-05-05 01:39:10.051425,,,,,,f,,340UGXU9DZUUE2YQNG0WD379Z60UVK,AssignmentAccepted
38,2018-05-05 02:39:18.662514,,,,,,f,,340UGXU9DZUUE2YQNG0WD379Z60UVK,AssignmentAbandoned
39,2018-05-05 02:39:47.960662,,,,,,f,,3300DTYQT3ALKY5NBHRH3YMYWQTQE7,AssignmentAccepted
40,2018-05-05 02:56:33.863165,,,,,,f,,3300DTYQT3ALKY5NBHRH3YMYWQTQE7,AssignmentSubmitted
41,2018-05-05 02:56:52.240652,,,,,,f,,32AT8R96GM2EMAHMTLVR2GN2029USI,AssignmentAccepted
42,2018-05-05 03:57:20.006081,,,,,,f,,32AT8R96GM2EMAHMTLVR2GN2029USI,AssignmentAbandoned
43,2018-05-05 03:58:03.489073,,,,,,f,,3VNXK88KKDBWUAANP555H7KVMLVV9Z,AssignmentAccepted
44,2018-05-05 04:06:36.441409,,,,,,f,,3VNXK88KKDBWUAANP555H7KVMLVV9Z,AssignmentSubmitted
45,2018-05-05 04:06:58.699753,,,,,,f,,3NXNZ5RS1BQUJK9R772PBT4S03P97M,AssignmentAccepted
46,2018-05-05 05:07:15.061998,,,,,,f,,3NXNZ5RS1BQUJK9R772PBT4S03P97M,AssignmentAbandoned
47,2018-05-05 05:08:17.736304,,,,,,f,,3OF2M9AATHHXKQYOUZLXSMB7LQIKZN,AssignmentAccepted
48,2018-05-05 05:14:05.916671,,,,,,f,,3OF2M9AATHHXKQYOUZLXSMB7LQIKZN,AssignmentSubmitted
49,2018-05-05 05:14:20.293196,,,,,,f,,3UOUJI6MTE7MIR3LNV1E1O4UFHIXU0,AssignmentAccepted
50,2018-05-05 05:35:52.912097,,,,,,f,,3UOUJI6MTE7MIR3LNV1E1O4UFHIXU0,AssignmentSubmitted
51,2018-05-05 05:36:18.799423,,,,,,f,,3XLBSAQ9Z559PBR4B5WOOH6LF6J7Z5,AssignmentAccepted
52,2018-05-05 06:36:19.875726,,,,,,f,,3XLBSAQ9Z559PBR4B5WOOH6LF6J7Z5,AssignmentAbandoned
53,2018-05-05 06:37:04.978374,,,,,,f,,37Q970SNZF1YDDQORXL7REI5P5L1SZ,AssignmentAccepted
54,2018-05-05 06:41:46.586677,,,,,,f,,37Q970SNZF1YDDQORXL7REI5P5L1SZ,AssignmentSubmitted
55,2018-05-05 06:42:07.712948,,,,,,f,,3BEFOD78W7MC7HA2UI8ND3Q290D4M3,AssignmentAccepted
56,2018-05-05 06:55:27.931692,,,,,,f,,3BEFOD78W7MC7HA2UI8ND3Q290D4M3,AssignmentReturned
57,2018-05-05 06:57:54.835811,,,,,,f,,3TDXMTX3CCN4QLOPSR3AI83ZOIZI6M,AssignmentAccepted
58,2018-05-05 07:01:26.901613,,,,,,f,,3TDXMTX3CCN4QLOPSR3AI83ZOIZI6M,AssignmentSubmitted
59,2018-05-05 07:02:02.688128,,,,,,f,,3NLZY2D53QIZQ4FFS3ELGTCI5N5LQ0,AssignmentAccepted
60,2018-05-05 07:34:46.037559,,,,,,f,,3NLZY2D53QIZQ4FFS3ELGTCI5N5LQ0,AssignmentSubmitted
61,2018-05-05 07:35:19.208649,,,,,,f,,3P4MQ7TPPY509PREI8S171LE7TRBBS,AssignmentAccepted
62,2018-05-05 07:39:47.554474,,,,,,f,,3P4MQ7TPPY509PREI8S171LE7TRBBS,AssignmentSubmitted
63,2018-05-05 07:40:12.942253,,,,,,f,,3G5F9DBFOQQP9GS6NHTXUOIJ5YCVHY,AssignmentAccepted
64,2018-05-05 07:47:31.183119,,,,,,f,,3G5F9DBFOQQP9GS6NHTXUOIJ5YCVHY,AssignmentSubmitted
65,2018-05-05 07:47:49.847488,,,,,,f,,3NVC2EB65RSRJ2GCD7RFXTL34AX3Y9,AssignmentAccepted
66,2018-05-05 07:57:22.478456,,,,,,f,,3NVC2EB65RSRJ2GCD7RFXTL34AX3Y9,AssignmentSubmitted
67,2018-05-05 07:57:54.798338,,,,,,f,,3R5F3LQFV3DGAHJ3SRDQZ3SG5VWZOQ,AssignmentAccepted
68,2018-05-05 08:03:37.202503,,,,,,f,,3R5F3LQFV3DGAHJ3SRDQZ3SG5VWZOQ,AssignmentSubmitted
69,2018-05-05 08:05:29.76271,,,,,,f,,3KRVW3HTZOEV92CDKJ45B668NGIMSU,AssignmentAccepted
70,2018-05-05 08:12:19.129147,,,,,,f,,3KRVW3HTZOEV92CDKJ45B668NGIMSU,AssignmentSubmitted
71,2018-05-05 08:12:44.920889,,,,,,f,,3Y4W8Q93L0D8X0N41LA7333LD6KVDQ,AssignmentAccepted
72,2018-05-05 08:12:49.428413,,,,,,f,,3Y4W8Q93L0D8X0N41LA7333LD6KVDQ,AssignmentReturned
73,2018-05-05 08:13:38.419077,,,,,,f,,31LM9EDVOML8SHEN9QARWK4LWNFNJF,AssignmentAccepted
74,2018-05-05 08:14:37.552292,,,,,,f,,31LM9EDVOML8SHEN9QARWK4LWNFNJF,AssignmentReturned
75,2018-05-05 08:15:31.146278,,,,,,f,,3RSDURM96BFUT0W92R8BGKP0VZNYEV,AssignmentAccepted
76,2018-05-05 08:24:20.44685,,,,,,f,,3RSDURM96BFUT0W92R8BGKP0VZNYEV,AssignmentSubmitted
77,2018-05-05 08:25:04.344055,,,,,,f,,3STRJBFXOXK1YEPPO7WF6YAQ0U1TKL,AssignmentAccepted
78,2018-05-05 08:32:13.947408,,,,,,f,,3STRJBFXOXK1YEPPO7WF6YAQ0U1TKL,AssignmentSubmitted
79,2018-05-05 08:32:23.277585,,,,,,f,,3Z4AIRP3C7669UCNL7RUQMZX4KPX15,AssignmentAccepted
80,2018-05-05 08:59:11.773964,,,,,,f,,3Z4AIRP3C7669UCNL7RUQMZX4KPX15,AssignmentSubmitted
81,2018-05-05 09:00:02.183087,,,,,,f,,35H6S234SBTSEXTAL7KGTZZUJWW562,AssignmentAccepted
82,2018-05-05 09:10:36.626883,,,,,,f,,35H6S234SBTSEXTAL7KGTZZUJWW562,AssignmentReturned
83,2018-05-05 09:11:25.472315,,,,,,f,,3J4Q2Z4UTZWF1YREWHLNP4TY3UCQW1,AssignmentAccepted
84,2018-05-05 09:21:40.242868,,,,,,f,,3J4Q2Z4UTZWF1YREWHLNP4TY3UCQW1,AssignmentSubmitted
85,2018-05-05 09:22:16.466179,,,,,,f,,34S6N1K2ZWCMDBGC9DRR7FKHE0CLH7,AssignmentAccepted
86,2018-05-05 10:22:37.128646,,,,,,f,,34S6N1K2ZWCMDBGC9DRR7FKHE0CLH7,AssignmentAbandoned
87,2018-05-05 10:23:16.299433,,,,,,f,,3RU7GD8VPPM1U59QCZWXSA03SLWPSW,AssignmentAccepted
88,2018-05-05 10:31:57.810351,,,,,,f,,3RU7GD8VPPM1U59QCZWXSA03SLWPSW,AssignmentSubmitted
89,2018-05-05 10:32:09.568382,,,,,,f,,3DYGAII7PM1PHPUDKV7SXAL2AXBQP8,AssignmentAccepted
90,2018-05-05 11:12:18.123243,,,,,,f,,3DYGAII7PM1PHPUDKV7SXAL2AXBQP8,AssignmentSubmitted
91,2018-05-05 11:12:39.481297,,,,,,f,,3J2UYBXQQM5TJQ79O1E4C4332OO06F,AssignmentAccepted
92,2018-05-05 11:15:09.028599,,,,,,f,,3J2UYBXQQM5TJQ79O1E4C4332OO06F,AssignmentReturned
93,2018-05-05 11:15:55.063976,,,,,,f,,3K2755HG5TWJ131E1653LH0ZPC0FDQ,AssignmentAccepted
94,2018-05-05 11:24:22.075678,,,,,,f,,3K2755HG5TWJ131E1653LH0ZPC0FDQ,AssignmentSubmitted
95,2018-05-05 11:24:31.286498,,,,,,f,,31N2WW6R9SJLJBZH8HZR88ENYZB3FG,AssignmentAccepted
96,2018-05-05 12:14:26.145387,,,,,,f,,31N2WW6R9SJLJBZH8HZR88ENYZB3FG,AssignmentSubmitted
97,2018-05-05 12:27:24.747029,,,,,,f,,3U5JL4WY5L2N1T968PAWOK60G454XV,AssignmentAccepted
98,2018-05-05 12:51:10.769272,,,,,,f,,3U5JL4WY5L2N1T968PAWOK60G454XV,AssignmentSubmitted
99,2018-05-05 12:52:14.761807,,,,,,f,,34YB12FSQZHSJX3MPJAOMSN5Z5UMGG,AssignmentAccepted
100,2018-05-05 12:58:17.126498,,,,,,f,,34YB12FSQZHSJX3MPJAOMSN5Z5UMGG,AssignmentSubmitted
101,2018-05-05 12:59:20.15331,,,,,,f,,3LBXNTKX0SOOYZFIPK6N5SHG2WK9XX,AssignmentAccepted
102,2018-05-05 13:27:44.283409,,,,,,f,,3LBXNTKX0SOOYZFIPK6N5SHG2WK9XX,AssignmentSubmitted
103,2018-05-05 13:27:53.54397,,,,,,f,,3ZGVPD4G6UAWN9OBO8ZPTDY343LZTK,AssignmentAccepted
104,2018-05-05 13:44:48.064714,,,,,,f,,3ZGVPD4G6UAWN9OBO8ZPTDY343LZTK,AssignmentReturned
105,2018-05-05 13:45:28.817818,,,,,,f,,3BWI6RSP7H2BEG08FIIB3753S1ME7L,AssignmentAccepted
106,2018-05-05 13:52:07.855031,,,,,,f,,3BWI6RSP7H2BEG08FIIB3753S1ME7L,AssignmentSubmitted
107,2018-05-05 13:52:22.786289,,,,,,f,,3TPWUS5F8AUB7XHVRZKS5Z4H0GIWCC,AssignmentAccepted
108,2018-05-05 14:41:28.157525,,,,,,f,,3TPWUS5F8AUB7XHVRZKS5Z4H0GIWCC,AssignmentReturned
109,2018-05-05 14:42:09.986897,,,,,,f,,3G0WWMR1UWDPE4I04GU0TLG7BJHNQJ,AssignmentAccepted
110,2018-05-05 14:50:28.500456,,,,,,f,,3G0WWMR1UWDPE4I04GU0TLG7BJHNQJ,AssignmentSubmitted
111,2018-05-05 14:50:38.772972,,,,,,f,,3PIWWX1FJKZC9RN2USIZ3DN4O4KJJK,AssignmentAccepted
112,2018-05-05 15:07:33.574187,,,,,,f,,3PIWWX1FJKZC9RN2USIZ3DN4O4KJJK,AssignmentSubmitted
113,2018-05-05 15:07:47.900919,,,,,,f,,3RGU30DZTB12AZTNXPVRJ5FLSYGJMP,AssignmentAccepted
114,2018-05-05 15:17:57.756872,,,,,,f,,3RGU30DZTB12AZTNXPVRJ5FLSYGJMP,AssignmentSubmitted
115,2018-05-05 15:18:12.029816,,,,,,f,,37UQDCYH6YOSGRMUA87L3BTPSWT7VO,AssignmentAccepted
116,2018-05-05 15:23:57.73341,,,,,,f,,37UQDCYH6YOSGRMUA87L3BTPSWT7VO,AssignmentSubmitted
117,2018-05-05 15:24:18.433315,,,,,,f,,3YDTZAI2WY9FBSOD1WPPTB2ZCQW149,AssignmentAccepted
118,2018-05-05 16:10:29.777149,,,,,,f,,3YDTZAI2WY9FBSOD1WPPTB2ZCQW149,AssignmentReturned
119,2018-05-05 16:10:54.130528,,,,,,f,,3FDJT1UU751ZDCEZNBEH3I4CLSU5KO,AssignmentAccepted
120,2018-05-05 16:17:11.126105,,,,,,f,,3FDJT1UU751ZDCEZNBEH3I4CLSU5KO,AssignmentSubmitted
121,2018-05-05 16:17:49.763036,,,,,,f,,3HQUKB7LNG7KRFXMISCTFNRAYKHHHD,AssignmentAccepted
122,2018-05-05 16:43:16.034128,,,,,,f,,3HQUKB7LNG7KRFXMISCTFNRAYKHHHD,AssignmentSubmitted
123,2018-05-05 16:43:42.859738,,,,,,f,,3ZSY5X72NY478QXCIAJDD0QHXFURO9,AssignmentAccepted
124,2018-05-05 17:08:47.355087,,,,,,f,,3ZSY5X72NY478QXCIAJDD0QHXFURO9,AssignmentReturned
125,2018-05-05 17:10:18.82136,,,,,,f,,30BXRYBRP5Q2O5SBDRYTGQ1XD8WHWF,AssignmentAccepted
126,2018-05-05 17:13:42.222583,,,,,,f,,30BXRYBRP5Q2O5SBDRYTGQ1XD8WHWF,AssignmentReturned
127,2018-05-05 17:14:01.658111,,,,,,f,,30BXRYBRP5Q2O5SBDRYTGQ1XD8WHWF,AssignmentAccepted
128,2018-05-05 18:14:04.133039,,,,,,f,,30BXRYBRP5Q2O5SBDRYTGQ1XD8WHWF,AssignmentAbandoned
129,2018-05-05 18:14:59.59912,,,,,,f,,384PI804XTUY6O56VEH7D9ZVLE20SL,AssignmentAccepted
130,2018-05-05 19:14:49.757378,,,,,,f,,384PI804XTUY6O56VEH7D9ZVLE20SL,AssignmentAbandoned
131,2018-05-05 19:16:04.278632,,,,,,f,,3R2UR8A0IB9R5MJOR9P52IC5YWLOX8,AssignmentAccepted
132,2018-05-05 20:16:05.656774,,,,,,f,,3R2UR8A0IB9R5MJOR9P52IC5YWLOX8,AssignmentAbandoned
133,2018-05-05 20:17:53.761443,,,,,,f,,33LKR6A5KFDZSD33GXQX1JERSPQ1TI,AssignmentAccepted
134,2018-05-05 20:23:52.979975,,,,,,f,,33LKR6A5KFDZSD33GXQX1JERSPQ1TI,AssignmentSubmitted
135,2018-05-05 20:24:02.306455,,,,,,f,,3OCHAWUVGPD8FVY9THXCV1VWEREKXN,AssignmentAccepted
136,2018-05-05 20:36:46.983859,,,,,,f,,3OCHAWUVGPD8FVY9THXCV1VWEREKXN,AssignmentReturned
137,2018-05-05 20:37:15.474817,,,,,,f,,384PI804XTUY6O56VEH7D9ZVLE70SQ,AssignmentAccepted
138,2018-05-05 21:05:09.87076,,,,,,f,,384PI804XTUY6O56VEH7D9ZVLE70SQ,AssignmentSubmitted
139,2018-05-05 21:06:30.590613,,,,,,f,,3634BBTX0PN09EH0TK6ECEGCIIUIFK,AssignmentAccepted
140,2018-05-05 21:13:42.303808,,,,,,f,,3634BBTX0PN09EH0TK6ECEGCIIUIFK,AssignmentSubmitted
141,2018-05-05 21:13:51.375097,,,,,,f,,3MMN5BL1W0XRPLRYU4343YYWW1A3MD,AssignmentAccepted
142,2018-05-05 21:25:16.46305,,,,,,f,,3MMN5BL1W0XRPLRYU4343YYWW1A3MD,AssignmentSubmitted
143,2018-05-05 21:25:30.620942,,,,,,f,,3NJM2BJS4XZLNOKUFD6XD5WL7JYCPG,AssignmentAccepted
144,2018-05-05 21:35:10.089218,,,,,,f,,3NJM2BJS4XZLNOKUFD6XD5WL7JYCPG,AssignmentSubmitted
145,2018-05-05 21:37:32.321029,,,,,,f,,3R2PKQ87NX16FO9HF7AR740LFJ7MIW,AssignmentAccepted
146,2018-05-05 21:42:08.370093,,,,,,f,,3R2PKQ87NX16FO9HF7AR740LFJ7MIW,AssignmentSubmitted
147,2018-05-05 21:43:22.803726,,,,,,f,,3DQQ64TANHEU1MQZW46YPZ3OZZGWP9,AssignmentAccepted
148,2018-05-05 22:05:20.828424,,,,,,f,,3DQQ64TANHEU1MQZW46YPZ3OZZGWP9,AssignmentReturned
149,2018-05-05 22:05:22.430291,,,,,,f,,3DQQ64TANHEU1MQZW46YPZ3OZZGWP9,AssignmentAccepted
150,2018-05-05 23:01:12.870073,,,,,,f,,3DQQ64TANHEU1MQZW46YPZ3OZZGWP9,AssignmentSubmitted
151,2018-05-05 23:02:17.221513,,,,,,f,,3OJSZ2ATDTPBIX7F4HP8ZDZQF8A750,AssignmentAccepted
152,2018-05-06 00:02:37.547151,,,,,,f,,3OJSZ2ATDTPBIX7F4HP8ZDZQF8A750,AssignmentAbandoned
153,2018-05-06 00:06:29.77828,,,,,,f,,3ZPBJO59KQU3FZSKWWT3O2CC6S6HDM,AssignmentAccepted
154,2018-05-06 00:16:17.481852,,,,,,f,,3ZPBJO59KQU3FZSKWWT3O2CC6S6HDM,AssignmentSubmitted
155,2018-05-06 00:20:51.177558,,,,,,f,,3EWIJTFFVP0XW50OUJX2OSVGKN60EX,AssignmentAccepted
156,2018-05-06 00:29:18.968574,,,,,,f,,3EWIJTFFVP0XW50OUJX2OSVGKN60EX,AssignmentSubmitted
157,2018-05-06 00:30:15.934248,,,,,,f,,32VNZTT0A8X34XNUZQ44Z2KCGOCR4H,AssignmentAccepted
158,2018-05-06 01:10:13.265153,,,,,,f,,32VNZTT0A8X34XNUZQ44Z2KCGOCR4H,AssignmentReturned
159,2018-05-06 01:10:59.693582,,,,,,f,,3LKC68YZ3BWCGMEYH4TJ0ZYYPUTOWT,AssignmentAccepted
160,2018-05-06 01:29:46.796259,,,,,,f,,3LKC68YZ3BWCGMEYH4TJ0ZYYPUTOWT,AssignmentSubmitted
161,2018-05-06 01:32:49.090984,,,,,,f,,3EF8EXOTT2O5EA7Y43CTZDRIUNB1JP,AssignmentAccepted
162,2018-05-06 02:33:07.767376,,,,,,f,,3EF8EXOTT2O5EA7Y43CTZDRIUNB1JP,AssignmentAbandoned
163,2018-05-06 02:33:31.031951,,,,,,f,,3EF8EXOTT2O5EA7Y43CTZDRIUNB1JP,AssignmentAccepted
164,2018-05-06 02:45:33.361056,,,,,,f,,3EF8EXOTT2O5EA7Y43CTZDRIUNB1JP,AssignmentReturned
165,2018-05-06 02:46:14.373208,,,,,,f,,3L2IS5HSFBBH6XPHLPE53MDWE4FUNN,AssignmentAccepted
166,2018-05-06 03:00:23.872165,,,,,,f,,3L2IS5HSFBBH6XPHLPE53MDWE4FUNN,AssignmentSubmitted
167,2018-05-06 03:01:21.891389,,,,,,f,,3OS4RQUCRA8QM63UNAEXQRCZNSNBFH,AssignmentAccepted
168,2018-05-06 04:01:26.125154,,,,,,f,,3OS4RQUCRA8QM63UNAEXQRCZNSNBFH,AssignmentAbandoned
169,2018-05-06 04:02:27.806134,,,,,,f,,333U7HK6IA8Z65NAKWWO0FSRJKHDJU,AssignmentAccepted
170,2018-05-06 05:02:38.417368,,,,,,f,,333U7HK6IA8Z65NAKWWO0FSRJKHDJU,AssignmentAbandoned
171,2018-05-06 05:03:19.873171,,,,,,f,,3WZ36BJEV4905BLVIUJM7VR0E1XBTR,AssignmentAccepted
172,2018-05-06 05:08:43.30831,,,,,,f,,3WZ36BJEV4905BLVIUJM7VR0E1XBTR,AssignmentSubmitted
173,2018-05-06 05:08:51.07463,,,,,,f,,32Q90QCQ1TEZ9V7SYC7K7CAPYLJEKO,AssignmentAccepted
174,2018-05-06 05:36:37.488094,,,,,,f,,32Q90QCQ1TEZ9V7SYC7K7CAPYLJEKO,AssignmentSubmitted
175,2018-05-06 05:36:53.225969,,,,,,f,,3LBXNTKX0SOOYZFIPK6N5SHG3XIX9M,AssignmentAccepted
176,2018-05-06 06:37:02.346286,,,,,,f,,3LBXNTKX0SOOYZFIPK6N5SHG3XIX9M,AssignmentAbandoned
177,2018-05-06 06:38:14.149022,,,,,,f,,3JAOYWH7VJXTY5YTB13ZUYMTWO99LD,AssignmentAccepted
178,2018-05-06 06:38:54.893968,,,,,,f,,3JAOYWH7VJXTY5YTB13ZUYMTWO99LD,AssignmentReturned
179,2018-05-06 06:47:25.493217,,,,,,f,,3K3R2QNK8CWWHVLNKFV0LLIC9F29U7,AssignmentAccepted
180,2018-05-06 06:51:42.229959,,,,,,f,,3K3R2QNK8CWWHVLNKFV0LLIC9F29U7,AssignmentSubmitted
181,2018-05-06 06:55:13.436499,,,,,,f,,30LSNF239VOG8K5O5PR7SVMN9E5I2G,AssignmentAccepted
182,2018-05-06 06:55:59.43871,,,,,,f,,30LSNF239VOG8K5O5PR7SVMN9E5I2G,AssignmentReturned
183,2018-05-06 07:11:57.421446,,,,,,f,,3OWEPKL08A5F8MDL8HLUTUZC6TLN7H,AssignmentAccepted
184,2018-05-06 07:19:22.044282,,,,,,f,,3OWEPKL08A5F8MDL8HLUTUZC6TLN7H,AssignmentSubmitted
185,2018-05-06 07:26:02.840759,,,,,,f,,3QECW5O0KIUYGV4MHKS949R845CT59,AssignmentAccepted
186,2018-05-06 07:37:57.881307,,,,,,f,,3QECW5O0KIUYGV4MHKS949R845CT59,AssignmentSubmitted
187,2018-05-06 07:41:25.35401,,,,,,f,,3OB0CAO74II6DANBSSGH1NMDOGLYHK,AssignmentAccepted
188,2018-05-06 07:49:49.084514,,,,,,f,,3OB0CAO74II6DANBSSGH1NMDOGLYHK,AssignmentSubmitted
189,2018-05-06 07:50:44.438494,,,,,,f,,3PWWM24LHTRNJETBW3FGF6S96I182Z,AssignmentAccepted
190,2018-05-06 07:54:38.050973,,,,,,f,,3PWWM24LHTRNJETBW3FGF6S96I182Z,AssignmentSubmitted
191,2018-05-06 07:58:59.767578,,,,,,f,,3R3YRB5GRGWAMEVSCL90HGTWFXLAUO,AssignmentAccepted
192,2018-05-06 08:04:58.55913,,,,,,f,,3R3YRB5GRGWAMEVSCL90HGTWFXLAUO,AssignmentSubmitted
193,2018-05-06 08:05:47.482364,,,,,,f,,32SCWG5HIIXW77BT5MTUR54BBX36PY,AssignmentAccepted
194,2018-05-06 08:12:19.421444,,,,,,f,,32SCWG5HIIXW77BT5MTUR54BBX36PY,AssignmentSubmitted
195,2018-05-06 08:13:00.649374,,,,,,f,,38YMOXR4MVSMRG8UH87PJZC74U66WT,AssignmentAccepted
196,2018-05-06 08:13:48.232394,,,,,,f,,38YMOXR4MVSMRG8UH87PJZC74U66WT,AssignmentReturned
197,2018-05-06 08:14:50.331638,,,,,,f,,3JV9LGBJWU7GJ0OY2ZP1EWCAV6AGOT,AssignmentAccepted
198,2018-05-06 08:39:22.168354,,,,,,f,,3JV9LGBJWU7GJ0OY2ZP1EWCAV6AGOT,AssignmentSubmitted
199,2018-05-06 08:40:12.059012,,,,,,f,,3UNH76FOCTYS5OOMJPWUTSU952LMYI,AssignmentAccepted
200,2018-05-06 08:54:55.440802,,,,,,f,,3UNH76FOCTYS5OOMJPWUTSU952LMYI,AssignmentSubmitted
201,2018-05-06 08:55:53.780906,,,,,,f,,35L9RVQFCPBPW136IRJSY2G0SSBUHJ,AssignmentAccepted
202,2018-05-06 09:02:23.397096,,,,,,f,,35L9RVQFCPBPW136IRJSY2G0SSBUHJ,AssignmentSubmitted
203,2018-05-06 09:03:15.460818,,,,,,f,,3E47SOBEYRPT62XQ2IGD48V9L5JICQ,AssignmentAccepted
204,2018-05-06 09:03:31.655202,,,,,,f,,3E47SOBEYRPT62XQ2IGD48V9L5JICQ,AssignmentReturned
205,2018-05-06 09:04:46.086805,,,,,,f,,3I33IC7ZWGV122MQT1ZUBXY4W61A25,AssignmentAccepted
206,2018-05-06 09:12:58.400077,,,,,,f,,3I33IC7ZWGV122MQT1ZUBXY4W61A25,AssignmentSubmitted
207,2018-05-06 09:13:48.547742,,,,,,f,,3JNQLM5FT5FIYLDUQSOKKBEFQI0L2Y,AssignmentAccepted
208,2018-05-06 09:25:49.676736,,,,,,f,,3JNQLM5FT5FIYLDUQSOKKBEFQI0L2Y,AssignmentSubmitted
209,2018-05-06 09:26:29.593592,,,,,,f,,3QHK8ZVMINBCMYDQ9LHVL4HJKODLB0,AssignmentAccepted
210,2018-05-06 09:28:17.072589,,,,,,f,,3QHK8ZVMINBCMYDQ9LHVL4HJKODLB0,AssignmentReturned
211,2018-05-06 09:29:11.62341,,,,,,f,,3LOTDFNYA8SIA915I1ATD5PKXT9FW5,AssignmentAccepted
212,2018-05-06 09:54:01.102612,,,,,,f,,3LOTDFNYA8SIA915I1ATD5PKXT9FW5,AssignmentSubmitted
213,2018-05-06 09:55:46.067638,,,,,,f,,3JRJSWSMQIETDXZLD6FLQQTNN003E7,AssignmentAccepted
214,2018-05-06 10:02:28.245866,,,,,,f,,3JRJSWSMQIETDXZLD6FLQQTNN003E7,AssignmentSubmitted
215,2018-05-06 10:03:09.824118,,,,,,f,,37FMASSAYDKAWX5KOIKITOPR3LKBIF,AssignmentAccepted
216,2018-05-06 10:13:35.976113,,,,,,f,,37FMASSAYDKAWX5KOIKITOPR3LKBIF,AssignmentSubmitted
217,2018-05-06 10:13:58.028834,,,,,,f,,3KKG4CDWKJRX0XR8594I8HKIA3G94O,AssignmentAccepted
218,2018-05-06 10:21:16.220393,,,,,,f,,3KKG4CDWKJRX0XR8594I8HKIA3G94O,AssignmentSubmitted
219,2018-05-06 10:21:33.386368,,,,,,f,,35GCEFQ6I6HROSQH9TTYB0U5B693ZD,AssignmentAccepted
220,2018-05-06 10:36:11.858035,,,,,,f,,35GCEFQ6I6HROSQH9TTYB0U5B693ZD,AssignmentSubmitted
221,2018-05-06 10:37:54.312898,,,,,,f,,336YQZE83W7U30E28NRXIVWGAYIM55,AssignmentAccepted
222,2018-05-06 10:54:30.146441,,,,,,f,,336YQZE83W7U30E28NRXIVWGAYIM55,AssignmentSubmitted
223,2018-05-06 10:55:04.189779,,,,,,f,,39LNWE0K4VPPSWEQO91DYEHFS6RIU3,AssignmentAccepted
224,2018-05-06 10:58:52.656198,,,,,,f,,39LNWE0K4VPPSWEQO91DYEHFS6RIU3,AssignmentSubmitted
225,2018-05-06 10:59:00.098493,,,,,,f,,34Q075JO1Y6YC46CIV2NH8CMVFD10S,AssignmentAccepted
226,2018-05-06 11:03:49.401226,,,,,,f,,34Q075JO1Y6YC46CIV2NH8CMVFD10S,AssignmentSubmitted
227,2018-05-06 11:04:25.0036,,,,,,f,,3M0NZ3JDP2RU27DLNCHRQXSPP20Z5Z,AssignmentAccepted
228,2018-05-06 11:08:29.972153,,,,,,f,,3M0NZ3JDP2RU27DLNCHRQXSPP20Z5Z,AssignmentSubmitted
229,2018-05-06 11:08:54.789919,,,,,,f,,3JJVG1YBECQYK9A5HY1O4FLMYZF5B0,AssignmentAccepted
230,2018-05-06 12:09:02.368278,,,,,,f,,3JJVG1YBECQYK9A5HY1O4FLMYZF5B0,AssignmentAbandoned
231,2018-05-06 12:10:22.966048,,,,,,f,,3PQ8K71NHYDQ75HU6GS9HFH28VWAAH,AssignmentAccepted
232,2018-05-06 13:10:25.615068,,,,,,f,,3PQ8K71NHYDQ75HU6GS9HFH28VWAAH,AssignmentAbandoned
233,2018-05-06 13:11:16.526921,,,,,,f,,3U5JL4WY5L2N1T968PAWOK60H69X4X,AssignmentAccepted
234,2018-05-06 13:16:17.64264,,,,,,f,,3U5JL4WY5L2N1T968PAWOK60H69X4X,AssignmentSubmitted
235,2018-05-06 13:16:33.929642,,,,,,f,,3907X2AHF1Y8P6SSIKHR1SNZVT5P26,AssignmentAccepted
236,2018-05-06 13:26:20.979513,,,,,,f,,3907X2AHF1Y8P6SSIKHR1SNZVT5P26,AssignmentReturned
237,2018-05-06 13:26:35.165896,,,,,,f,,3907X2AHF1Y8P6SSIKHR1SNZVT5P26,AssignmentAccepted
238,2018-05-06 13:46:16.858818,,,,,,f,,3907X2AHF1Y8P6SSIKHR1SNZVT5P26,AssignmentSubmitted
239,2018-05-06 13:47:16.390858,,,,,,f,,31QTRG6Q2U6YQRLZB5OMAWO4A80YPW,AssignmentAccepted
240,2018-05-06 13:52:18.614259,,,,,,f,,31QTRG6Q2U6YQRLZB5OMAWO4A80YPW,AssignmentSubmitted
241,2018-05-06 13:52:58.586809,,,,,,f,,3QILPRALQ6OJ80I4IMD07UV7HEX8NX,AssignmentAccepted
242,2018-05-06 14:06:08.977302,,,,,,f,,3QILPRALQ6OJ80I4IMD07UV7HEX8NX,AssignmentReturned
243,2018-05-06 14:06:40.478141,,,,,,f,,37Q970SNZF1YDDQORXL7REI5Q7Z1SI,AssignmentAccepted
244,2018-05-06 14:17:20.441843,,,,,,f,,37Q970SNZF1YDDQORXL7REI5Q7Z1SI,AssignmentSubmitted
245,2018-05-06 14:17:33.670326,,,,,,f,,3E4GGUZ1T9K7EFVC5SCJ5B101J02KJ,AssignmentAccepted
246,2018-05-06 14:18:27.264843,,,,,,f,,3E4GGUZ1T9K7EFVC5SCJ5B101J02KJ,AssignmentReturned
247,2018-05-06 14:19:21.682142,,,,,,f,,3PQ8K71NHYDQ75HU6GS9HFH28VYAAJ,AssignmentAccepted
248,2018-05-06 15:00:18.655668,,,,,,f,,3PQ8K71NHYDQ75HU6GS9HFH28VYAAJ,AssignmentSubmitted
249,2018-05-06 15:00:45.049352,,,,,,f,,3EA3QWIZ4JOASJZ1O4B3TIVD9SPTIS,AssignmentAccepted
250,2018-05-06 15:11:01.312369,,,,,,f,,3EA3QWIZ4JOASJZ1O4B3TIVD9SPTIS,AssignmentSubmitted
251,2018-05-06 15:13:34.23457,,,,,,f,,3URFVVM166BBNM30ODPZY9K5OJYZUM,AssignmentAccepted
252,2018-05-06 15:26:20.018018,,,,,,f,,3URFVVM166BBNM30ODPZY9K5OJYZUM,AssignmentSubmitted
253,2018-05-06 15:26:40.102358,,,,,,f,,3OVHNO1VE7UP6KSE2IZAO9GH2J4DZR,AssignmentAccepted
254,2018-05-06 15:30:18.83227,,,,,,f,,3OVHNO1VE7UP6KSE2IZAO9GH2J4DZR,AssignmentSubmitted
255,2018-05-06 15:30:32.604008,,,,,,f,,3ZPPDN2SLWPFSZO1UFGVH3W9NSH9E1,AssignmentAccepted
256,2018-05-06 15:35:55.728419,,,,,,f,,3ZPPDN2SLWPFSZO1UFGVH3W9NSH9E1,AssignmentSubmitted
257,2018-05-06 15:37:50.265105,,,,,,f,,3PDJHANYK694UQD5M9LPIW2KP71H6E,AssignmentAccepted
258,2018-05-06 15:54:51.467047,,,,,,f,,3PDJHANYK694UQD5M9LPIW2KP71H6E,AssignmentSubmitted
259,2018-05-06 15:54:58.053999,,,,,,f,,3C8HJ7UOP8NSAEYRFBYD7Z3BBXYMZK,AssignmentAccepted
260,2018-05-06 15:56:55.999861,,,,,,f,,3C8HJ7UOP8NSAEYRFBYD7Z3BBXYMZK,AssignmentReturned
261,2018-05-06 15:58:00.920089,,,,,,f,,3QHK8ZVMINBCMYDQ9LHVL4HJKPMLBB,AssignmentAccepted
262,2018-05-06 16:05:58.396106,,,,,,f,,3QHK8ZVMINBCMYDQ9LHVL4HJKPMLBB,AssignmentSubmitted
263,2018-05-06 16:06:17.08806,,,,,,f,,31Q0U3WYDQ8CUF6W3UNWWNM93TR716,AssignmentAccepted
264,2018-05-06 16:39:10.871955,,,,,,f,,31Q0U3WYDQ8CUF6W3UNWWNM93TR716,AssignmentSubmitted
265,2018-05-06 16:39:26.518314,,,,,,f,,3CN4LGXD5YHC1YZGDLWY7YD9JCBY4C,AssignmentAccepted
266,2018-05-06 16:55:44.019897,,,,,,f,,3CN4LGXD5YHC1YZGDLWY7YD9JCBY4C,AssignmentReturned
267,2018-05-06 16:56:27.750969,,,,,,f,,38F71OA9GUPM5X7REZ4647NTZS8FMT,AssignmentAccepted
268,2018-05-06 17:20:52.935424,,,,,,f,,38F71OA9GUPM5X7REZ4647NTZS8FMT,AssignmentSubmitted
269,2018-05-06 17:21:08.613602,,,,,,f,,3SLE99ER0O6WRNUUOM84TJSHZYZBZP,AssignmentAccepted
270,2018-05-06 17:48:16.190872,,,,,,f,,3SLE99ER0O6WRNUUOM84TJSHZYZBZP,AssignmentSubmitted
271,2018-05-06 17:48:27.599164,,,,,,f,,31QTRG6Q2U6YQRLZB5OMAWO4A8BYP7,AssignmentAccepted
272,2018-05-06 17:55:08.136885,,,,,,f,,31QTRG6Q2U6YQRLZB5OMAWO4A8BYP7,AssignmentSubmitted
273,2018-05-06 17:55:24.605448,,,,,,f,,3FTF2T8WLSB99ZASFFA13939UWU9WP,AssignmentAccepted
274,2018-05-06 17:59:49.994839,,,,,,f,,3FTF2T8WLSB99ZASFFA13939UWU9WP,AssignmentReturned
275,2018-05-06 17:59:52.219195,,,,,,f,,3FTF2T8WLSB99ZASFFA13939UWU9WP,AssignmentAccepted
276,2018-05-06 18:32:02.049376,,,,,,f,,3FTF2T8WLSB99ZASFFA13939UWU9WP,AssignmentSubmitted
277,2018-05-06 18:32:14.887839,,,,,,f,,354GIDR5ZCZY5FLUMCYN33TCQNN004,AssignmentAccepted
278,2018-05-06 18:50:03.39024,,,,,,f,,354GIDR5ZCZY5FLUMCYN33TCQNN004,AssignmentSubmitted
279,2018-05-06 18:50:25.730838,,,,,,f,,37Q970SNZF1YDDQORXL7REI5Q7CS1M,AssignmentAccepted
280,2018-05-06 19:16:50.829994,,,,,,f,,37Q970SNZF1YDDQORXL7REI5Q7CS1M,AssignmentSubmitted
281,2018-05-06 19:18:02.141917,,,,,,f,,3PPTZCWALRDJVTWJ745UO8NGLY5ZQU,AssignmentAccepted
282,2018-05-06 20:18:04.840147,,,,,,f,,3PPTZCWALRDJVTWJ745UO8NGLY5ZQU,AssignmentAbandoned
283,2018-05-06 20:18:53.046025,,,,,,f,,3KJYX6QCMA4L0MNWBHWI61YYJSBVJ3,AssignmentAccepted
284,2018-05-06 20:35:14.869352,,,,,,f,,3KJYX6QCMA4L0MNWBHWI61YYJSBVJ3,AssignmentSubmitted
285,2018-05-06 20:35:33.050398,,,,,,f,,3OXV7EAXLFJP0I667OWNE21A62336D,AssignmentAccepted
286,2018-05-06 21:25:36.89908,,,,,,f,,3OXV7EAXLFJP0I667OWNE21A62336D,AssignmentSubmitted
287,2018-05-06 21:25:52.355766,,,,,,f,,3XUHV3NRVLR8BMDRHQBKQQOKTCC5H8,AssignmentAccepted
288,2018-05-06 21:33:35.43367,,,,,,f,,3XUHV3NRVLR8BMDRHQBKQQOKTCC5H8,AssignmentSubmitted
289,2018-05-06 21:33:57.498773,,,,,,f,,3R8YZBNQ9IB0BJQDO9DBXOUHB537QL,AssignmentAccepted
290,2018-05-06 21:45:28.289282,,,,,,f,,3R8YZBNQ9IB0BJQDO9DBXOUHB537QL,AssignmentSubmitted
291,2018-05-06 21:45:34.98568,,,,,,f,,3ITXP059PXC58U6SHMRDVEERKOOSJ2,AssignmentAccepted
292,2018-05-06 22:08:22.667008,,,,,,f,,3ITXP059PXC58U6SHMRDVEERKOOSJ2,AssignmentSubmitted
293,2018-05-06 22:08:37.439417,,,,,,f,,3CPLWGV3MPSJM51ENEJE7QQI1K59ND,AssignmentAccepted
294,2018-05-06 22:20:36.301864,,,,,,f,,3CPLWGV3MPSJM51ENEJE7QQI1K59ND,AssignmentSubmitted
295,2018-05-06 22:20:41.751059,,,,,,f,,3OHYZ19UGDYF99BVGZXRIA17XCSAO8,AssignmentAccepted
296,2018-05-06 22:34:34.997117,,,,,,f,,3OHYZ19UGDYF99BVGZXRIA17XCSAO8,AssignmentReturned
297,2018-05-06 22:34:37.143862,,,,,,f,,3OHYZ19UGDYF99BVGZXRIA17XCSAO8,AssignmentAccepted
298,2018-05-06 22:45:52.119271,,,,,,f,,3OHYZ19UGDYF99BVGZXRIA17XCSAO8,AssignmentSubmitted
299,2018-05-06 22:46:03.520836,,,,,,f,,3S4AW7T80CBS1ZSHU678DQBDAXS4LB,AssignmentAccepted
300,2018-05-06 23:46:07.217421,,,,,,f,,3S4AW7T80CBS1ZSHU678DQBDAXS4LB,AssignmentAbandoned
301,2018-05-06 23:49:46.58063,,,,,,f,,38YMOXR4MVSMRG8UH87PJZC74V3W6I,AssignmentAccepted
302,2018-05-06 23:56:52.180818,,,,,,f,,38YMOXR4MVSMRG8UH87PJZC74V3W6I,AssignmentSubmitted
303,2018-05-06 23:57:16.605409,,,,,,f,,3Z7ISHFUH1ODPPWNLAOU2H2GRSXZ8X,AssignmentAccepted
304,2018-05-07 00:02:19.014948,,,,,,f,,3Z7ISHFUH1ODPPWNLAOU2H2GRSXZ8X,AssignmentSubmitted
305,2018-05-07 00:05:10.915691,,,,,,f,,3ON104KXQLP8CT4GYKEAM1ST84Y4W6,AssignmentAccepted
306,2018-05-07 00:17:22.708014,,,,,,f,,3ON104KXQLP8CT4GYKEAM1ST84Y4W6,AssignmentSubmitted
307,2018-05-07 00:21:44.618198,,,,,,f,,3TEM0PF1Q6QS4ZMOYOMIIADVKCCD0Q,AssignmentAccepted
308,2018-05-07 00:27:19.901644,,,,,,f,,3TEM0PF1Q6QS4ZMOYOMIIADVKCCD0Q,AssignmentReturned
309,2018-05-07 00:28:49.041915,,,,,,f,,3DOCMVPBTO74B758OO2JPRL269PNNT,AssignmentAccepted
310,2018-05-07 00:37:23.02801,,,,,,f,,3DOCMVPBTO74B758OO2JPRL269PNNT,AssignmentSubmitted
311,2018-05-07 00:37:32.956701,,,,,,f,,3EFVCAY5L42NPARJ3OL8ENEQ8ULJ8X,AssignmentAccepted
312,2018-05-07 00:47:09.160784,,,,,,f,,3EFVCAY5L42NPARJ3OL8ENEQ8ULJ8X,AssignmentSubmitted
313,2018-05-07 00:47:26.248815,,,,,,f,,3B2X28YI3X8U3DAJMHBTWLZMUUN6BE,AssignmentAccepted
314,2018-05-07 01:14:23.770861,,,,,,f,,3B2X28YI3X8U3DAJMHBTWLZMUUN6BE,AssignmentReturned
315,2018-05-07 01:14:44.926417,,,,,,f,,3570Y55XZQCSDES08MYZGNAC9H8GY5,AssignmentAccepted
316,2018-05-07 01:28:12.524048,,,,,,f,,3570Y55XZQCSDES08MYZGNAC9H8GY5,AssignmentSubmitted
317,2018-05-07 01:28:25.554403,,,,,,f,,3DHE4R9OCX42CTZTF1R47J97U2E2GB,AssignmentAccepted
318,2018-05-07 02:28:49.62997,,,,,,f,,3DHE4R9OCX42CTZTF1R47J97U2E2GB,AssignmentAbandoned
319,2018-05-07 02:29:47.415353,,,,,,f,,39PAAFCODNTFEPJ1NBAM87L7HVHTVN,AssignmentAccepted
320,2018-05-07 03:27:48.25881,,,,,,f,,39PAAFCODNTFEPJ1NBAM87L7HVHTVN,AssignmentReturned
321,2018-05-07 03:27:50.929797,,,,,,f,,39PAAFCODNTFEPJ1NBAM87L7HVHTVN,AssignmentAccepted
322,2018-05-07 04:27:51.093484,,,,,,f,,39PAAFCODNTFEPJ1NBAM87L7HVHTVN,AssignmentAbandoned
323,2018-05-07 04:28:40.739806,,,,,,f,,3R2PKQ87NX16FO9HF7AR740LFL0IMP,AssignmentAccepted
324,2018-05-07 04:33:35.11293,,,,,,f,,3R2PKQ87NX16FO9HF7AR740LFL0IMP,AssignmentReturned
325,2018-05-07 04:34:42.225628,,,,,,f,,39GHHAVOMGKM694HRLVVXBYL6954JT,AssignmentAccepted
326,2018-05-07 04:43:02.304984,,,,,,f,,39GHHAVOMGKM694HRLVVXBYL6954JT,AssignmentSubmitted
327,2018-05-07 04:43:21.170098,,,,,,f,,3IAS3U3I0G96LCRIZFZQ68IAEQ1B2K,AssignmentAccepted
328,2018-05-07 04:51:55.193175,,,,,,f,,3IAS3U3I0G96LCRIZFZQ68IAEQ1B2K,AssignmentSubmitted
329,2018-05-07 04:52:14.526336,,,,,,f,,3U0SRXB7CEYPQ5X0HVJ0YBQC77VNR0,AssignmentAccepted
330,2018-05-07 04:57:49.656918,,,,,,f,,3U0SRXB7CEYPQ5X0HVJ0YBQC77VNR0,AssignmentSubmitted
331,2018-05-07 04:58:08.873776,,,,,,f,,34YB12FSQZHSJX3MPJAOMSN508BMG4,AssignmentAccepted
332,2018-05-07 05:01:22.287313,,,,,,f,,34YB12FSQZHSJX3MPJAOMSN508BMG4,AssignmentReturned
333,2018-05-07 05:02:21.936086,,,,,,f,,3TVSS0C0E2TSTEJ6DLFIU94LO4XTWB,AssignmentAccepted
334,2018-05-07 05:07:51.041577,,,,,,f,,3TVSS0C0E2TSTEJ6DLFIU94LO4XTWB,AssignmentSubmitted
335,2018-05-07 05:09:15.665767,,,,,,f,,3NLZY2D53QIZQ4FFS3ELGTCI6QVQL2,AssignmentAccepted
336,2018-05-07 05:10:35.036212,,,,,,f,,3NLZY2D53QIZQ4FFS3ELGTCI6QVQL2,AssignmentReturned
337,2018-05-07 05:11:29.241548,,,,,,f,,3M0NZ3JDP2RU27DLNCHRQXSPP3H5ZO,AssignmentAccepted
338,2018-05-07 05:25:16.790097,,,,,,f,,3M0NZ3JDP2RU27DLNCHRQXSPP3H5ZO,AssignmentSubmitted
339,2018-05-07 05:25:26.596779,,,,,,f,,3ND9UOO81LV4A1B14CDR8IU4URDLW2,AssignmentAccepted
340,2018-05-07 05:33:32.490755,,,,,,f,,3ND9UOO81LV4A1B14CDR8IU4URDLW2,AssignmentReturned
341,2018-05-07 05:40:24.19715,,,,,,f,,32N49TQG3HBAZTKSHBJ5D2VFT6EVAM,AssignmentAccepted
342,2018-05-07 06:21:54.062873,,,,,,f,,32N49TQG3HBAZTKSHBJ5D2VFT6EVAM,AssignmentSubmitted
343,2018-05-07 06:22:07.238696,,,,,,f,,3E47SOBEYRPT62XQ2IGD48V9L75ICG,AssignmentAccepted
344,2018-05-07 06:28:18.708245,,,,,,f,,3E47SOBEYRPT62XQ2IGD48V9L75ICG,AssignmentSubmitted
345,2018-05-07 06:29:36.271923,,,,,,f,,3FK0YFF9P09URHNQS6A19P9SEGHVVP,AssignmentAccepted
346,2018-05-07 06:45:14.620848,,,,,,f,,3FK0YFF9P09URHNQS6A19P9SEGHVVP,AssignmentSubmitted
347,2018-05-07 06:45:29.014675,,,,,,f,,3TXMY6UCAFH6N0L9FQLMDAMVCHNCQE,AssignmentAccepted
348,2018-05-07 06:47:45.909358,,,,,,f,,3TXMY6UCAFH6N0L9FQLMDAMVCHNCQE,AssignmentReturned
349,2018-05-07 06:48:37.684895,,,,,,f,,3DBQWDE4Y7R0LIZ2KO6XVALGFPEN5U,AssignmentAccepted
350,2018-05-07 06:49:29.763909,,,,,,f,,3DBQWDE4Y7R0LIZ2KO6XVALGFPEN5U,AssignmentReturned
351,2018-05-07 06:50:07.565473,,,,,,f,,3DBQWDE4Y7R0LIZ2KO6XVALGFPEN5U,AssignmentAccepted
352,2018-05-07 07:01:03.354785,,,,,,f,,3DBQWDE4Y7R0LIZ2KO6XVALGFPEN5U,AssignmentSubmitted
353,2018-05-07 07:01:14.545912,,,,,,f,,32KTQ2V7RE8D4NGEBD4EUB1IWVNM9K,AssignmentAccepted
354,2018-05-07 07:09:56.162897,,,,,,f,,32KTQ2V7RE8D4NGEBD4EUB1IWVNM9K,AssignmentSubmitted
355,2018-05-07 07:10:08.897446,,,,,,f,,3NGI5ARFTUY10LAWZGHDW9DU3OB1PN,AssignmentAccepted
356,2018-05-07 07:24:06.060291,,,,,,f,,3NGI5ARFTUY10LAWZGHDW9DU3OB1PN,AssignmentSubmitted
357,2018-05-07 07:24:26.944842,,,,,,f,,3LQ8PUHQFMLKNA86OAUEFZSPYZCHIQ,AssignmentAccepted
358,2018-05-07 07:44:26.154194,,,,,,f,,3LQ8PUHQFMLKNA86OAUEFZSPYZCHIQ,AssignmentSubmitted
359,2018-05-07 07:44:49.034012,,,,,,f,,3EWIJTFFVP0XW50OUJX2OSVGKP4E0D,AssignmentAccepted
360,2018-05-07 08:17:03.154511,,,,,,f,,3EWIJTFFVP0XW50OUJX2OSVGKP4E0D,AssignmentSubmitted
361,2018-05-07 08:17:19.030175,,,,,,f,,39DD6S19JQ4UYQ6EYDAUURY22WNZEQ,AssignmentAccepted
362,2018-05-07 08:56:03.712827,,,,,,f,,39DD6S19JQ4UYQ6EYDAUURY22WNZEQ,AssignmentSubmitted
363,2018-05-07 08:58:07.780182,,,,,,f,,39PAAFCODNTFEPJ1NBAM87L7HV5VTD,AssignmentAccepted
364,2018-05-07 09:16:41.297044,,,,,,f,,39PAAFCODNTFEPJ1NBAM87L7HV5VTD,AssignmentSubmitted
365,2018-05-07 09:16:54.863195,,,,,,f,,3ZAZR5XV02BF1SM02M4Z43YZHKBZCY,AssignmentAccepted
366,2018-05-07 09:24:55.633712,,,,,,f,,3ZAZR5XV02BF1SM02M4Z43YZHKBZCY,AssignmentSubmitted
367,2018-05-07 09:25:09.802455,,,,,,f,,3AMYWKA6YCFEM7ZSQMGF25ZL1UY6OC,AssignmentAccepted
368,2018-05-07 09:37:20.768977,,,,,,f,,3AMYWKA6YCFEM7ZSQMGF25ZL1UY6OC,AssignmentSubmitted
369,2018-05-07 09:37:33.431511,,,,,,f,,32SVAV9L3G2QNKI9X1DZU73W2MSA3B,AssignmentAccepted
370,2018-05-07 09:46:31.95761,,,,,,f,,32SVAV9L3G2QNKI9X1DZU73W2MSA3B,AssignmentSubmitted
371,2018-05-07 09:46:46.994736,,,,,,f,,3A4NIXBJ77S85PHN0A74ZKSDWP8LMK,AssignmentAccepted
372,2018-05-07 09:55:55.57131,,,,,,f,,3A4NIXBJ77S85PHN0A74ZKSDWP8LMK,AssignmentSubmitted
373,2018-05-07 09:56:48.160095,,,,,,f,,34YB12FSQZHSJX3MPJAOMSN508MMGF,AssignmentAccepted
374,2018-05-07 10:07:55.852567,,,,,,f,,34YB12FSQZHSJX3MPJAOMSN508MMGF,AssignmentSubmitted
375,2018-05-07 10:08:25.42182,,,,,,f,,3LEIZ60CDKSD3UFXQ2U82DXRBZ9Z9I,AssignmentAccepted
376,2018-05-07 10:14:19.26298,,,,,,f,,3LEIZ60CDKSD3UFXQ2U82DXRBZ9Z9I,AssignmentSubmitted
377,2018-05-07 10:14:34.091566,,,,,,f,,3483FV8BEFC0F0AN3OIIVSWI0P3263,AssignmentAccepted
378,2018-05-07 10:23:55.745224,,,,,,f,,3483FV8BEFC0F0AN3OIIVSWI0P3263,AssignmentSubmitted
379,2018-05-07 10:24:49.735558,,,,,,f,,3AAPLD8UCDAAWOOHIMTIT6UY9GWHTB,AssignmentAccepted
380,2018-05-07 10:47:24.671948,,,,,,f,,3AAPLD8UCDAAWOOHIMTIT6UY9GWHTB,AssignmentSubmitted
381,2018-05-07 10:47:57.741345,,,,,,f,,3LO69W1SU468DFL1P799MF8G03XLGD,AssignmentAccepted
382,2018-05-07 11:14:10.502408,,,,,,f,,3LO69W1SU468DFL1P799MF8G03XLGD,AssignmentSubmitted
383,2018-05-07 11:14:22.948303,,,,,,f,,351SEKWQS1AP7DTVNT9GG7K8NGBDM1,AssignmentAccepted
384,2018-05-07 11:26:16.778492,,,,,,f,,351SEKWQS1AP7DTVNT9GG7K8NGBDM1,AssignmentSubmitted
385,2018-05-07 11:26:25.9654,,,,,,f,,3DZQRBDBSM8UNG43E1ZQF7X2OS5S3V,AssignmentAccepted
386,2018-05-07 11:45:46.9658,,,,,,f,,3DZQRBDBSM8UNG43E1ZQF7X2OS5S3V,AssignmentSubmitted
387,2018-05-07 11:47:12.360746,,,,,,f,,3PMBY0YE28W0V14NYOA0RFW62IZC9A,AssignmentAccepted
388,2018-05-07 11:50:44.4116,,,,,,f,,3PMBY0YE28W0V14NYOA0RFW62IZC9A,AssignmentSubmitted
389,2018-05-07 11:53:17.944067,,,,,,f,,3TPWUS5F8AUB7XHVRZKS5Z4H0JMCW2,AssignmentAccepted
390,2018-05-07 12:21:25.673038,,,,,,f,,3TPWUS5F8AUB7XHVRZKS5Z4H0JMCW2,AssignmentReturned
391,2018-05-07 12:21:43.29051,,,,,,f,,3TPWUS5F8AUB7XHVRZKS5Z4H0JMCW2,AssignmentAccepted
392,2018-05-07 13:22:01.633857,,,,,,f,,3TPWUS5F8AUB7XHVRZKS5Z4H0JMCW2,AssignmentAbandoned
393,2018-05-07 13:22:33.588794,,,,,,f,,3TPWUS5F8AUB7XHVRZKS5Z4H0JMCW2,AssignmentAccepted
394,2018-05-07 14:22:40.858667,,,,,,f,,3TPWUS5F8AUB7XHVRZKS5Z4H0JMCW2,AssignmentAbandoned
395,2018-05-07 14:23:24.421986,,,,,,f,,3HMVI3QICKLV9Z2XQ3DW90667U51YA,AssignmentAccepted
396,2018-05-07 14:30:13.755452,,,,,,f,,3HMVI3QICKLV9Z2XQ3DW90667U51YA,AssignmentSubmitted
397,2018-05-07 14:30:34.425912,,,,,,f,,317HQ483I8LCX6UHR8PRKJPLKCCNIY,AssignmentAccepted
398,2018-05-07 15:29:01.352139,,,,,,f,,317HQ483I8LCX6UHR8PRKJPLKCCNIY,AssignmentReturned
399,2018-05-07 15:30:49.254136,,,,,,f,,3T111IHZ5FJ413T6GL0VGAVS2JHR9A,AssignmentAccepted
400,2018-05-07 16:01:25.585163,,,,,,f,,3T111IHZ5FJ413T6GL0VGAVS2JHR9A,AssignmentSubmitted
401,2018-05-07 16:01:37.089981,,,,,,f,,3OWEPKL08A5F8MDL8HLUTUZC6W5N77,AssignmentAccepted
402,2018-05-07 16:32:50.854263,,,,,,f,,3OWEPKL08A5F8MDL8HLUTUZC6W5N77,AssignmentSubmitted
403,2018-05-07 16:33:00.006273,,,,,,f,,3LEP4MGT3HTTOMPYW4J72R9EBIYBD3,AssignmentAccepted
404,2018-05-07 17:33:02.484054,,,,,,f,,3LEP4MGT3HTTOMPYW4J72R9EBIYBD3,AssignmentAbandoned
405,2018-05-07 17:33:58.866085,,,,,,f,,3JZQSN0I3R3MDNB53W6BR23W38CGF6,AssignmentAccepted
406,2018-05-07 17:41:47.118819,,,,,,f,,3JZQSN0I3R3MDNB53W6BR23W38CGF6,AssignmentSubmitted
407,2018-05-07 17:41:59.87368,,,,,,f,,34Q075JO1Y6YC46CIV2NH8CMVH510O,AssignmentAccepted
408,2018-05-07 18:42:34.00561,,,,,,f,,34Q075JO1Y6YC46CIV2NH8CMVH510O,AssignmentAbandoned
409,2018-05-07 18:42:46.551152,,,,,,f,,336YQZE83W7U30E28NRXIVWGA0H5MR,AssignmentAccepted
410,2018-05-07 18:47:34.889467,,,,,,f,,336YQZE83W7U30E28NRXIVWGA0H5MR,AssignmentSubmitted
411,2018-05-07 18:47:40.998006,,,,,,f,,3VHP9MDGROD9WBV01AAS1BIH5HSCF2,AssignmentAccepted
412,2018-05-07 19:48:14.312099,,,,,,f,,3VHP9MDGROD9WBV01AAS1BIH5HSCF2,AssignmentAbandoned
413,2018-05-07 19:49:02.677767,,,,,,f,,3VD82FOHKRH32O8T0DTIO5RVXIOCOT,AssignmentAccepted
414,2018-05-07 19:58:56.90317,,,,,,f,,3VD82FOHKRH32O8T0DTIO5RVXIOCOT,AssignmentReturned
415,2018-05-07 20:00:10.088356,,,,,,f,,3R6BYFZZP85XZ96VS66FFO3R6ZLXFU,AssignmentAccepted
416,2018-05-07 20:25:29.556077,,,,,,f,,3R6BYFZZP85XZ96VS66FFO3R6ZLXFU,AssignmentSubmitted
417,2018-05-07 20:25:46.487385,,,,,,f,,3RYC5T2D74MPTQ9DXAWS20V77OPPRV,AssignmentAccepted
418,2018-05-07 21:26:10.416904,,,,,,f,,3RYC5T2D74MPTQ9DXAWS20V77OPPRV,AssignmentAbandoned
419,2018-05-07 21:26:19.270332,,,,,,f,,3RYC5T2D74MPTQ9DXAWS20V77OPPRV,AssignmentAccepted
420,2018-05-07 21:42:03.621475,,,,,,f,,3RYC5T2D74MPTQ9DXAWS20V77OPPRV,AssignmentSubmitted
421,2018-05-07 21:42:27.356276,,,,,,f,,31Q0U3WYDQ8CUF6W3UNWWNM93WU179,AssignmentAccepted
422,2018-05-07 21:58:06.000547,,,,,,f,,31Q0U3WYDQ8CUF6W3UNWWNM93WU179,AssignmentSubmitted
423,2018-05-07 21:58:14.660765,,,,,,f,,3X4JMASXCN2ZP2O4KSVCNKPVHUH0BT,AssignmentAccepted
424,2018-05-07 22:02:46.811533,,,,,,f,,3X4JMASXCN2ZP2O4KSVCNKPVHUH0BT,AssignmentReturned
425,2018-05-07 22:03:19.125157,,,,,,f,,3HHRAGRYX9Y14Q1QOTJRMFQNRXV9OJ,AssignmentAccepted
426,2018-05-07 22:36:08.17192,,,,,,f,,3HHRAGRYX9Y14Q1QOTJRMFQNRXV9OJ,AssignmentSubmitted
427,2018-05-07 22:36:18.991593,,,,,,f,,36DSNE9QZ6RQA2EZA5A4B94QN2IOJ4,AssignmentAccepted
428,2018-05-07 23:02:07.579443,,,,,,f,,36DSNE9QZ6RQA2EZA5A4B94QN2IOJ4,AssignmentSubmitted
429,2018-05-07 23:02:17.690471,,,,,,f,,3KMS4QQVK3JRF97OTNRQPUVPAR2FKL,AssignmentAccepted
430,2018-05-07 23:09:41.958324,,,,,,f,,3KMS4QQVK3JRF97OTNRQPUVPAR2FKL,AssignmentReturned
431,2018-05-07 23:10:29.265046,,,,,,f,,35BLDD71I7QB01S0T3Z4UVMO2U6VZE,AssignmentAccepted
432,2018-05-07 23:40:33.91135,,,,,,f,,35BLDD71I7QB01S0T3Z4UVMO2U6VZE,AssignmentSubmitted
433,2018-05-07 23:41:30.226526,,,,,,f,,3D3VGR7TA18IM14QZCZLPXS62T1R3R,AssignmentAccepted
434,2018-05-07 23:51:59.738686,,,,,,f,,3D3VGR7TA18IM14QZCZLPXS62T1R3R,AssignmentSubmitted
435,2018-05-07 23:52:18.809311,,,,,,f,,3A7Y0R2P2PHD4BSRBWX0UMVJZ79JXS,AssignmentAccepted
436,2018-05-08 00:52:24.239774,,,,,,f,,3A7Y0R2P2PHD4BSRBWX0UMVJZ79JXS,AssignmentAbandoned
437,2018-05-08 00:52:48.605419,,,,,,f,,3A7Y0R2P2PHD4BSRBWX0UMVJZ79JXS,AssignmentAccepted
438,2018-05-08 01:04:47.12729,,,,,,f,,3A7Y0R2P2PHD4BSRBWX0UMVJZ79JXS,AssignmentSubmitted
439,2018-05-08 01:05:54.180059,,,,,,f,,3WOKGM4L729J8WDDOX0YT4PUOU2O0P,AssignmentAccepted
440,2018-05-08 01:12:30.151084,,,,,,f,,3WOKGM4L729J8WDDOX0YT4PUOU2O0P,AssignmentSubmitted
441,2018-05-08 01:12:43.260909,,,,,,f,,3FE2ERCCZY1MWDHX5IFO85Q2W2EPOX,AssignmentAccepted
442,2018-05-08 01:29:43.960631,,,,,,f,,3FE2ERCCZY1MWDHX5IFO85Q2W2EPOX,AssignmentSubmitted
443,2018-05-08 01:30:03.452195,,,,,,f,,3C2NJ6JBKBA8MLGF254ZX3I4VIIN2U,AssignmentAccepted
444,2018-05-08 01:38:27.646215,,,,,,f,,3C2NJ6JBKBA8MLGF254ZX3I4VIIN2U,AssignmentSubmitted
445,2018-05-08 01:38:42.358086,,,,,,f,,3IFS6Q0HJJC9DJMMZ46DJDZR7DOISD,AssignmentAccepted
446,2018-05-08 01:56:58.73008,,,,,,f,,3IFS6Q0HJJC9DJMMZ46DJDZR7DOISD,AssignmentReturned
447,2018-05-08 01:57:06.897794,,,,,,f,,3IFS6Q0HJJC9DJMMZ46DJDZR7DOISD,AssignmentAccepted
448,2018-05-08 02:02:41.531737,,,,,,f,,3IFS6Q0HJJC9DJMMZ46DJDZR7DOISD,AssignmentSubmitted
449,2018-05-08 02:02:52.915083,,,,,,f,,3TAYZSBPLM152Y8KA1LLWXSAIHSS2D,AssignmentAccepted
450,2018-05-08 02:06:55.753567,,,,,,f,,3TAYZSBPLM152Y8KA1LLWXSAIHSS2D,AssignmentReturned
451,2018-05-08 02:08:10.321074,,,,,,f,,31UV0MXWNR587HOBN8T5Q2PZTTI5I0,AssignmentAccepted
452,2018-05-08 02:30:34.591019,,,,,,f,,31UV0MXWNR587HOBN8T5Q2PZTTI5I0,AssignmentSubmitted
453,2018-05-08 02:30:42.421594,,,,,,f,,386CSBG1O0FH7JC85Z8JRAULGYB6QL,AssignmentAccepted
454,2018-05-08 02:52:48.45921,,,,,,f,,386CSBG1O0FH7JC85Z8JRAULGYB6QL,AssignmentReturned
455,2018-05-08 02:52:49.517911,,,,,,f,,386CSBG1O0FH7JC85Z8JRAULGYB6QL,AssignmentAccepted
456,2018-05-08 03:05:47.040108,,,,,,f,,386CSBG1O0FH7JC85Z8JRAULGYB6QL,AssignmentSubmitted
457,2018-05-08 03:06:00.004808,,,,,,f,,358UUM7WR0W0NK5D1O2B2E4M7VZR78,AssignmentAccepted
458,2018-05-08 04:06:10.096028,,,,,,f,,358UUM7WR0W0NK5D1O2B2E4M7VZR78,AssignmentAbandoned
459,2018-05-08 04:07:20.717313,,,,,,f,,3TGOYF991YFU1N9QIQQRHH5QM59UUQ,AssignmentAccepted
460,2018-05-08 04:07:24.226489,,,,,,f,,3TGOYF991YFU1N9QIQQRHH5QM59UUQ,AssignmentReturned
461,2018-05-08 04:07:44.615047,,,,,,f,,3TGOYF991YFU1N9QIQQRHH5QM59UUQ,AssignmentAccepted
462,2018-05-08 04:33:32.232619,,,,,,f,,3TGOYF991YFU1N9QIQQRHH5QM59UUQ,AssignmentSubmitted
463,2018-05-08 04:33:45.27244,,,,,,f,,3N8OEVH1FSJ4BD5WQI29J5LCMX0OOX,AssignmentAccepted
464,2018-05-08 04:36:33.18266,,,,,,f,,3N8OEVH1FSJ4BD5WQI29J5LCMX0OOX,AssignmentReturned
465,2018-05-08 04:36:34.642587,,,,,,f,,3N8OEVH1FSJ4BD5WQI29J5LCMX0OOX,AssignmentAccepted
466,2018-05-08 05:36:35.421433,,,,,,f,,3N8OEVH1FSJ4BD5WQI29J5LCMX0OOX,AssignmentAbandoned
467,2018-05-08 05:37:12.455314,,,,,,f,,3NOKK93PR21WNVFI2QWH9HXKEUUEEN,AssignmentAccepted
468,2018-05-08 06:37:21.051074,,,,,,f,,3NOKK93PR21WNVFI2QWH9HXKEUUEEN,AssignmentAbandoned
469,2018-05-08 06:38:15.393459,,,,,,f,,37C0GNLMHGWNIA830D2ZRBNMXKB6D7,AssignmentAccepted
470,2018-05-08 07:09:37.89466,,,,,,f,,37C0GNLMHGWNIA830D2ZRBNMXKB6D7,AssignmentSubmitted
471,2018-05-08 07:10:57.902279,,,,,,f,,3CFVK00FWME6GMWVDU0NAOVR6TFL64,AssignmentAccepted
472,2018-05-08 07:12:13.448634,,,,,,f,,3CFVK00FWME6GMWVDU0NAOVR6TFL64,AssignmentReturned
473,2018-05-08 07:14:27.841813,,,,,,f,,388U7OUMF8UM595TGPH2NZUZZIIR0Z,AssignmentAccepted
474,2018-05-08 07:27:32.117256,,,,,,f,,388U7OUMF8UM595TGPH2NZUZZIIR0Z,AssignmentSubmitted
475,2018-05-08 07:29:59.644787,,,,,,f,,37TRT2X24RK6R8PQ605I5P4RG5MJBM,AssignmentAccepted
476,2018-05-08 08:05:33.750987,,,,,,f,,37TRT2X24RK6R8PQ605I5P4RG5MJBM,AssignmentSubmitted
477,2018-05-08 08:05:48.838066,,,,,,f,,3ZV9H2YQQE0NUXLCY69RCW0NU9K3WC,AssignmentAccepted
478,2018-05-08 09:06:07.040492,,,,,,f,,3ZV9H2YQQE0NUXLCY69RCW0NU9K3WC,AssignmentAbandoned
479,2018-05-08 09:09:31.924862,,,,,,f,,3R2UR8A0IB9R5MJOR9P52IC5Y2OXOW,AssignmentAccepted
480,2018-05-08 09:22:28.083362,,,,,,f,,3R2UR8A0IB9R5MJOR9P52IC5Y2OXOW,AssignmentSubmitted
481,2018-05-08 09:22:52.526923,,,,,,f,,3OCHAWUVGPD8FVY9THXCV1VWEXFXKD,AssignmentAccepted
482,2018-05-08 09:22:53.775433,,,,,,f,,3OCHAWUVGPD8FVY9THXCV1VWEXFXKD,AssignmentReturned
483,2018-05-08 09:27:44.400709,,,,,,f,,3MH9DQ757X5BW58VYL1AD24ZDYIGU2,AssignmentAccepted
484,2018-05-08 09:35:06.527063,,,,,,f,,3MH9DQ757X5BW58VYL1AD24ZDYIGU2,AssignmentSubmitted
485,2018-05-08 09:35:17.005034,,,,,,f,,3RJSC4XJ11NX0M7VJI4ZKYP3701052,AssignmentAccepted
486,2018-05-08 09:49:22.646875,,,,,,f,,3RJSC4XJ11NX0M7VJI4ZKYP3701052,AssignmentSubmitted
487,2018-05-08 09:49:37.334189,,,,,,f,,3UJ1CZ6IZIIX1VR7SKNJU4VM2SKS5H,AssignmentAccepted
488,2018-05-08 10:49:49.122792,,,,,,f,,3UJ1CZ6IZIIX1VR7SKNJU4VM2SKS5H,AssignmentAbandoned
489,2018-05-08 10:56:22.04533,,,,,,f,,3YJ6NA41JC98V2Q0P5NJ099GX9DPJP,AssignmentAccepted
490,2018-05-08 11:50:31.731791,,,,,,f,,3YJ6NA41JC98V2Q0P5NJ099GX9DPJP,AssignmentSubmitted
491,2018-05-08 11:50:40.395949,,,,,,f,,3RYC5T2D74MPTQ9DXAWS20V77QDRPP,AssignmentAccepted
492,2018-05-08 12:19:10.802836,,,,,,f,,3RYC5T2D74MPTQ9DXAWS20V77QDRPP,AssignmentSubmitted
493,2018-05-08 12:19:39.499394,,,,,,f,,3AMW0RGHOEV4ESHL43FBTGQX6TRNP0,AssignmentAccepted
494,2018-05-08 12:38:29.494814,,,,,,f,,3AMW0RGHOEV4ESHL43FBTGQX6TRNP0,AssignmentSubmitted
495,2018-05-08 12:39:36.275034,,,,,,f,,339ANSOTR6VBP09EUVXBSR8HQKSKIH,AssignmentAccepted
496,2018-05-08 13:00:43.17587,,,,,,f,,339ANSOTR6VBP09EUVXBSR8HQKSKIH,AssignmentSubmitted
497,2018-05-08 13:01:26.86971,,,,,,f,,3PQ8K71NHYDQ75HU6GS9HFH281WAAT,AssignmentAccepted
498,2018-05-08 13:48:49.279039,,,,,,f,,3PQ8K71NHYDQ75HU6GS9HFH281WAAT,AssignmentReturned
499,2018-05-08 13:50:09.316967,,,,,,f,,39KFRKBFIOOG5R9YW5B7LWJE098OYL,AssignmentAccepted
500,2018-05-08 14:03:55.878481,,,,,,f,,39KFRKBFIOOG5R9YW5B7LWJE098OYL,AssignmentSubmitted
501,2018-05-08 14:04:02.735658,,,,,,f,,32Q90QCQ1TEZ9V7SYC7K7CAPYSVKEK,AssignmentAccepted
502,2018-05-08 15:04:14.247361,,,,,,f,,32Q90QCQ1TEZ9V7SYC7K7CAPYSVKEK,AssignmentAbandoned
503,2018-05-08 15:06:51.666167,,,,,,f,,3KOPY89HM9V1ODLDR7QCN66FSEE3JM,AssignmentAccepted
504,2018-05-08 15:15:53.111196,,,,,,f,,3KOPY89HM9V1ODLDR7QCN66FSEE3JM,AssignmentReturned
505,2018-05-08 15:16:04.088266,,,,,,f,,3KOPY89HM9V1ODLDR7QCN66FSEE3JM,AssignmentAccepted
506,2018-05-08 15:42:46.439751,,,,,,f,,3KOPY89HM9V1ODLDR7QCN66FSEE3JM,AssignmentSubmitted
507,2018-05-08 15:43:04.60039,,,,,,f,,36AHBNMV1S5P1UI96WXRA27FWVHDYT,AssignmentAccepted
508,2018-05-08 15:51:22.751331,,,,,,f,,36AHBNMV1S5P1UI96WXRA27FWVHDYT,AssignmentSubmitted
509,2018-05-08 15:51:37.091634,,,,,,f,,3BF51CHDTW39GFRQKK589VSTCAWH06,AssignmentAccepted
510,2018-05-08 16:51:44.49591,,,,,,f,,3BF51CHDTW39GFRQKK589VSTCAWH06,AssignmentAbandoned
511,2018-05-08 16:52:35.330809,,,,,,f,,392CY0QWG2KQBYKB93AVLAJLTZXI4M,AssignmentAccepted
512,2018-05-08 17:52:35.57693,,,,,,f,,392CY0QWG2KQBYKB93AVLAJLTZXI4M,AssignmentAbandoned
513,2018-05-08 17:53:21.995262,,,,,,f,,3JC6VJ2SACCT1Z5DBK1S941GGOXA5R,AssignmentAccepted
514,2018-05-08 18:53:22.769215,,,,,,f,,3JC6VJ2SACCT1Z5DBK1S941GGOXA5R,AssignmentAbandoned
515,2018-05-08 18:53:52.902516,,,,,,f,,3S96KQ6I9NXTK8JFWQAS2LF0HUQDTX,AssignmentAccepted
516,2018-05-08 19:38:14.719353,,,,,,f,,3S96KQ6I9NXTK8JFWQAS2LF0HUQDTX,AssignmentSubmitted
517,2018-05-08 19:38:34.956774,,,,,,f,,3TR2532VIQN0LW8VA9OAU9IZ26IJ6C,AssignmentAccepted
518,2018-05-08 20:38:53.929805,,,,,,f,,3TR2532VIQN0LW8VA9OAU9IZ26IJ6C,AssignmentAbandoned
519,2018-05-08 20:39:09.228908,,,,,,f,,3TR2532VIQN0LW8VA9OAU9IZ26IJ6C,AssignmentAccepted
520,2018-05-08 20:45:31.213017,,,,,,f,,3TR2532VIQN0LW8VA9OAU9IZ26IJ6C,AssignmentSubmitted
521,2018-05-08 20:45:58.397128,,,,,,f,,3B1NLC6UG0PY400ZHZ2G3WH05JZPGS,AssignmentAccepted
522,2018-05-08 20:54:25.127845,,,,,,f,,3B1NLC6UG0PY400ZHZ2G3WH05JZPGS,AssignmentSubmitted
523,2018-05-08 20:54:37.702552,,,,,,f,,3NGMS9VZTMBGZNFASC0T9H3K2YEFFI,AssignmentAccepted
524,2018-05-08 21:05:02.242677,,,,,,f,,3NGMS9VZTMBGZNFASC0T9H3K2YEFFI,AssignmentSubmitted
525,2018-05-08 21:05:28.692557,,,,,,f,,384PI804XTUY6O56VEH7D9ZVLML0SK,AssignmentAccepted
526,2018-05-08 22:05:45.664041,,,,,,f,,384PI804XTUY6O56VEH7D9ZVLML0SK,AssignmentAbandoned
527,2018-05-08 22:06:09.075432,,,,,,f,,3B4YI393VAPY7XPI4G0RNF5EGE7SS2,AssignmentAccepted
528,2018-05-08 22:12:11.768491,,,,,,f,,3B4YI393VAPY7XPI4G0RNF5EGE7SS2,AssignmentSubmitted
529,2018-05-08 22:12:25.134467,,,,,,f,,3H7XDTSHKDKOO9X0TLGBVQPWYHAGWO,AssignmentAccepted
530,2018-05-08 22:23:20.744299,,,,,,f,,3H7XDTSHKDKOO9X0TLGBVQPWYHAGWO,AssignmentSubmitted
531,2018-05-08 22:23:28.664134,,,,,,f,,3634BBTX0PN09EH0TK6ECEGCIRDFII,AssignmentAccepted
532,2018-05-08 22:40:17.234219,,,,,,f,,3634BBTX0PN09EH0TK6ECEGCIRDFII,AssignmentSubmitted
533,2018-05-08 22:40:30.744495,,,,,,f,,3STRJBFXOXK1YEPPO7WF6YAQ14BTKG,AssignmentAccepted
534,2018-05-08 23:34:53.093779,,,,,,f,,3STRJBFXOXK1YEPPO7WF6YAQ14BTKG,AssignmentSubmitted
535,2018-05-08 23:35:11.949833,,,,,,f,,3R6P78PK7L4WWST6YGB086IXUNYTGH,AssignmentAccepted
536,2018-05-09 00:13:33.48353,,,,,,f,,3R6P78PK7L4WWST6YGB086IXUNYTGH,AssignmentReturned
537,2018-05-09 00:14:04.721824,,,,,,f,,3R6P78PK7L4WWST6YGB086IXUNYTGH,AssignmentAccepted
538,2018-05-09 00:25:06.607449,,,,,,f,,3R6P78PK7L4WWST6YGB086IXUNYTGH,AssignmentSubmitted
539,2018-05-09 00:25:24.54193,,,,,,f,,3PPTZCWALRDJVTWJ745UO8NGL6XZQ2,AssignmentAccepted
540,2018-05-09 00:39:59.836182,,,,,,f,,3PPTZCWALRDJVTWJ745UO8NGL6XZQ2,AssignmentReturned
541,2018-05-09 00:40:54.090711,,,,,,f,,3IAEQB9FMFDLCPN9RVF3P5MZLP6DWN,AssignmentAccepted
542,2018-05-09 00:49:29.523386,,,,,,f,,3IAEQB9FMFDLCPN9RVF3P5MZLP6DWN,AssignmentSubmitted
543,2018-05-09 00:49:43.381064,,,,,,f,,3FUI0JHJPYRQ3ZJOOMYP7ZPQWJN339,AssignmentAccepted
544,2018-05-09 01:05:23.633062,,,,,,f,,3FUI0JHJPYRQ3ZJOOMYP7ZPQWJN339,AssignmentSubmitted
545,2018-05-09 01:05:35.342961,,,,,,f,,3WMOAN2SRCQHJCEHQFOAZ8FFSK7VNE,AssignmentAccepted
546,2018-05-09 01:15:43.954841,,,,,,f,,3WMOAN2SRCQHJCEHQFOAZ8FFSK7VNE,AssignmentSubmitted
547,2018-05-09 01:16:08.569179,,,,,,f,,3I33IC7ZWGV122MQT1ZUBXY4WFGA22,AssignmentAccepted
548,2018-05-09 01:32:13.324443,,,,,,f,,3I33IC7ZWGV122MQT1ZUBXY4WFGA22,AssignmentSubmitted
549,2018-05-09 01:32:32.064649,,,,,,f,,34MAJL3QP5GBLV2SO038H4HWAJM34X,AssignmentAccepted
550,2018-05-09 01:50:26.668169,,,,,,f,,34MAJL3QP5GBLV2SO038H4HWAJM34X,AssignmentSubmitted
551,2018-05-09 01:50:41.120915,,,,,,f,,33F859I5676A02U0I02XTCOC3GMBHJ,AssignmentAccepted
552,2018-05-09 02:50:54.424477,,,,,,f,,33F859I5676A02U0I02XTCOC3GMBHJ,AssignmentAbandoned
553,2018-05-09 02:51:38.681616,,,,,,f,,3NKQQ8O39ZY8KLY4WV027H12096UDG,AssignmentAccepted
554,2018-05-09 03:33:50.59331,,,,,,f,,3NKQQ8O39ZY8KLY4WV027H12096UDG,AssignmentSubmitted
555,2018-05-09 03:34:03.139893,,,,,,f,,3K2755HG5TWJ131E1653LH0ZQM3DFC,AssignmentAccepted
556,2018-05-09 03:57:41.28848,,,,,,f,,3K2755HG5TWJ131E1653LH0ZQM3DFC,AssignmentSubmitted
557,2018-05-09 03:58:02.903771,,,,,,f,,3R9WASFE209M446ATOU0C9J2E5LFZN,AssignmentAccepted
558,2018-05-09 04:11:44.906512,,,,,,f,,3R9WASFE209M446ATOU0C9J2E5LFZN,AssignmentSubmitted
559,2018-05-09 04:12:42.438056,,,,,,f,,3YWRV122CTSW3Q2DFNPMLPN1PJY8UF,AssignmentAccepted
560,2018-05-09 05:12:43.027058,,,,,,f,,3YWRV122CTSW3Q2DFNPMLPN1PJY8UF,AssignmentAbandoned
561,2018-05-09 05:13:09.29211,,,,,,f,,3WOKGM4L729J8WDDOX0YT4PUOZJ0OS,AssignmentAccepted
562,2018-05-09 06:13:33.313113,,,,,,f,,3WOKGM4L729J8WDDOX0YT4PUOZJ0OS,AssignmentAbandoned
563,2018-05-09 06:14:45.599008,,,,,,f,,3SKRO2GZ72K0PUDGMOC50SRV9N31K2,AssignmentAccepted
564,2018-05-09 06:39:21.576965,,,,,,f,,3SKRO2GZ72K0PUDGMOC50SRV9N31K2,AssignmentSubmitted
565,2018-05-09 06:40:22.809342,,,,,,f,,3VAR3R6G1QU1QLIGJ1DDMJVC7YRO81,AssignmentAccepted
566,2018-05-09 06:45:14.097433,,,,,,f,,3VAR3R6G1QU1QLIGJ1DDMJVC7YRO81,AssignmentSubmitted
567,2018-05-09 06:45:46.484484,,,,,,f,,3GU1KF0O4JU2DJSO1DA22LQ3P9ABP6,AssignmentAccepted
568,2018-05-09 06:59:28.597247,,,,,,f,,3GU1KF0O4JU2DJSO1DA22LQ3P9ABP6,AssignmentSubmitted
569,2018-05-09 06:59:51.594064,,,,,,f,,3M81GAB8A1CNDVT31QPR2QGDU61BQ4,AssignmentAccepted
570,2018-05-09 07:06:51.946385,,,,,,f,,3M81GAB8A1CNDVT31QPR2QGDU61BQ4,AssignmentReturned
571,2018-05-09 07:07:01.232048,,,,,,f,,3M81GAB8A1CNDVT31QPR2QGDU61BQ4,AssignmentAccepted
572,2018-05-09 08:07:12.76657,,,,,,f,,3M81GAB8A1CNDVT31QPR2QGDU61BQ4,AssignmentAbandoned
573,2018-05-09 08:08:07.338177,,,,,,f,,392CY0QWG2KQBYKB93AVLAJLT4V4IG,AssignmentAccepted
574,2018-05-09 08:14:35.142943,,,,,,f,,392CY0QWG2KQBYKB93AVLAJLT4V4IG,AssignmentSubmitted
575,2018-05-09 08:14:59.42023,,,,,,f,,34MAJL3QP5GBLV2SO038H4HWAM134I,AssignmentAccepted
576,2018-05-09 08:19:44.830694,,,,,,f,,34MAJL3QP5GBLV2SO038H4HWAM134I,AssignmentReturned
577,2018-05-09 08:20:49.016127,,,,,,f,,3KYQYYSHYW0D7GE709OT8B9DIQRODC,AssignmentAccepted
578,2018-05-09 08:33:41.901451,,,,,,f,,3KYQYYSHYW0D7GE709OT8B9DIQRODC,AssignmentSubmitted
579,2018-05-09 08:34:12.656561,,,,,,f,,34S9DKFK74IYN69MVQBU67J9A5WYNL,AssignmentAccepted
580,2018-05-09 09:34:31.485478,,,,,,f,,34S9DKFK74IYN69MVQBU67J9A5WYNL,AssignmentAbandoned
581,2018-05-09 09:36:32.662884,,,,,,f,,3R6P78PK7L4WWST6YGB086IXURAGTO,AssignmentAccepted
582,2018-05-09 09:45:50.929406,,,,,,f,,3R6P78PK7L4WWST6YGB086IXURAGTO,AssignmentSubmitted
583,2018-05-09 09:46:24.084138,,,,,,f,,34J10VATJGRX037970H8ODKQPX5IQ6,AssignmentAccepted
584,2018-05-09 09:53:44.111262,,,,,,f,,34J10VATJGRX037970H8ODKQPX5IQ6,AssignmentSubmitted
585,2018-05-09 09:55:55.460807,,,,,,f,,3VNXK88KKDBWUAANP555H7KVNZ09VB,AssignmentAccepted
586,2018-05-09 10:15:04.036675,,,,,,f,,3VNXK88KKDBWUAANP555H7KVNZ09VB,AssignmentSubmitted
587,2018-05-09 10:16:48.477434,,,,,,f,,3H7XDTSHKDKOO9X0TLGBVQPWYL1WG3,AssignmentAccepted
588,2018-05-09 10:41:40.615273,,,,,,f,,3H7XDTSHKDKOO9X0TLGBVQPWYL1WG3,AssignmentSubmitted
589,2018-05-09 10:41:49.964223,,,,,,f,,3XM0HYN6NLS0KM48B4CS3TWOS8PPEQ,AssignmentAccepted
590,2018-05-09 11:13:12.470393,,,,,,f,,3XM0HYN6NLS0KM48B4CS3TWOS8PPEQ,AssignmentReturned
591,2018-05-09 11:13:19.663326,,,,,,f,,3XM0HYN6NLS0KM48B4CS3TWOS8PPEQ,AssignmentAccepted
592,2018-05-09 11:42:12.129633,,,,,,f,,3XM0HYN6NLS0KM48B4CS3TWOS8PPEQ,AssignmentReturned
593,2018-05-09 11:42:50.453445,,,,,,f,,358UUM7WR0W0NK5D1O2B2E4M74J7RQ,AssignmentAccepted
594,2018-05-09 11:48:19.155214,,,,,,f,,358UUM7WR0W0NK5D1O2B2E4M74J7RQ,AssignmentSubmitted
595,2018-05-09 11:49:20.65212,,,,,,f,,33NF62TLXKV7KBTKCDIB4SNH37QKJI,AssignmentAccepted
596,2018-05-09 12:28:15.051022,,,,,,f,,33NF62TLXKV7KBTKCDIB4SNH37QKJI,AssignmentSubmitted
597,2018-05-09 12:29:32.078915,,,,,,f,,3VD82FOHKRH32O8T0DTIO5RVXSYOCZ,AssignmentAccepted
598,2018-05-09 12:35:29.255609,,,,,,f,,3VD82FOHKRH32O8T0DTIO5RVXSYOCZ,AssignmentSubmitted
599,2018-05-09 12:36:25.157241,,,,,,f,,3L6L49WXW1QEZAPW2JR1W1FGOKE45Z,AssignmentAccepted
600,2018-05-09 13:03:52.899165,,,,,,f,,3L6L49WXW1QEZAPW2JR1W1FGOKE45Z,AssignmentSubmitted
601,2018-05-09 13:04:03.815669,,,,,,f,,3E7TUJ2EGDFA0TA1YK5BBLEONTW9DE,AssignmentAccepted
602,2018-05-09 14:04:25.225462,,,,,,f,,3E7TUJ2EGDFA0TA1YK5BBLEONTW9DE,AssignmentAbandoned
603,2018-05-09 14:05:14.860477,,,,,,f,,3ATPCQ38J93R3NFXMM6PK1Z9B02AYM,AssignmentAccepted
604,2018-05-09 14:17:05.132158,,,,,,f,,3ATPCQ38J93R3NFXMM6PK1Z9B02AYM,AssignmentSubmitted
605,2018-05-09 14:17:23.03698,,,,,,f,,3BXQMRHWK0RBOF4H9OZ5Q7OW9TJUMV,AssignmentAccepted
606,2018-05-09 14:27:18.839866,,,,,,f,,3BXQMRHWK0RBOF4H9OZ5Q7OW9TJUMV,AssignmentReturned
607,2018-05-09 14:27:58.529087,,,,,,f,,3BXQMRHWK0RBOF4H9OZ5Q7OW9TJUMV,AssignmentAccepted
608,2018-05-09 15:27:43.422877,,,,,,f,,3BXQMRHWK0RBOF4H9OZ5Q7OW9TJUMV,AssignmentAbandoned
609,2018-05-09 15:28:23.928138,,,,,,f,,3HPZF4IVNNMFW2CV602GQWPXB3FCYI,AssignmentAccepted
610,2018-05-09 15:36:26.068935,,,,,,f,,3HPZF4IVNNMFW2CV602GQWPXB3FCYI,AssignmentSubmitted
611,2018-05-09 15:36:38.549269,,,,,,f,,31HQ4X3T3T3B3KUSK73QBTRJORZSL2,AssignmentAccepted
612,2018-05-09 16:00:54.119114,,,,,,f,,31HQ4X3T3T3B3KUSK73QBTRJORZSL2,AssignmentSubmitted
