id,creation_time,property1,property2,property3,property4,property5,failed,time_of_death,type,worker_id,assignment_id,unique_id,hit_id,mode,end_time,base_pay,bonus,status
1,2018-05-04 20:13:13.289093,,,,,,f,,participant,1,3Q5ZZ9ZEVP8FIBCYEMHEDDVLPQK58K,1:3Q5ZZ9ZEVP8FIBCYEMHEDDVLPQK58K,3XDJY5RK5SESX5HHDIU7GTBBI5KU49,live,2018-05-04 20:17:31.612027,1.8,0,approved
29,2018-05-05 08:15:48.171051,,,,,,f,,participant,29,3RSDURM96BFUT0W92R8BGKP0VZNYEV,29:3RSDURM96BFUT0W92R8BGKP0VZNYEV,3PEG1BH7AEKYF8XEYJ0SIK8JQ7BKBI,live,2018-05-05 08:24:20.472411,1.8,0,approved
2,2018-05-04 20:23:01.47698,,,,,,f,,participant,2,3WJ1OXY92B9COHOF9I8VLOB7H4OA8Y,2:3WJ1OXY92B9COHOF9I8VLOB7H4OA8Y,3Q9SPIIRWJFKRYM3HJJZBKI8VVSWAM,live,2018-05-04 20:27:55.871838,1.8,0,approved
163,2018-05-07 10:19:55.614654,,,,,,f,,participant,163,3483FV8BEFC0F0AN3OIIVSWI0P3263,163:3483FV8BEFC0F0AN3OIIVSWI0P3263,39O6Z4JLX2QJ8MUR2J6H9QASP83XVN,live,2018-05-07 10:23:55.778473,1.8,0,approved
11,2018-05-04 23:52:17.981283,,,,,,f,,participant,11,3SB4CE2TJWO23IPNHQKN1NS08EBXA9,11:3SB4CE2TJWO23IPNHQKN1NS08EBXA9,3ZQX1VYFTDYY31KMTZ8BYZZR25WO81,live,2018-05-04 23:59:00.832746,1.8,0,approved
30,2018-05-05 08:25:06.433349,,,,,,f,,participant,30,3STRJBFXOXK1YEPPO7WF6YAQ0U1TKL,30:3STRJBFXOXK1YEPPO7WF6YAQ0U1TKL,3VEI3XUCZRQM66BJ78RQEGZM23KPR1,live,2018-05-05 08:32:13.963724,1.8,0,approved
3,2018-05-04 20:32:22.808105,,,,,,f,,participant,3,3DUZQ9U6SNHEZP6MYB5WY2PLE8WSVH,3:3DUZQ9U6SNHEZP6MYB5WY2PLE8WSVH,33Q5P9PUSPFCE8O6CKZXGJ2EC0HZCH,live,2018-05-04 20:36:58.212632,1.8,0,approved
31,2018-05-05 08:51:05.024096,,,,,,f,,participant,31,3Z4AIRP3C7669UCNL7RUQMZX4KPX15,31:3Z4AIRP3C7669UCNL7RUQMZX4KPX15,3HA5ODM5KALBC58S890UAIT0AT4SVD,live,2018-05-05 08:59:11.792191,1.8,0,approved
4,2018-05-04 20:38:20.061898,,,,,,f,,participant,4,3GFK2QRXXAAQ8C8GCPXKRTY77XR5W3,4:3GFK2QRXXAAQ8C8GCPXKRTY77XR5W3,3ECKRY5B1QP3RBA64UVJRM09P51ZIJ,live,2018-05-04 20:46:46.578426,1.8,0,approved
23,2018-05-05 07:28:20.614045,,,,,,f,,participant,23,3NLZY2D53QIZQ4FFS3ELGTCI5N5LQ0,23:3NLZY2D53QIZQ4FFS3ELGTCI5N5LQ0,35NNO802AVP9AMWN16KPWZT0FS0NIZ,live,2018-05-05 07:34:46.050888,1.8,0,approved
5,2018-05-04 21:14:36.115826,,,,,,f,,participant,5,31Q0U3WYDQ8CUF6W3UNWWNM92QD71L,5:31Q0U3WYDQ8CUF6W3UNWWNM92QD71L,3T2HW4QDUV0X8H6T8M5Y3V0LXXT9CC,live,2018-05-04 21:21:59.36419,1.8,0,approved
34,2018-05-05 09:16:56.140974,,,,,,f,,participant,34,3J4Q2Z4UTZWF1YREWHLNP4TY3UCQW1,34:3J4Q2Z4UTZWF1YREWHLNP4TY3UCQW1,3K3IX1W4S6KU7PP25X54JQAC2ZXAPF,live,2018-05-05 09:21:40.257968,1.8,0,approved
7,2018-05-04 22:48:50.526506,,,,,,f,,participant,7,3V5Q80FXIYK1IHN5KMKKOPKYPVC322,7:3V5Q80FXIYK1IHN5KMKKOPKYPVC322,3D1UCPY6GG29HCR0A1OJAW1G7EY83O,live,2018-05-04 22:52:40.24144,1.8,0,approved
35,2018-05-05 10:24:06.620143,,,,,,f,,participant,35,3RU7GD8VPPM1U59QCZWXSA03SLWPSW,35:3RU7GD8VPPM1U59QCZWXSA03SLWPSW,31MCUE39BKFOARXITZ0729IEVYIG3L,live,2018-05-05 10:31:57.882408,1.8,0,approved
12,2018-05-05 01:02:07.856923,,,,,,f,,participant,12,3TU5ZICBREU4BXVWYE5HBOQCLNS8QN,12:3TU5ZICBREU4BXVWYE5HBOQCLNS8QN,3BKZLF990ZSG3JOKLGY9MHITALHQYP,live,2018-05-05 01:07:37.917877,1.8,0,approved
36,2018-05-05 11:08:32.275442,,,,,,f,,participant,36,3DYGAII7PM1PHPUDKV7SXAL2AXBQP8,36:3DYGAII7PM1PHPUDKV7SXAL2AXBQP8,386659BNTLAVPK8ISTXLTOG1QXG10C,live,2018-05-05 11:12:18.152157,1.8,0,approved
8,2018-05-04 23:36:21.228486,,,,,,f,,participant,8,37XITHEISX26Z109S5AMI0W070ARC8,8:37XITHEISX26Z109S5AMI0W070ARC8,3DGDV62G7O252MUYSICPD8REQA02PT,live,2018-05-04 23:39:48.743487,1.8,0,approved
37,2018-05-05 11:18:40.32517,,,,,,f,,participant,37,3K2755HG5TWJ131E1653LH0ZPC0FDQ,37:3K2755HG5TWJ131E1653LH0ZPC0FDQ,37J05LC5AXCWJLPGUURMCVW6E3PJDR,live,2018-05-05 11:24:22.095803,1.8,0,approved
9,2018-05-04 23:43:26.773823,,,,,,f,,participant,9,3S3AMIZX3VYCYRH4A4F2DBFWSZKDCP,9:3S3AMIZX3VYCYRH4A4F2DBFWSZKDCP,3ZQA3IO31BKGS101UEZWJPCJOZQO1H,live,2018-05-04 23:48:40.340649,1.8,0,approved
38,2018-05-05 11:58:49.623063,,,,,,f,,participant,38,31N2WW6R9SJLJBZH8HZR88ENYZB3FG,38:31N2WW6R9SJLJBZH8HZR88ENYZB3FG,3VGZ74AYTG9CNRT1MSB8VCM81BWCGG,live,2018-05-05 12:14:26.178269,1.8,0,approved
13,2018-05-05 01:28:27.116788,,,,,,f,,participant,13,3QXNC7EIPJOG1997M8HGWEU5SPD90G,13:3QXNC7EIPJOG1997M8HGWEU5SPD90G,35O6H0UNLS91F8ANFO93EJ8E1LM5JY,live,2018-05-05 01:32:41.276465,1.8,0,approved
19,2018-05-05 05:11:16.183088,,,,,,f,,participant,19,3OF2M9AATHHXKQYOUZLXSMB7LQIKZN,19:3OF2M9AATHHXKQYOUZLXSMB7LQIKZN,3IZVJEBJ6ADNYRF52TMUUJA4GFBZ6W,live,2018-05-05 05:14:05.931401,1.8,0,approved
39,2018-05-05 12:44:43.35881,,,,,,f,,participant,39,3U5JL4WY5L2N1T968PAWOK60G454XV,39:3U5JL4WY5L2N1T968PAWOK60G454XV,379OL9DBSS7ABK7Y4ENN0MS40MK9YV,live,2018-05-05 12:51:10.790083,1.8,0,approved
14,2018-05-05 01:34:19.848351,,,,,,f,,participant,14,3MTMREQS4WBNEIKX7LO1Z4ETZCAWAK,14:3MTMREQS4WBNEIKX7LO1Z4ETZCAWAK,3DW3BNF1GHBTTLTJUBUPTRTZYYU8VO,live,2018-05-05 01:39:01.297913,1.8,0,approved
40,2018-05-05 12:53:21.526774,,,,,,f,,participant,40,34YB12FSQZHSJX3MPJAOMSN5Z5UMGG,40:34YB12FSQZHSJX3MPJAOMSN5Z5UMGG,3ABAOCJ4R8XG92Z62DAYSMVM1CAQM8,live,2018-05-05 12:58:17.148491,1.8,0,approved
15,2018-05-05 02:49:53.059013,,,,,,f,,participant,15,3300DTYQT3ALKY5NBHRH3YMYWQTQE7,15:3300DTYQT3ALKY5NBHRH3YMYWQTQE7,3FJ2RVH25ZZKAZERBTGSRIRZL6J926,live,2018-05-05 02:56:33.877457,1.8,0,approved
17,2018-05-05 04:03:37.703238,,,,,,f,,participant,17,3VNXK88KKDBWUAANP555H7KVMLVV9Z,17:3VNXK88KKDBWUAANP555H7KVMLVV9Z,31YWE12TE05HXWTVKL313CUP3QX7X6,live,2018-05-05 04:06:36.455983,1.8,0,approved
20,2018-05-05 05:32:08.088876,,,,,,f,,participant,20,3UOUJI6MTE7MIR3LNV1E1O4UFHIXU0,20:3UOUJI6MTE7MIR3LNV1E1O4UFHIXU0,3H1C3QRA01CE3DXAGXLKV91WOVEECY,live,2018-05-05 05:35:52.935709,1.8,0,approved
21,2018-05-05 06:38:53.777306,,,,,,f,,participant,21,37Q970SNZF1YDDQORXL7REI5P5L1SZ,21:37Q970SNZF1YDDQORXL7REI5P5L1SZ,3D0LPO3EABSDI7B46365XCNTVL2YOU,live,2018-05-05 06:41:46.601171,1.8,0,approved
22,2018-05-05 06:57:58.290562,,,,,,f,,participant,22,3TDXMTX3CCN4QLOPSR3AI83ZOIZI6M,22:3TDXMTX3CCN4QLOPSR3AI83ZOIZI6M,3VJ4PFXFJ307ZUXYMJ4YTWXBAGOAUA,live,2018-05-05 07:01:26.921982,1.8,0,approved
24,2018-05-05 07:35:39.404987,,,,,,f,,participant,24,3P4MQ7TPPY509PREI8S171LE7TRBBS,24:3P4MQ7TPPY509PREI8S171LE7TRBBS,3Q9SPIIRWJFKRYM3HJJZBKI8VWZWAV,live,2018-05-05 07:39:47.568661,1.8,0,approved
25,2018-05-05 07:40:26.298924,,,,,,f,,participant,25,3G5F9DBFOQQP9GS6NHTXUOIJ5YCVHY,25:3G5F9DBFOQQP9GS6NHTXUOIJ5YCVHY,3LN3BXKGC0OL1PZ63JB976TBTRCGWR,live,2018-05-05 07:47:31.197571,1.8,0,approved
27,2018-05-05 07:58:08.687655,,,,,,f,,participant,27,3R5F3LQFV3DGAHJ3SRDQZ3SG5VWZOQ,27:3R5F3LQFV3DGAHJ3SRDQZ3SG5VWZOQ,3OZ4VAIBEX8ID2P2LFRGIH2DEARJVO,live,2018-05-05 08:03:37.216418,1.8,0,approved
26,2018-05-05 07:48:06.912101,,,,,,f,,participant,26,3NVC2EB65RSRJ2GCD7RFXTL34AX3Y9,26:3NVC2EB65RSRJ2GCD7RFXTL34AX3Y9,3IZVJEBJ6ADNYRF52TMUUJA4GFDZ6Y,live,2018-05-05 07:57:22.491041,1.8,0,approved
28,2018-05-05 08:05:23.513647,,,,,,f,,participant,28,3KRVW3HTZOEV92CDKJ45B668NGIMSU,28:3KRVW3HTZOEV92CDKJ45B668NGIMSU,36U4VBVNQO6ZYBJFOUQKOMMLAKCRUZ,live,2018-05-05 08:12:19.142807,1.8,0,approved
41,2018-05-05 13:21:17.939825,,,,,,f,,participant,41,3LBXNTKX0SOOYZFIPK6N5SHG2WK9XX,41:3LBXNTKX0SOOYZFIPK6N5SHG2WK9XX,3DW3BNF1GHBTTLTJUBUPTRTZYZ08VW,live,2018-05-05 13:27:44.316642,1.8,0,approved
54,2018-05-05 21:37:51.357814,,,,,,f,,participant,54,3R2PKQ87NX16FO9HF7AR740LFJ7MIW,54:3R2PKQ87NX16FO9HF7AR740LFJ7MIW,3ZTE0JGGCEL0F4AZABOG0LVASXTOCL,live,2018-05-05 21:42:08.385384,1.8,0,approved
86,2018-05-06 09:47:33.926534,,,,,,f,,participant,86,3LOTDFNYA8SIA915I1ATD5PKXT9FW5,86:3LOTDFNYA8SIA915I1ATD5PKXT9FW5,3BA7SXOG1JJ10EC2LRPFSU4WDTZ8RF,live,2018-05-06 09:54:01.117032,1.8,0,approved
121,2018-05-06 18:38:26.288596,,,,,,f,,participant,121,354GIDR5ZCZY5FLUMCYN33TCQNN004,121:354GIDR5ZCZY5FLUMCYN33TCQNN004,3FULMHZ7OUQ9KXC84G3LPJUH5KCM46,live,2018-05-06 18:50:03.402537,1.8,0,approved
45,2018-05-05 15:12:27.80771,,,,,,f,,participant,45,3RGU30DZTB12AZTNXPVRJ5FLSYGJMP,45:3RGU30DZTB12AZTNXPVRJ5FLSYGJMP,37VUR2VJ6AIFJC3Y49Q5OPI2ZMFC1I,live,2018-05-05 15:17:57.777307,1.8,0,approved
89,2018-05-06 10:14:12.797822,,,,,,f,,participant,89,3KKG4CDWKJRX0XR8594I8HKIA3G94O,89:3KKG4CDWKJRX0XR8594I8HKIA3G94O,3W0XM68YZPOX2AFMWM73C8VA4VZK1E,live,2018-05-06 10:21:16.250307,1.8,0,approved
65,2018-05-05 23:30:16.917884,,,,,,f,,participant,65,3OJSZ2ATDTPBIX7F4HP8ZDZQF8A750,65:3OJSZ2ATDTPBIX7F4HP8ZDZQF8A750,301KG0KX9CEDP5WA954K4ZPN4K42H4,live,2018-05-06 00:02:37.567251,,,abandoned
68,2018-05-06 01:05:50.05138,,,,,,f,,participant,68,32VNZTT0A8X34XNUZQ44Z2KCGOCR4H,68:32VNZTT0A8X34XNUZQ44Z2KCGOCR4H,3SR6AEG6W5M3QQPH2QBFD3QSJZZYHH,live,2018-05-06 01:10:13.277148,,,returned
124,2018-05-06 21:17:36.125998,,,,,,f,,participant,124,3OXV7EAXLFJP0I667OWNE21A62336D,124:3OXV7EAXLFJP0I667OWNE21A62336D,324N5FAHSX4DOMVK30RSJW2QTZGKVD,live,2018-05-06 21:25:36.912655,1.8,0,approved
82,2018-05-06 08:48:47.747095,,,,,,f,,participant,82,3UNH76FOCTYS5OOMJPWUTSU952LMYI,82:3UNH76FOCTYS5OOMJPWUTSU952LMYI,3QO7EE372OGKQBV9BOKPE6KSPDHQBU,live,2018-05-06 08:54:55.46039,1.8,0,approved
92,2018-05-06 10:55:10.153276,,,,,,f,,participant,92,39LNWE0K4VPPSWEQO91DYEHFS6RIU3,92:39LNWE0K4VPPSWEQO91DYEHFS6RIU3,3WPCIUYH1A1QXOLL6O5QE1JFC5TDT3,live,2018-05-06 10:58:52.672402,1.8,0,approved
71,2018-05-06 05:03:51.702987,,,,,,f,,participant,71,3WZ36BJEV4905BLVIUJM7VR0E1XBTR,71:3WZ36BJEV4905BLVIUJM7VR0E1XBTR,3XBYQ44Z6PXP6ULCNJAG6P80JLVWTR,live,2018-05-06 05:08:43.329032,1.8,0,approved
142,2018-05-07 05:09:36.541071,,,,,,f,,participant,142,3NLZY2D53QIZQ4FFS3ELGTCI6QVQL2,142:3NLZY2D53QIZQ4FFS3ELGTCI6QVQL2,3WRAAIUSBJSZGYRTROFLD3WF4Y0AXX,live,2018-05-07 05:10:35.059783,,,returned
74,2018-05-06 07:12:01.931435,,,,,,f,,participant,74,3OWEPKL08A5F8MDL8HLUTUZC6TLN7H,74:3OWEPKL08A5F8MDL8HLUTUZC6TLN7H,3ACRLU860N7VT8542XPPKPVE6ATBE3,live,2018-05-06 07:19:22.058334,1.8,0,approved
128,2018-05-06 22:03:06.414394,,,,,,f,,participant,128,3ITXP059PXC58U6SHMRDVEERKOOSJ2,128:3ITXP059PXC58U6SHMRDVEERKOOSJ2,302OLP89DZ0BD0GY0SJYZQB53G7ACQ,live,2018-05-06 22:08:22.803132,1.8,0,approved
102,2018-05-06 14:13:43.071257,,,,,,f,,participant,102,37Q970SNZF1YDDQORXL7REI5Q7Z1SI,102:37Q970SNZF1YDDQORXL7REI5Q7Z1SI,3FCO4VKOZ468RW2EPGD9FN9INK57EG,live,2018-05-06 14:17:20.456733,1.8,0,approved
77,2018-05-06 07:42:24.796248,,,,,,f,,participant,77,3OB0CAO74II6DANBSSGH1NMDOGLYHK,77:3OB0CAO74II6DANBSSGH1NMDOGLYHK,3YLPJ8OXX86KE9BCIN5U00AFCOMX4R,live,2018-05-06 07:49:49.097935,1.8,0,approved
117,2018-05-06 17:40:46.240311,,,,,,f,,participant,117,3SLE99ER0O6WRNUUOM84TJSHZYZBZP,117:3SLE99ER0O6WRNUUOM84TJSHZYZBZP,3PKVGQTFIHDGFK3KYVN9R7SY686YRN,live,2018-05-06 17:48:16.207307,1.8,0,approved
79,2018-05-06 07:59:23.384428,,,,,,f,,participant,79,3R3YRB5GRGWAMEVSCL90HGTWFXLAUO,79:3R3YRB5GRGWAMEVSCL90HGTWFXLAUO,3S8APUMBJXCNZM50X89V27GEIB8FBP,live,2018-05-06 08:04:58.58119,1.8,0,approved
110,2018-05-06 15:39:56.482003,,,,,,f,,participant,110,3PDJHANYK694UQD5M9LPIW2KP71H6E,110:3PDJHANYK694UQD5M9LPIW2KP71H6E,3CO05SML7VYJIP7ZQNC0ZFYEUVR0RO,live,2018-05-06 15:54:51.486472,1.8,0,approved
131,2018-05-06 23:50:08.288884,,,,,,f,,participant,131,38YMOXR4MVSMRG8UH87PJZC74V3W6I,131:38YMOXR4MVSMRG8UH87PJZC74V3W6I,302OLP89DZ0BD0GY0SJYZQB53G7CAS,live,2018-05-06 23:56:52.219182,1.8,0,approved
114,2018-05-06 16:44:05.783646,,,,,,f,,participant,114,3CN4LGXD5YHC1YZGDLWY7YD9JCBY4C,114:3CN4LGXD5YHC1YZGDLWY7YD9JCBY4C,373L46LKP7Z4XRVQMBD9G8RWYC3KJM,live,2018-05-06 16:55:44.030337,,,returned
81,2018-05-06 08:26:25.903999,,,,,,f,,participant,81,3JV9LGBJWU7GJ0OY2ZP1EWCAV6AGOT,81:3JV9LGBJWU7GJ0OY2ZP1EWCAV6AGOT,3JTPR5MTZS5WQSG5X99FFY8RGB3K5V,live,2018-05-06 08:39:22.180697,1.8,0,approved
132,2018-05-06 23:57:30.056083,,,,,,f,,participant,132,3Z7ISHFUH1ODPPWNLAOU2H2GRSXZ8X,132:3Z7ISHFUH1ODPPWNLAOU2H2GRSXZ8X,3V8JSVE8YYJR6GYFCP39S0TFRJOEYY,live,2018-05-07 00:02:19.090201,1.8,0,approved
118,2018-05-06 17:50:06.73484,,,,,,f,,participant,118,31QTRG6Q2U6YQRLZB5OMAWO4A8BYP7,118:31QTRG6Q2U6YQRLZB5OMAWO4A8BYP7,3RTFSSG7T8Z1NHD7EA8PKYYJP8HWLW,live,2018-05-06 17:55:08.149723,1.8,0,approved
133,2018-05-07 00:07:30.016336,,,,,,f,,participant,133,3ON104KXQLP8CT4GYKEAM1ST84Y4W6,133:3ON104KXQLP8CT4GYKEAM1ST84Y4W6,3566S7OX5DC97V82DSIU83QOYBB171,live,2018-05-07 00:17:22.743363,1.8,0,approved
137,2018-05-07 04:33:05.99343,,,,,,f,,participant,137,3R2PKQ87NX16FO9HF7AR740LFL0IMP,137:3R2PKQ87NX16FO9HF7AR740LFL0IMP,33Q5P9PUSPFCE8O6CKZXGJ2EC1GCZV,live,2018-05-07 04:33:35.153804,,,returned
143,2018-05-07 05:18:38.052303,,,,,,f,,participant,143,3M0NZ3JDP2RU27DLNCHRQXSPP3H5ZO,143:3M0NZ3JDP2RU27DLNCHRQXSPP3H5ZO,3WRAAIUSBJSZGYRTROFLD3WF4Y0AXX,live,2018-05-07 05:25:16.905091,1.8,0,approved
147,2018-05-07 06:24:45.690918,,,,,,f,,participant,147,3E47SOBEYRPT62XQ2IGD48V9L75ICG,147:3E47SOBEYRPT62XQ2IGD48V9L75ICG,39WICJI5ATLO18SNJROWNGYK6O6Z3N,live,2018-05-07 06:28:18.725063,1.8,0,approved
149,2018-05-07 06:51:29.947455,,,,,,f,,participant,149,3DBQWDE4Y7R0LIZ2KO6XVALGFPEN5U,149:3DBQWDE4Y7R0LIZ2KO6XVALGFPEN5U,3G9UA71JVVNG2CO63HO0C3MASSG7JG,live,2018-05-07 07:01:03.389519,1.8,0,approved
151,2018-05-07 07:18:19.358125,,,,,,f,,participant,151,3NGI5ARFTUY10LAWZGHDW9DU3OB1PN,151:3NGI5ARFTUY10LAWZGHDW9DU3OB1PN,3FSEU3P2NRT7IJRYK0VFJBZ13L4RRR,live,2018-05-07 07:24:06.084262,1.8,0,approved
153,2018-05-07 08:09:53.485693,,,,,,f,,participant,153,3EWIJTFFVP0XW50OUJX2OSVGKP4E0D,153:3EWIJTFFVP0XW50OUJX2OSVGKP4E0D,3V8JSVE8YYJR6GYFCP39S0TFRJTYEN,live,2018-05-07 08:17:03.167775,1.8,0,approved
157,2018-05-07 09:18:27.076609,,,,,,f,,participant,157,3ZAZR5XV02BF1SM02M4Z43YZHKBZCY,157:3ZAZR5XV02BF1SM02M4Z43YZHKBZCY,3OB6JN3A9QIGL3E6FSZYXC5RXY6MRZ,live,2018-05-07 09:24:55.649677,1.8,0,approved
158,2018-05-07 09:29:10.200703,,,,,,f,,participant,158,3AMYWKA6YCFEM7ZSQMGF25ZL1UY6OC,158:3AMYWKA6YCFEM7ZSQMGF25ZL1UY6OC,3N5YJ55YXGWU44DPPISCF15H2KSNAS,live,2018-05-07 09:37:20.789321,1.8,0,approved
56,2018-05-05 21:55:24.824087,,,,,,f,,participant,56,3DQQ64TANHEU1MQZW46YPZ3OZZGWP9,56:3DQQ64TANHEU1MQZW46YPZ3OZZGWP9,3MDWE879UHVEYCENUM93SBU3FD8B9O,live,2018-05-05 21:56:40.262473,,,replaced
42,2018-05-05 13:46:16.65051,,,,,,f,,participant,42,3BWI6RSP7H2BEG08FIIB3753S1ME7L,42:3BWI6RSP7H2BEG08FIIB3753S1ME7L,3S8APUMBJXCNZM50X89V27GEIBXFBE,live,2018-05-05 13:52:07.877444,1.8,0,approved
159,2018-05-07 09:38:04.863634,,,,,,f,,participant,159,32SVAV9L3G2QNKI9X1DZU73W2MSA3B,159:32SVAV9L3G2QNKI9X1DZU73W2MSA3B,3KG2UQJ0MJHMRKK6EEPY51KM62ENQZ,live,2018-05-07 09:46:31.993266,1.8,0,approved
160,2018-05-07 09:53:37.881091,,,,,,f,,participant,160,3A4NIXBJ77S85PHN0A74ZKSDWP8LMK,160:3A4NIXBJ77S85PHN0A74ZKSDWP8LMK,3TC2K6WK9GVKWUVH61AERMWO12282L,live,2018-05-07 09:55:55.599844,1.8,0,approved
87,2018-05-06 09:57:08.952203,,,,,,f,,participant,87,3JRJSWSMQIETDXZLD6FLQQTNN003E7,87:3JRJSWSMQIETDXZLD6FLQQTNN003E7,30OITAWPBQWOPPH9UEJZEMX1AQJH9G,live,2018-05-06 10:02:28.258105,1.8,0,approved
43,2018-05-05 14:42:44.420711,,,,,,f,,participant,43,3G0WWMR1UWDPE4I04GU0TLG7BJHNQJ,43:3G0WWMR1UWDPE4I04GU0TLG7BJHNQJ,30EMX9PEVKCXWUEG95MN89IJUV0KSM,live,2018-05-05 14:50:28.536278,1.8,0,approved
122,2018-05-06 19:11:42.112251,,,,,,f,,participant,122,37Q970SNZF1YDDQORXL7REI5Q7CS1M,122:37Q970SNZF1YDDQORXL7REI5Q7CS1M,33N1S8XHHMESR5E8WNADZNJN84KZ1N,live,2018-05-06 19:16:50.847925,1.8,0,approved
66,2018-05-06 00:07:36.636191,,,,,,f,,participant,66,3ZPBJO59KQU3FZSKWWT3O2CC6S6HDM,66:3ZPBJO59KQU3FZSKWWT3O2CC6S6HDM,301KG0KX9CEDP5WA954K4ZPN4K42H4,live,2018-05-06 00:16:17.506194,1.8,0,approved
161,2018-05-07 09:57:22.883154,,,,,,f,,participant,161,34YB12FSQZHSJX3MPJAOMSN508MMGF,161:34YB12FSQZHSJX3MPJAOMSN508MMGF,3O71U79SRBISMIEJUHZ3NMANJ0PSMT,live,2018-05-07 10:07:55.873217,1.8,0,approved
90,2018-05-06 10:30:19.161998,,,,,,f,,participant,90,35GCEFQ6I6HROSQH9TTYB0U5B693ZD,90:35GCEFQ6I6HROSQH9TTYB0U5B693ZD,3YGYP136412M3LZ6RTEYARUR2OYNRI,live,2018-05-06 10:36:11.894872,1.8,0,approved
69,2018-05-06 01:16:45.748234,,,,,,f,,participant,69,3LKC68YZ3BWCGMEYH4TJ0ZYYPUTOWT,69:3LKC68YZ3BWCGMEYH4TJ0ZYYPUTOWT,3SR6AEG6W5M3QQPH2QBFD3QSJZZYHH,live,2018-05-06 01:29:46.810192,1.8,0,approved
125,2018-05-06 21:25:57.41094,,,,,,f,,participant,125,3XUHV3NRVLR8BMDRHQBKQQOKTCC5H8,125:3XUHV3NRVLR8BMDRHQBKQQOKTCC5H8,33IXYHIZB5B15V58J4WEJWSAC4S2E4,live,2018-05-06 21:33:35.452453,1.8,0,approved
162,2018-05-07 10:09:05.44735,,,,,,f,,participant,162,3LEIZ60CDKSD3UFXQ2U82DXRBZ9Z9I,162:3LEIZ60CDKSD3UFXQ2U82DXRBZ9Z9I,3OREP8RUT24TDM1V8SFDKSGQJRSBG6,live,2018-05-07 10:14:19.285136,1.8,0,approved
93,2018-05-06 11:00:08.515537,,,,,,f,,participant,93,34Q075JO1Y6YC46CIV2NH8CMVFD10S,93:34Q075JO1Y6YC46CIV2NH8CMVFD10S,3NBFJK3IOHBDWGQ4CXKZQCGPQPSGOU,live,2018-05-06 11:03:49.42826,1.8,0,approved
72,2018-05-06 05:27:21.072665,,,,,,f,,participant,72,32Q90QCQ1TEZ9V7SYC7K7CAPYLJEKO,72:32Q90QCQ1TEZ9V7SYC7K7CAPYLJEKO,3T2HW4QDUV0X8H6T8M5Y3V0LXYC9CX,live,2018-05-06 05:36:37.533342,1.8,0,approved
136,2018-05-07 01:18:39.139914,,,,,,f,,participant,136,3570Y55XZQCSDES08MYZGNAC9H8GY5,136:3570Y55XZQCSDES08MYZGNAC9H8GY5,3MZ3TAMYTLGUPKOFUD165JYAGPGRII,live,2018-05-07 01:28:12.577742,1.8,0,approved
112,2018-05-06 16:00:24.926322,,,,,,f,,participant,112,3QHK8ZVMINBCMYDQ9LHVL4HJKPMLBB,112:3QHK8ZVMINBCMYDQ9LHVL4HJKPMLBB,3MDWE879UHVEYCENUM93SBU3FDI9BW,live,2018-05-06 16:05:58.407961,1.8,0,approved
129,2018-05-06 22:13:45.463983,,,,,,f,,participant,129,3CPLWGV3MPSJM51ENEJE7QQI1K59ND,129:3CPLWGV3MPSJM51ENEJE7QQI1K59ND,3ZTE0JGGCEL0F4AZABOG0LVASXBOC3,live,2018-05-06 22:20:36.376381,1.8,0,approved
78,2018-05-06 07:50:48.280444,,,,,,f,,participant,78,3PWWM24LHTRNJETBW3FGF6S96I182Z,78:3PWWM24LHTRNJETBW3FGF6S96I182Z,351S7I5UG9P55XGTJO5P8080S73JNL,live,2018-05-06 07:54:38.062353,1.8,0,approved
99,2018-05-06 13:40:24.346538,,,,,,f,,participant,99,3907X2AHF1Y8P6SSIKHR1SNZVT5P26,99:3907X2AHF1Y8P6SSIKHR1SNZVT5P26,30UZJB2POH5QUU8YC3HGYCRP5PK356,live,2018-05-06 13:46:16.872046,1.8,0,approved
83,2018-05-06 08:55:48.187426,,,,,,f,,participant,83,35L9RVQFCPBPW136IRJSY2G0SSBUHJ,83:35L9RVQFCPBPW136IRJSY2G0SSBUHJ,3QGHA0EA0JTPA8RVNXJV6V2EDEYWB4,live,2018-05-06 09:02:23.417081,1.8,0,approved
103,2018-05-06 14:55:17.088694,,,,,,f,,participant,103,3PQ8K71NHYDQ75HU6GS9HFH28VYAAJ,103:3PQ8K71NHYDQ75HU6GS9HFH28VYAAJ,3JMNNNO3B1XVMVRZ44QK52ZAJ8O2WB,live,2018-05-06 15:00:18.669682,1.8,0,approved
134,2018-05-07 00:30:13.373611,,,,,,f,,participant,134,3DOCMVPBTO74B758OO2JPRL269PNNT,134:3DOCMVPBTO74B758OO2JPRL269PNNT,307FVKVSYR8QZU5L0A1W61XRAVL47H,live,2018-05-07 00:37:23.047101,1.8,0,approved
84,2018-05-06 09:05:03.843358,,,,,,f,,participant,84,3I33IC7ZWGV122MQT1ZUBXY4W61A25,84:3I33IC7ZWGV122MQT1ZUBXY4W61A25,35F6NGNVM8CAGFKBFB24E99JQUPT7P,live,2018-05-06 09:12:58.412051,1.8,0,approved
107,2018-05-06 15:16:15.733561,,,,,,f,,participant,107,3URFVVM166BBNM30ODPZY9K5OJYZUM,107:3URFVVM166BBNM30ODPZY9K5OJYZUM,3HKIF5DF6YQAPTMYA81HTML0VQ9G9J,live,2018-05-06 15:26:20.035416,1.8,0,approved
119,2018-05-06 17:59:39.394086,,,,,,f,,participant,119,3FTF2T8WLSB99ZASFFA13939UWU9WP,119:3FTF2T8WLSB99ZASFFA13939UWU9WP,3RHLQY6EDTX6G36VRN4I6T7NW6KD4F,live,2018-05-06 18:23:47.242649,,,replaced
138,2018-05-07 04:37:24.581047,,,,,,f,,participant,138,39GHHAVOMGKM694HRLVVXBYL6954JT,138:39GHHAVOMGKM694HRLVVXBYL6954JT,33Q5P9PUSPFCE8O6CKZXGJ2EC1GCZV,live,2018-05-07 04:43:02.324693,1.8,0,approved
139,2018-05-07 04:44:56.241653,,,,,,f,,participant,139,3IAS3U3I0G96LCRIZFZQ68IAEQ1B2K,139:3IAS3U3I0G96LCRIZFZQ68IAEQ1B2K,3ABAOCJ4R8XG92Z62DAYSMVM1C1QMZ,live,2018-05-07 04:51:55.225163,1.8,0,approved
140,2018-05-07 04:52:33.952977,,,,,,f,,participant,140,3U0SRXB7CEYPQ5X0HVJ0YBQC77VNR0,140:3U0SRXB7CEYPQ5X0HVJ0YBQC77VNR0,30UZJB2POH5QUU8YC3HGYCRP5PY53M,live,2018-05-07 04:57:49.710898,1.8,0,approved
148,2018-05-07 06:35:17.650679,,,,,,f,,participant,148,3FK0YFF9P09URHNQS6A19P9SEGHVVP,148:3FK0YFF9P09URHNQS6A19P9SEGHVVP,33KMQD9OFJ7NIHN428Z39DH11XG779,live,2018-05-07 06:45:14.640407,1.8,0,approved
145,2018-05-07 06:09:04.168007,,,,,,f,,participant,145,32N49TQG3HBAZTKSHBJ5D2VFT6EVAM,145:32N49TQG3HBAZTKSHBJ5D2VFT6EVAM,39KMGHJ4RZ3VIVN0WATLFJXRL54002,live,2018-05-07 06:21:54.083104,1.8,0,approved
152,2018-05-07 07:26:56.872028,,,,,,f,,participant,152,3LQ8PUHQFMLKNA86OAUEFZSPYZCHIQ,152:3LQ8PUHQFMLKNA86OAUEFZSPYZCHIQ,372AGES0I4YRFFDATZ178TLP42PXRT,live,2018-05-07 07:44:26.182101,1.8,0,approved
155,2018-05-07 08:47:17.663302,,,,,,f,,participant,155,39DD6S19JQ4UYQ6EYDAUURY22WNZEQ,155:39DD6S19JQ4UYQ6EYDAUURY22WNZEQ,3SD15I2WD2NMDY8CHMRLQI5P1KB362,live,2018-05-07 08:56:03.72751,1.8,0,approved
156,2018-05-07 09:00:55.79763,,,,,,f,,participant,156,39PAAFCODNTFEPJ1NBAM87L7HV5VTD,156:39PAAFCODNTFEPJ1NBAM87L7HV5VTD,3E6L1VR4XWFHTAO51HSNRRUM4AG6FE,live,2018-05-07 09:16:41.312305,1.8,0,approved
53,2018-05-05 21:25:48.255047,,,,,,f,,participant,53,3NJM2BJS4XZLNOKUFD6XD5WL7JYCPG,53:3NJM2BJS4XZLNOKUFD6XD5WL7JYCPG,3QTFNPMJC6BV5CLX1A8BWUWQB5ANZ4,live,2018-05-05 21:35:10.109007,1.8,0,approved
44,2018-05-05 14:59:51.82645,,,,,,f,,participant,44,3PIWWX1FJKZC9RN2USIZ3DN4O4KJJK,44:3PIWWX1FJKZC9RN2USIZ3DN4O4KJJK,30OITAWPBQWOPPH9UEJZEMX1AQ89HX,live,2018-05-05 15:07:33.593325,1.8,0,approved
88,2018-05-06 10:05:24.410322,,,,,,f,,participant,88,37FMASSAYDKAWX5KOIKITOPR3LKBIF,88:37FMASSAYDKAWX5KOIKITOPR3LKBIF,3OZ4VAIBEX8ID2P2LFRGIH2DEA6JV3,live,2018-05-06 10:13:35.991391,1.8,0,approved
46,2018-05-05 15:18:52.00289,,,,,,f,,participant,46,37UQDCYH6YOSGRMUA87L3BTPSWT7VO,46:37UQDCYH6YOSGRMUA87L3BTPSWT7VO,3SR6AEG6W5M3QQPH2QBFD3QSJZTHYU,live,2018-05-05 15:23:57.754007,1.8,0,approved
123,2018-05-06 20:27:45.458194,,,,,,f,,participant,123,3KJYX6QCMA4L0MNWBHWI61YYJSBVJ3,123:3KJYX6QCMA4L0MNWBHWI61YYJSBVJ3,3DWGDA5POFXBIL9YVQLAEH6RKTF1VQ,live,2018-05-06 20:35:14.882334,1.8,0,approved
63,2018-05-05 22:52:33.834278,,,,,,f,,participant,63,3DQQ64TANHEU1MQZW46YPZ3OZZGWP9,63:3DQQ64TANHEU1MQZW46YPZ3OZZGWP9,3MDWE879UHVEYCENUM93SBU3FD8B9O,live,2018-05-05 23:01:12.88654,1.8,0,approved
47,2018-05-05 16:11:38.458118,,,,,,f,,participant,47,3FDJT1UU751ZDCEZNBEH3I4CLSU5KO,47:3FDJT1UU751ZDCEZNBEH3I4CLSU5KO,30QQTY5GMKDPGSZ0FGSEJ5VL98MU77,live,2018-05-05 16:17:11.140667,1.8,0,approved
91,2018-05-06 10:39:59.271682,,,,,,f,,participant,91,336YQZE83W7U30E28NRXIVWGAYIM55,91:336YQZE83W7U30E28NRXIVWGAYIM55,3TRB893CSJ36BAY5VB3XFQUU00IG74,live,2018-05-06 10:54:30.162719,1.8,0,approved
126,2018-05-06 21:37:33.191737,,,,,,f,,participant,126,3R8YZBNQ9IB0BJQDO9DBXOUHB537QL,126:3R8YZBNQ9IB0BJQDO9DBXOUHB537QL,3TZDZ3Y0JSZDLEWVSPGEMZHUT1Y19C,live,2018-05-06 21:45:28.316348,1.8,0,approved
48,2018-05-05 16:38:01.309239,,,,,,f,,participant,48,3HQUKB7LNG7KRFXMISCTFNRAYKHHHD,48:3HQUKB7LNG7KRFXMISCTFNRAYKHHHD,304QEQWKZPDGLCFJYVVW5KT9J8T0O1,live,2018-05-05 16:43:16.069805,1.8,0,approved
67,2018-05-06 00:23:05.958544,,,,,,f,,participant,67,3EWIJTFFVP0XW50OUJX2OSVGKN60EX,67:3EWIJTFFVP0XW50OUJX2OSVGKN60EX,3S1L4CQSFXYIGC08RU9Z7WW80TJFAQ,live,2018-05-06 00:29:18.985933,1.8,0,approved
101,2018-05-06 13:48:37.111887,,,,,,f,,participant,101,31QTRG6Q2U6YQRLZB5OMAWO4A80YPW,101:31QTRG6Q2U6YQRLZB5OMAWO4A80YPW,3CZH926SIC7B89KVNIF2CBP8WIF4ET,live,2018-05-06 13:52:18.634256,1.8,0,approved
80,2018-05-06 08:06:16.393685,,,,,,f,,participant,80,32SCWG5HIIXW77BT5MTUR54BBX36PY,80:32SCWG5HIIXW77BT5MTUR54BBX36PY,3CRWSLD91KXDOQMQN0IU3H0MMB3MO7,live,2018-05-06 08:12:19.433884,1.8,0,approved
49,2018-05-05 20:18:22.294876,,,,,,f,,participant,49,33LKR6A5KFDZSD33GXQX1JERSPQ1TI,49:33LKR6A5KFDZSD33GXQX1JERSPQ1TI,3FI30CQHVKCRGTCPWF6R8131PCWB69,live,2018-05-05 20:23:53.011519,1.8,0,approved
70,2018-05-06 02:53:49.615328,,,,,,f,,participant,70,3L2IS5HSFBBH6XPHLPE53MDWE4FUNN,70:3L2IS5HSFBBH6XPHLPE53MDWE4FUNN,39TX062QX1HZWDS8I90BQVI9YOOX34,live,2018-05-06 03:00:23.8839,1.8,0,approved
94,2018-05-06 11:04:29.491496,,,,,,f,,participant,94,3M0NZ3JDP2RU27DLNCHRQXSPP20Z5Z,94:3M0NZ3JDP2RU27DLNCHRQXSPP20Z5Z,3421H3BM9AAKGVCZIEMKQZDGNINJ9N,live,2018-05-06 11:08:29.994177,1.8,0,approved
50,2018-05-05 20:58:24.960747,,,,,,f,,participant,50,384PI804XTUY6O56VEH7D9ZVLE70SQ,50:384PI804XTUY6O56VEH7D9ZVLE70SQ,3OJX0UFJ0Z0TUBNTUDQYX1MR4YE9U2,live,2018-05-05 21:05:09.902178,1.8,0,approved
130,2018-05-06 22:36:24.760755,,,,,,f,,participant,130,3OHYZ19UGDYF99BVGZXRIA17XCSAO8,130:3OHYZ19UGDYF99BVGZXRIA17XCSAO8,3Z56AA6EK4TNZKGMN4W0MHEV1BLM6U,live,2018-05-06 22:45:52.157222,1.8,0,approved
73,2018-05-06 06:47:41.298268,,,,,,f,,participant,73,3K3R2QNK8CWWHVLNKFV0LLIC9F29U7,73:3K3R2QNK8CWWHVLNKFV0LLIC9F29U7,3VO4XFFP15FXOZSJY78994YW6NP7QO,live,2018-05-06 06:51:42.242086,1.8,0,approved
51,2018-05-05 21:06:32.716837,,,,,,f,,participant,51,3634BBTX0PN09EH0TK6ECEGCIIUIFK,51:3634BBTX0PN09EH0TK6ECEGCIIUIFK,3G5RUKN2ECWGZL3KXCECJ6UXW2LN9O,live,2018-05-05 21:13:42.322384,1.8,0,approved
135,2018-05-07 00:39:20.251255,,,,,,f,,participant,135,3EFVCAY5L42NPARJ3OL8ENEQ8ULJ8X,135:3EFVCAY5L42NPARJ3OL8ENEQ8ULJ8X,3TX9T2ZCB9ULS6UBTBZYSD9H4HXWZN,live,2018-05-07 00:47:09.202314,1.8,0,approved
95,2018-05-06 13:11:34.232355,,,,,,f,,participant,95,3U5JL4WY5L2N1T968PAWOK60H69X4X,95:3U5JL4WY5L2N1T968PAWOK60H69X4X,3087LXLJ6M9MFZ2QZSC6IQKVR7D0FQ,live,2018-05-06 13:16:17.659422,1.8,0,approved
52,2018-05-05 21:16:58.666125,,,,,,f,,participant,52,3MMN5BL1W0XRPLRYU4343YYWW1A3MD,52:3MMN5BL1W0XRPLRYU4343YYWW1A3MD,362E9TQF2HJ30UF1E27U6FK3EGMIGU,live,2018-05-05 21:25:16.478599,1.8,0,approved
141,2018-05-07 05:03:02.94828,,,,,,f,,participant,141,3TVSS0C0E2TSTEJ6DLFIU94LO4XTWB,141:3TVSS0C0E2TSTEJ6DLFIU94LO4XTWB,3MZ3TAMYTLGUPKOFUD165JYAGPKIRD,live,2018-05-07 05:07:51.08625,1.8,0,approved
76,2018-05-06 07:32:20.290897,,,,,,f,,participant,76,3QECW5O0KIUYGV4MHKS949R845CT59,76:3QECW5O0KIUYGV4MHKS949R845CT59,31MBOZ6PAOKS9J72XJ8O84RGXSUCLY,live,2018-05-06 07:37:57.894283,1.8,0,approved
85,2018-05-06 09:14:00.417006,,,,,,f,,participant,85,3JNQLM5FT5FIYLDUQSOKKBEFQI0L2Y,85:3JNQLM5FT5FIYLDUQSOKKBEFQI0L2Y,32CAVSKPCEIB56KYQ0B5IV486MX1US,live,2018-05-06 09:25:49.690692,1.8,0,approved
105,2018-05-06 15:05:04.363642,,,,,,f,,participant,105,3EA3QWIZ4JOASJZ1O4B3TIVD9SPTIS,105:3EA3QWIZ4JOASJZ1O4B3TIVD9SPTIS,3GVPRXWRPHNK7140LZ30027AFDDI71,live,2018-05-06 15:11:01.332093,1.8,0,approved
109,2018-05-06 15:30:57.173052,,,,,,f,,participant,109,3ZPPDN2SLWPFSZO1UFGVH3W9NSH9E1,109:3ZPPDN2SLWPFSZO1UFGVH3W9NSH9E1,3RTFSSG7T8Z1NHD7EA8PKYYJP8GLWK,live,2018-05-06 15:35:55.745208,1.8,0,approved
144,2018-05-07 05:28:03.902607,,,,,,f,,participant,144,3ND9UOO81LV4A1B14CDR8IU4URDLW2,144:3ND9UOO81LV4A1B14CDR8IU4URDLW2,39KMGHJ4RZ3VIVN0WATLFJXRL54002,live,2018-05-07 05:33:32.52765,,,returned
108,2018-05-06 15:26:47.789889,,,,,,f,,participant,108,3OVHNO1VE7UP6KSE2IZAO9GH2J4DZR,108:3OVHNO1VE7UP6KSE2IZAO9GH2J4DZR,3HYV4299H0PCRA7XZL5FTN5DY4CE8B,live,2018-05-06 15:30:18.849085,1.8,0,approved
150,2018-05-07 07:01:28.140238,,,,,,f,,participant,150,32KTQ2V7RE8D4NGEBD4EUB1IWVNM9K,150:32KTQ2V7RE8D4NGEBD4EUB1IWVNM9K,3BDORL6HKK63CH2F235KUG0F3K1RCL,live,2018-05-07 07:09:56.18225,1.8,0,approved
113,2018-05-06 16:33:29.886203,,,,,,f,,participant,113,31Q0U3WYDQ8CUF6W3UNWWNM93TR716,113:31Q0U3WYDQ8CUF6W3UNWWNM93TR716,3S37Y8CWI8T5P96M8I98YHW83MM4WB,live,2018-05-06 16:39:10.900258,1.8,0,approved
116,2018-05-06 17:16:15.308431,,,,,,f,,participant,116,38F71OA9GUPM5X7REZ4647NTZS8FMT,116:38F71OA9GUPM5X7REZ4647NTZS8FMT,373L46LKP7Z4XRVQMBD9G8RWYC3KJM,live,2018-05-06 17:20:52.951416,1.8,0,approved
120,2018-05-06 18:23:43.854286,,,,,,f,,participant,120,3FTF2T8WLSB99ZASFFA13939UWU9WP,120:3FTF2T8WLSB99ZASFFA13939UWU9WP,3RHLQY6EDTX6G36VRN4I6T7NW6KD4F,live,2018-05-06 18:32:02.101394,1.8,0,approved
248,2018-05-09 10:34:07.453123,,,,,,f,,participant,248,3H7XDTSHKDKOO9X0TLGBVQPWYL1WG3,248:3H7XDTSHKDKOO9X0TLGBVQPWYL1WG3,32FESTC2NHJVS9UW6X0PZRNZAN1CUE,live,2018-05-09 10:41:40.655227,1.8,0,approved
164,2018-05-07 10:39:33.478676,,,,,,f,,participant,164,3AAPLD8UCDAAWOOHIMTIT6UY9GWHTB,164:3AAPLD8UCDAAWOOHIMTIT6UY9GWHTB,3L55D8AUFAQC9IE1GYXE2CTC67HYCV,live,2018-05-07 10:47:24.691578,1.8,0,approved
199,2018-05-08 07:18:36.274935,,,,,,f,,participant,199,388U7OUMF8UM595TGPH2NZUZZIIR0Z,199:388U7OUMF8UM595TGPH2NZUZZIIR0Z,35YHTYFL1GW280362P0V3JALL4YFV7,live,2018-05-08 07:27:32.128986,1.8,0,approved
165,2018-05-07 11:09:21.23629,,,,,,f,,participant,165,3LO69W1SU468DFL1P799MF8G03XLGD,165:3LO69W1SU468DFL1P799MF8G03XLGD,30EV7DWJTVONT15067KBGC12AM76YE,live,2018-05-07 11:14:10.51614,1.8,0,approved
201,2018-05-08 09:18:30.761264,,,,,,f,,participant,201,3R2UR8A0IB9R5MJOR9P52IC5Y2OXOW,201:3R2UR8A0IB9R5MJOR9P52IC5Y2OXOW,37NXA7GVSTZO8SD2O03TYWF5I0LVLT,live,2018-05-08 09:22:28.092793,1.8,0,approved
166,2018-05-07 11:21:32.179831,,,,,,f,,participant,166,351SEKWQS1AP7DTVNT9GG7K8NGBDM1,166:351SEKWQS1AP7DTVNT9GG7K8NGBDM1,36U4VBVNQO6ZYBJFOUQKOMMLALBRU0,live,2018-05-07 11:26:16.795955,1.8,0,approved
203,2018-05-08 09:38:45.55385,,,,,,f,,participant,203,3RJSC4XJ11NX0M7VJI4ZKYP3701052,203:3RJSC4XJ11NX0M7VJI4ZKYP3701052,3GS542CVJVGC9WXETCIQPPUB5I4955,live,2018-05-08 09:49:22.659545,1.8,0,approved
174,2018-05-07 17:35:19.543225,,,,,,f,,participant,174,3JZQSN0I3R3MDNB53W6BR23W38CGF6,174:3JZQSN0I3R3MDNB53W6BR23W38CGF6,3T5ZXGO9DEHG89YPH20S0ORVGHSQZR,live,2018-05-07 17:41:47.181883,1.8,0,approved
167,2018-05-07 11:37:45.793953,,,,,,f,,participant,167,3DZQRBDBSM8UNG43E1ZQF7X2OS5S3V,167:3DZQRBDBSM8UNG43E1ZQF7X2OS5S3V,3IVKZBIBJ026U4D83KJQVH2R2FSHSD,live,2018-05-07 11:45:46.983382,1.8,0,approved
222,2018-05-08 22:15:42.750953,,,,,,f,,participant,222,3H7XDTSHKDKOO9X0TLGBVQPWYHAGWO,222:3H7XDTSHKDKOO9X0TLGBVQPWYHAGWO,3D3B8GE892KG26FXDRR4NVZSWJQP9U,live,2018-05-08 22:23:20.753768,1.8,0,approved
205,2018-05-08 12:13:28.816647,,,,,,f,,participant,205,3RYC5T2D74MPTQ9DXAWS20V77QDRPP,205:3RYC5T2D74MPTQ9DXAWS20V77QDRPP,3INZSNUD80J7D9C78I09N1I3IZ4D9J,live,2018-05-08 12:19:10.812919,1.8,0,approved
168,2018-05-07 11:47:50.328166,,,,,,f,,participant,168,3PMBY0YE28W0V14NYOA0RFW62IZC9A,168:3PMBY0YE28W0V14NYOA0RFW62IZC9A,3KVQ0UJWPXENLSAMMNSI392M3JY5W0,live,2018-05-07 11:50:44.424214,1.8,0,approved
169,2018-05-07 12:14:21.496755,,,,,,f,,participant,169,3TPWUS5F8AUB7XHVRZKS5Z4H0JMCW2,169:3TPWUS5F8AUB7XHVRZKS5Z4H0JMCW2,3538U0YQ1FNIWR1NIFUPKOI2UKH3FA,live,2018-05-07 12:21:25.688644,,,returned
207,2018-05-08 12:33:20.138056,,,,,,f,,participant,207,3AMW0RGHOEV4ESHL43FBTGQX6TRNP0,207:3AMW0RGHOEV4ESHL43FBTGQX6TRNP0,32TMVRKDGNRUZ8A4AFT2K1TMLGU84D,live,2018-05-08 12:38:29.504607,1.8,0,approved
170,2018-05-07 14:23:53.747449,,,,,,f,,participant,170,3HMVI3QICKLV9Z2XQ3DW90667U51YA,170:3HMVI3QICKLV9Z2XQ3DW90667U51YA,3538U0YQ1FNIWR1NIFUPKOI2UKH3FA,live,2018-05-07 14:30:13.804872,1.8,0,approved
209,2018-05-08 13:48:29.127864,,,,,,f,,participant,209,3PQ8K71NHYDQ75HU6GS9HFH281WAAT,209:3PQ8K71NHYDQ75HU6GS9HFH281WAAT,3OND0WXMHW85KL8Q2PZL60YC1OFHE8,live,,,,working
213,2018-05-08 15:45:48.577564,,,,,,f,,participant,213,36AHBNMV1S5P1UI96WXRA27FWVHDYT,213:36AHBNMV1S5P1UI96WXRA27FWVHDYT,3O0M2G5VC6VUDDTEF7ZGKXOX5NH495,live,2018-05-08 15:51:22.760192,1.8,0,approved
171,2018-05-07 15:51:05.805041,,,,,,f,,participant,171,3T111IHZ5FJ413T6GL0VGAVS2JHR9A,171:3T111IHZ5FJ413T6GL0VGAVS2JHR9A,3W5PY7V3UP0ZHWK7QQE0PG67WSVJY1,live,2018-05-07 16:01:25.606249,1.8,0,approved
210,2018-05-08 13:56:37.089836,,,,,,f,,participant,210,39KFRKBFIOOG5R9YW5B7LWJE098OYL,210:39KFRKBFIOOG5R9YW5B7LWJE098OYL,3OND0WXMHW85KL8Q2PZL60YC1OFHE8,live,2018-05-08 14:03:55.888029,1.8,0,approved
176,2018-05-07 20:13:03.171816,,,,,,f,,participant,176,3R6BYFZZP85XZ96VS66FFO3R6ZLXFU,176:3R6BYFZZP85XZ96VS66FFO3R6ZLXFU,36FFXPMST9HRWCLFW32HBCSQ5Q2OH0,live,2018-05-07 20:25:29.585011,1.8,0,approved
173,2018-05-07 16:27:45.728734,,,,,,f,,participant,173,3OWEPKL08A5F8MDL8HLUTUZC6W5N77,173:3OWEPKL08A5F8MDL8HLUTUZC6W5N77,3W31J70BASPHPDPKCJWNT4E18TEKCU,live,2018-05-07 16:32:50.872946,1.8,0,approved
215,2018-05-08 19:32:05.495424,,,,,,f,,participant,215,3S96KQ6I9NXTK8JFWQAS2LF0HUQDTX,215:3S96KQ6I9NXTK8JFWQAS2LF0HUQDTX,3RDTX9JRTYURW0BXH5XNN987WP779S,live,2018-05-08 19:38:14.734903,1.8,0,approved
220,2018-05-08 20:59:35.569411,,,,,,f,,participant,220,3NGMS9VZTMBGZNFASC0T9H3K2YEFFI,220:3NGMS9VZTMBGZNFASC0T9H3K2YEFFI,391JB9X4ZY1UYZ1BP8Q1W0JD28QMKO,live,2018-05-08 21:05:02.254262,1.8,0,approved
224,2018-05-08 23:29:02.914409,,,,,,f,,participant,224,3STRJBFXOXK1YEPPO7WF6YAQ14BTKG,224:3STRJBFXOXK1YEPPO7WF6YAQ14BTKG,3N3WJQXELSJFB1F00QJIWRIUL3G2LI,live,2018-05-08 23:34:53.112063,1.8,0,approved
230,2018-05-09 01:39:49.030747,,,,,,f,,participant,230,34MAJL3QP5GBLV2SO038H4HWAJM34X,230:34MAJL3QP5GBLV2SO038H4HWAJM34X,336OE47KI2D4JMP1SEAV77WLG8EWVE,live,2018-05-09 01:50:26.700044,1.8,0,approved
227,2018-05-09 00:59:15.796006,,,,,,f,,participant,227,3FUI0JHJPYRQ3ZJOOMYP7ZPQWJN339,227:3FUI0JHJPYRQ3ZJOOMYP7ZPQWJN339,3A9LA2FRWS7EQLZ7XUPDUPJJHV9HX2,live,2018-05-09 01:05:23.655341,1.8,0,approved
236,2018-05-09 05:16:25.791854,,,,,,f,,participant,236,3WOKGM4L729J8WDDOX0YT4PUOZJ0OS,236:3WOKGM4L729J8WDDOX0YT4PUOZJ0OS,3BAKUKE49H5JPESHM6G0DKHOZRY1R1,live,2018-05-09 06:13:33.33104,,,abandoned
233,2018-05-09 03:50:31.478826,,,,,,f,,participant,233,3K2755HG5TWJ131E1653LH0ZQM3DFC,233:3K2755HG5TWJ131E1653LH0ZQM3DFC,3EHVO81VN5E60KEEQ146ZGFICH01H2,live,2018-05-09 03:57:41.312335,1.8,0,approved
238,2018-05-09 06:21:32.090461,,,,,,f,,participant,238,3SKRO2GZ72K0PUDGMOC50SRV9N31K2,238:3SKRO2GZ72K0PUDGMOC50SRV9N31K2,3BAKUKE49H5JPESHM6G0DKHOZRY1R1,live,2018-05-09 06:39:21.599102,1.8,0,approved
239,2018-05-09 06:40:25.283606,,,,,,f,,participant,239,3VAR3R6G1QU1QLIGJ1DDMJVC7YRO81,239:3VAR3R6G1QU1QLIGJ1DDMJVC7YRO81,35U0MRQMUJ0WEDGZ1SJLQDJZD8QVOG,live,2018-05-09 06:45:14.112539,1.8,0,approved
241,2018-05-09 06:51:38.124882,,,,,,f,,participant,241,3GU1KF0O4JU2DJSO1DA22LQ3P9ABP6,241:3GU1KF0O4JU2DJSO1DA22LQ3P9ABP6,3R6RZGK0XF588RK17FSJS4H1RIPVYR,live,2018-05-09 06:59:28.6146,1.8,0,approved
242,2018-05-09 07:06:13.086291,,,,,,f,,participant,242,3M81GAB8A1CNDVT31QPR2QGDU61BQ4,242:3M81GAB8A1CNDVT31QPR2QGDU61BQ4,391JB9X4ZY1UYZ1BP8Q1W0JD2A4MK6,live,2018-05-09 07:06:51.962608,,,returned
243,2018-05-09 08:08:15.827608,,,,,,f,,participant,243,392CY0QWG2KQBYKB93AVLAJLT4V4IG,243:392CY0QWG2KQBYKB93AVLAJLT4V4IG,391JB9X4ZY1UYZ1BP8Q1W0JD2A4MK6,live,2018-05-09 08:14:35.156332,1.8,0,approved
244,2018-05-09 08:27:45.441581,,,,,,f,,participant,244,3KYQYYSHYW0D7GE709OT8B9DIQRODC,244:3KYQYYSHYW0D7GE709OT8B9DIQRODC,3RQVKZ7ZRKCGWGQYWWI8DM0TQLP27R,live,2018-05-09 08:33:41.925689,1.8,0,approved
245,2018-05-09 09:38:41.283962,,,,,,f,,participant,245,3R6P78PK7L4WWST6YGB086IXURAGTO,245:3R6P78PK7L4WWST6YGB086IXURAGTO,3JAOYN9IHLVNGFLUYKTNJFT5RX333Y,live,2018-05-09 09:45:50.944666,1.8,0,approved
208,2018-05-08 12:41:13.06974,,,,,,f,,participant,208,339ANSOTR6VBP09EUVXBSR8HQKSKIH,208:339ANSOTR6VBP09EUVXBSR8HQKSKIH,32PT7WK7DM8LY7NRR9ZZWOFHI7W3DU,live,2018-05-08 13:00:43.187304,1.8,0,approved
175,2018-05-07 18:43:08.618368,,,,,,f,,participant,175,336YQZE83W7U30E28NRXIVWGA0H5MR,175:336YQZE83W7U30E28NRXIVWGA0H5MR,3ZQX1VYFTDYY31KMTZ8BYZZR2758OY,live,2018-05-07 18:47:34.917173,1.8,0,approved
200,2018-05-08 08:00:25.764387,,,,,,f,,participant,200,37TRT2X24RK6R8PQ605I5P4RG5MJBM,200:37TRT2X24RK6R8PQ605I5P4RG5MJBM,3MJ28H2Y1E1FGJ1KV118MFP00HNO5V,live,2018-05-08 08:05:33.764161,1.8,0,approved
177,2018-05-07 21:35:12.254653,,,,,,f,,participant,177,3RYC5T2D74MPTQ9DXAWS20V77OPPRV,177:3RYC5T2D74MPTQ9DXAWS20V77OPPRV,3O71U79SRBISMIEJUHZ3NMANJ15MS5,live,2018-05-07 21:42:03.635841,1.8,0,approved
254,2018-05-09 12:29:47.627339,,,,,,f,,participant,254,3VD82FOHKRH32O8T0DTIO5RVXSYOCZ,254:3VD82FOHKRH32O8T0DTIO5RVXSYOCZ,3KL228NDMVFU6P5PE5S6JVZG6OWGKW,live,2018-05-09 12:35:29.322597,1.8,0,approved
202,2018-05-08 09:28:22.978359,,,,,,f,,participant,202,3MH9DQ757X5BW58VYL1AD24ZDYIGU2,202:3MH9DQ757X5BW58VYL1AD24ZDYIGU2,3WPCIUYH1A1QXOLL6O5QE1JFC65DTH,live,2018-05-08 09:35:06.535597,1.8,0,approved
178,2018-05-07 21:53:42.117446,,,,,,f,,participant,178,31Q0U3WYDQ8CUF6W3UNWWNM93WU179,178:31Q0U3WYDQ8CUF6W3UNWWNM93WU179,388CL5C1RJGJQRIIJBMPJVOWALZLHI,live,2018-05-07 21:58:06.015993,1.8,0,approved
179,2018-05-07 22:00:42.4924,,,,,,f,,participant,179,3X4JMASXCN2ZP2O4KSVCNKPVHUH0BT,179:3X4JMASXCN2ZP2O4KSVCNKPVHUH0BT,388FBO7JZRMV0MBS5O6SINNO5CDNYM,live,2018-05-07 22:02:46.821667,,,returned
187,2018-05-08 00:58:01.744749,,,,,,f,,participant,187,3A7Y0R2P2PHD4BSRBWX0UMVJZ79JXS,187:3A7Y0R2P2PHD4BSRBWX0UMVJZ79JXS,3ZLW647WALOYVXPBUKFI05ODLGV238,live,2018-05-08 01:04:47.137145,1.8,0,approved
204,2018-05-08 11:24:19.557018,,,,,,f,,participant,204,3YJ6NA41JC98V2Q0P5NJ099GX9DPJP,204:3YJ6NA41JC98V2Q0P5NJ099GX9DPJP,3MNJFORX8BXLA6ORWYIIZLGM8GZF53,live,2018-05-08 11:50:31.756996,1.8,0,approved
181,2018-05-07 22:29:31.917926,,,,,,f,,participant,181,3HHRAGRYX9Y14Q1QOTJRMFQNRXV9OJ,181:3HHRAGRYX9Y14Q1QOTJRMFQNRXV9OJ,388FBO7JZRMV0MBS5O6SINNO5CDNYM,live,2018-05-07 22:36:08.182822,1.8,0,approved
182,2018-05-07 22:56:06.637593,,,,,,f,,participant,182,36DSNE9QZ6RQA2EZA5A4B94QN2IOJ4,182:36DSNE9QZ6RQA2EZA5A4B94QN2IOJ4,37Y5RYYI0PY3GUDN8O1CY3QLQ5TXS4,live,2018-05-07 23:02:07.603368,1.8,0,approved
183,2018-05-07 23:02:37.040784,,,,,,f,,participant,183,3KMS4QQVK3JRF97OTNRQPUVPAR2FKL,183:3KMS4QQVK3JRF97OTNRQPUVPAR2FKL,341H3G5YF07SKGTQ046DLI0D3D90ZI,live,2018-05-07 23:09:41.975059,,,returned
212,2018-05-08 15:38:10.12055,,,,,,f,,participant,212,3KOPY89HM9V1ODLDR7QCN66FSEE3JM,212:3KOPY89HM9V1ODLDR7QCN66FSEE3JM,3HYV4299H0PCRA7XZL5FTN5DY5Q8EL,live,2018-05-08 15:42:46.448796,1.8,0,approved
184,2018-05-07 23:36:13.634788,,,,,,f,,participant,184,35BLDD71I7QB01S0T3Z4UVMO2U6VZE,184:35BLDD71I7QB01S0T3Z4UVMO2U6VZE,341H3G5YF07SKGTQ046DLI0D3D90ZI,live,2018-05-07 23:40:33.946265,1.8,0,approved
188,2018-05-08 01:06:49.882677,,,,,,f,,participant,188,3WOKGM4L729J8WDDOX0YT4PUOU2O0P,188:3WOKGM4L729J8WDDOX0YT4PUOU2O0P,334ZEL5JX68GMLZV7XEGFQZSE1QOSS,live,2018-05-08 01:12:30.1653,1.8,0,approved
216,2018-05-08 20:39:59.720409,,,,,,f,,participant,216,3TR2532VIQN0LW8VA9OAU9IZ26IJ6C,216:3TR2532VIQN0LW8VA9OAU9IZ26IJ6C,3Q2T3FD0ON1O21T442Y2FE2BRM23MS,live,2018-05-08 20:45:31.222949,1.8,0,approved
186,2018-05-07 23:42:13.345016,,,,,,f,,participant,186,3D3VGR7TA18IM14QZCZLPXS62T1R3R,186:3D3VGR7TA18IM14QZCZLPXS62T1R3R,31KSVEGZ34LCQF8KJU5L6A7IV15RWI,live,2018-05-07 23:51:59.75282,1.8,0,approved
217,2018-05-08 20:46:22.6213,,,,,,f,,participant,217,3B1NLC6UG0PY400ZHZ2G3WH05JZPGS,217:3B1NLC6UG0PY400ZHZ2G3WH05JZPGS,3F6045TU7DHVAJZQW2V715ZDRF799I,live,2018-05-08 20:54:25.140098,1.8,0,approved
225,2018-05-09 00:19:52.08388,,,,,,f,,participant,225,3R6P78PK7L4WWST6YGB086IXUNYTGH,225:3R6P78PK7L4WWST6YGB086IXUNYTGH,3Z3R5YC0P3GNV8ZHXU0G21M0OK7FTI,live,2018-05-09 00:25:06.631783,1.8,0,approved
190,2018-05-08 01:21:19.924957,,,,,,f,,participant,190,3FE2ERCCZY1MWDHX5IFO85Q2W2EPOX,190:3FE2ERCCZY1MWDHX5IFO85Q2W2EPOX,3NKW03WTLM0CEETK6FGL1KXDZF4WQN,live,2018-05-08 01:29:43.973002,1.8,0,approved
194,2018-05-08 02:55:57.880808,,,,,,f,,participant,194,386CSBG1O0FH7JC85Z8JRAULGYB6QL,194:386CSBG1O0FH7JC85Z8JRAULGYB6QL,32LAQ1JNT9ICEQW7SJVFO1N3Y6TTU0,live,2018-05-08 03:05:47.05409,1.8,0,approved
221,2018-05-08 22:06:44.213724,,,,,,f,,participant,221,3B4YI393VAPY7XPI4G0RNF5EGE7SS2,221:3B4YI393VAPY7XPI4G0RNF5EGE7SS2,3IKDQS3DQETQJIZWCGBBGOZOGQXICR,live,2018-05-08 22:12:11.786599,1.8,0,approved
191,2018-05-08 01:30:42.752129,,,,,,f,,participant,191,3C2NJ6JBKBA8MLGF254ZX3I4VIIN2U,191:3C2NJ6JBKBA8MLGF254ZX3I4VIIN2U,3YCT0L9OMM2Y40ZJ6IE301ZNORLSNH,live,2018-05-08 01:38:27.656888,1.8,0,approved
223,2018-05-08 22:28:44.944334,,,,,,f,,participant,223,3634BBTX0PN09EH0TK6ECEGCIRDFII,223:3634BBTX0PN09EH0TK6ECEGCIRDFII,3XABXM4AJ1Y1ODX28C0FN4URH9UQ8X,live,2018-05-08 22:40:17.248441,1.8,0,approved
192,2018-05-08 01:58:00.38484,,,,,,f,,participant,192,3IFS6Q0HJJC9DJMMZ46DJDZR7DOISD,192:3IFS6Q0HJJC9DJMMZ46DJDZR7DOISD,35U0MRQMUJ0WEDGZ1SJLQDJZD5KVO4,live,2018-05-08 02:02:41.548684,1.8,0,approved
193,2018-05-08 02:23:36.384123,,,,,,f,,participant,193,31UV0MXWNR587HOBN8T5Q2PZTTI5I0,193:31UV0MXWNR587HOBN8T5Q2PZTTI5I0,3NI0WFPPI99QW69FYZ92OK7IY9E60Z,live,2018-05-08 02:30:34.604002,1.8,0,approved
195,2018-05-08 04:22:47.6436,,,,,,f,,participant,195,3TGOYF991YFU1N9QIQQRHH5QM59UUQ,195:3TGOYF991YFU1N9QIQQRHH5QM59UUQ,31MBOZ6PAOKS9J72XJ8O84RGXT1CL7,live,2018-05-08 04:33:32.242206,1.8,0,approved
226,2018-05-09 00:44:09.60159,,,,,,f,,participant,226,3IAEQB9FMFDLCPN9RVF3P5MZLP6DWN,226:3IAEQB9FMFDLCPN9RVF3P5MZLP6DWN,3G9UA71JVVNG2CO63HO0C3MASUY7J2,live,2018-05-09 00:49:29.55215,1.8,0,approved
196,2018-05-08 06:56:26.700167,,,,,,f,,participant,196,37C0GNLMHGWNIA830D2ZRBNMXKB6D7,196:37C0GNLMHGWNIA830D2ZRBNMXKB6D7,3ZRKL6Z1E8WSU8IXJE18AHQQNF2SGC,live,2018-05-08 07:09:37.90414,1.8,0,approved
228,2018-05-09 01:10:49.172941,,,,,,f,,participant,228,3WMOAN2SRCQHJCEHQFOAZ8FFSK7VNE,228:3WMOAN2SRCQHJCEHQFOAZ8FFSK7VNE,3PCPFX4U40JA3S7PGQ6LXWBD4D9QFG,live,2018-05-09 01:15:43.982606,1.8,0,approved
229,2018-05-09 01:17:28.930849,,,,,,f,,participant,229,3I33IC7ZWGV122MQT1ZUBXY4WFGA22,229:3I33IC7ZWGV122MQT1ZUBXY4WFGA22,31S7M7DAGGJ9V09DJ53EXERKLGULTU,live,2018-05-09 01:32:13.339884,1.8,0,approved
231,2018-05-09 02:54:50.026544,,,,,,f,,participant,231,3NKQQ8O39ZY8KLY4WV027H12096UDG,231:3NKQQ8O39ZY8KLY4WV027H12096UDG,3W0KKJIARR2FDAZ7V7GIRIIII35K82,live,2018-05-09 03:33:50.62986,1.8,0,approved
234,2018-05-09 04:00:10.826844,,,,,,f,,participant,234,3R9WASFE209M446ATOU0C9J2E5LFZN,234:3R9WASFE209M446ATOU0C9J2E5LFZN,33K3E8REWWOLXAYEUQV7HCQKEEH8XG,live,2018-05-09 04:11:44.922511,1.8,0,approved
250,2018-05-09 11:41:31.07387,,,,,,f,,participant,250,3XM0HYN6NLS0KM48B4CS3TWOS8PPEQ,250:3XM0HYN6NLS0KM48B4CS3TWOS8PPEQ,3JMQI2OLFZYS2BG19SJE52DNNRKDNN,live,2018-05-09 11:42:12.144979,,,returned
246,2018-05-09 09:46:45.848014,,,,,,f,,participant,246,34J10VATJGRX037970H8ODKQPX5IQ6,246:34J10VATJGRX037970H8ODKQPX5IQ6,3J5XXLQDHM47SONDIUZT2ALOIHX3VW,live,2018-05-09 09:53:44.135267,1.8,0,approved
252,2018-05-09 11:43:15.110926,,,,,,f,,participant,252,358UUM7WR0W0NK5D1O2B2E4M74J7RQ,252:358UUM7WR0W0NK5D1O2B2E4M74J7RQ,3JMQI2OLFZYS2BG19SJE52DNNRKDNN,live,2018-05-09 11:48:19.187575,1.8,0,approved
247,2018-05-09 10:06:48.254991,,,,,,f,,participant,247,3VNXK88KKDBWUAANP555H7KVNZ09VB,247:3VNXK88KKDBWUAANP555H7KVNZ09VB,3EQPA8A374PZMMUCMCGJ3NF92POJZN,live,2018-05-09 10:15:04.053078,1.8,0,approved
253,2018-05-09 12:24:00.605538,,,,,,f,,participant,253,33NF62TLXKV7KBTKCDIB4SNH37QKJI,253:33NF62TLXKV7KBTKCDIB4SNH37QKJI,363A7XIFV4F7C9MYR9E3PIZUORPVAK,live,2018-05-09 12:28:15.066788,1.8,0,approved
255,2018-05-09 12:55:54.032815,,,,,,f,,participant,255,3L6L49WXW1QEZAPW2JR1W1FGOKE45Z,255:3L6L49WXW1QEZAPW2JR1W1FGOKE45Z,3T8DUCXY0NZEUY84U80OS50PLOST9O,live,2018-05-09 13:03:52.912897,1.8,0,approved
256,2018-05-09 14:08:01.672291,,,,,,f,,participant,256,3ATPCQ38J93R3NFXMM6PK1Z9B02AYM,256:3ATPCQ38J93R3NFXMM6PK1Z9B02AYM,3UAU495MIILW1YRZW29GURHGZ1NUOW,live,2018-05-09 14:17:05.143711,1.8,0,approved
257,2018-05-09 14:19:54.979959,,,,,,f,,participant,257,3BXQMRHWK0RBOF4H9OZ5Q7OW9TJUMV,257:3BXQMRHWK0RBOF4H9OZ5Q7OW9TJUMV,3UZUVSO3P7ORCZ91TMFYY568IEHMEX,live,2018-05-09 14:27:18.859441,,,returned
258,2018-05-09 15:28:48.06859,,,,,,f,,participant,258,3HPZF4IVNNMFW2CV602GQWPXB3FCYI,258:3HPZF4IVNNMFW2CV602GQWPXB3FCYI,3UZUVSO3P7ORCZ91TMFYY568IEHMEX,live,2018-05-09 15:36:26.079529,1.8,0,approved
259,2018-05-09 15:54:13.990079,,,,,,f,,participant,259,31HQ4X3T3T3B3KUSK73QBTRJORZSL2,259:31HQ4X3T3T3B3KUSK73QBTRJORZSL2,3Y40HMYLL1BJV75RXTWCD489B6WUX7,live,2018-05-09 16:00:54.13364,1.8,0,approved
