id,creation_time,property1,property2,property3,property4,property5,failed,time_of_death,assignment_id,event_type
1,2018-01-29 00:03:55.69986,,,,,,f,,3LEP4MGT3HTTOMPYW4J72R9E2ENDBD,AssignmentAccepted
2,2018-01-29 01:03:59.560152,,,,,,f,,3LEP4MGT3HTTOMPYW4J72R9E2ENDBD,AssignmentAbandoned
3,2018-01-29 01:05:05.96764,,,,,,f,,3II4UPYCOK0GSSRNFMGXXG4DOEQQD4,AssignmentAccepted
4,2018-01-29 02:05:16.785702,,,,,,f,,3II4UPYCOK0GSSRNFMGXXG4DOEQQD4,AssignmentAbandoned
5,2018-01-29 02:06:13.37806,,,,,,f,,32M8BPYGAUF6NEDV44CWUZGOAWSGI4,AssignmentAccepted
6,2018-01-29 02:11:14.821288,,,,,,f,,32M8BPYGAUF6NEDV44CWUZGOAWSGI4,AssignmentSubmitted
7,2018-01-29 02:12:07.837426,,,,,,f,,3LEIZ60CDKSD3UFXQ2U82DXR2WZ9Z3,AssignmentAccepted
8,2018-01-29 02:36:41.511376,,,,,,f,,3LEIZ60CDKSD3UFXQ2U82DXR2WZ9Z3,AssignmentSubmitted
9,2018-01-29 02:36:59.116882,,,,,,f,,3B1NLC6UG0PY400ZHZ2G3WH0WAOGPH,AssignmentAccepted
10,2018-01-29 02:45:55.322625,,,,,,f,,3B1NLC6UG0PY400ZHZ2G3WH0WAOGPH,AssignmentSubmitted
11,2018-01-29 02:46:04.255408,,,,,,f,,3JJVG1YBECQYK9A5HY1O4FLMPXV5B3,AssignmentAccepted
12,2018-01-29 03:10:18.482104,,,,,,f,,3JJVG1YBECQYK9A5HY1O4FLMPXV5B3,AssignmentReturned
13,2018-01-29 03:10:19.959217,,,,,,f,,3JJVG1YBECQYK9A5HY1O4FLMPXV5B3,AssignmentAccepted
14,2018-01-29 03:15:14.289659,,,,,,f,,3JJVG1YBECQYK9A5HY1O4FLMPXV5B3,AssignmentSubmitted
15,2018-01-29 03:15:26.371128,,,,,,f,,37UQDCYH6YOSGRMUA87L3BTPJV77VR,AssignmentAccepted
16,2018-01-29 03:23:19.061739,,,,,,f,,37UQDCYH6YOSGRMUA87L3BTPJV77VR,AssignmentSubmitted
17,2018-01-29 03:23:23.502871,,,,,,f,,3LWJHTCVCDFDQC5J6SBNLG7Y0RBQFK,AssignmentAccepted
18,2018-01-29 03:36:47.044366,,,,,,f,,3LWJHTCVCDFDQC5J6SBNLG7Y0RBQFK,AssignmentSubmitted
19,2018-01-29 03:37:06.855515,,,,,,f,,32SVAV9L3G2QNKI9X1DZU73WTJLA3P,AssignmentAccepted
20,2018-01-29 04:20:17.528422,,,,,,f,,32SVAV9L3G2QNKI9X1DZU73WTJLA3P,AssignmentSubmitted
21,2018-01-29 04:20:35.973376,,,,,,f,,30X31N5D64JU713ONGE02FB8LZNASK,AssignmentAccepted
22,2018-01-29 04:37:41.344056,,,,,,f,,30X31N5D64JU713ONGE02FB8LZNASK,AssignmentSubmitted
23,2018-01-29 04:38:25.766608,,,,,,f,,3YDGXNSEO0NXMS8Y0HY48LP7HVM485,AssignmentAccepted
24,2018-01-29 04:53:34.252814,,,,,,f,,3YDGXNSEO0NXMS8Y0HY48LP7HVM485,AssignmentSubmitted
25,2018-01-29 04:53:52.310012,,,,,,f,,36WLNQG7803YGS3YSZUR89RZ2Q1EBK,AssignmentAccepted
26,2018-01-29 05:16:25.057047,,,,,,f,,36WLNQG7803YGS3YSZUR89RZ2Q1EBK,AssignmentSubmitted
27,2018-01-29 05:16:47.465899,,,,,,f,,3FFJ6VRIL2H9CA2AQ2NT97T83FCI0C,AssignmentAccepted
28,2018-01-29 05:29:07.59442,,,,,,f,,3FFJ6VRIL2H9CA2AQ2NT97T83FCI0C,AssignmentSubmitted
29,2018-01-29 05:29:16.183795,,,,,,f,,3KIBXJ1WD6NLLMKHSQAGCO43TMHOKJ,AssignmentAccepted
30,2018-01-29 05:46:02.011625,,,,,,f,,3KIBXJ1WD6NLLMKHSQAGCO43TMHOKJ,AssignmentSubmitted
31,2018-01-29 05:46:20.687329,,,,,,f,,3K3R2QNK8CWWHVLNKFV0LLIC0EU9UO,AssignmentAccepted
32,2018-01-29 06:19:07.289265,,,,,,f,,3K3R2QNK8CWWHVLNKFV0LLIC0EU9UO,AssignmentSubmitted
33,2018-01-29 06:19:18.756478,,,,,,f,,3BXQMRHWK0RBOF4H9OZ5Q7OW0D1MU0,AssignmentAccepted
34,2018-01-29 07:19:24.492396,,,,,,f,,3BXQMRHWK0RBOF4H9OZ5Q7OW0D1MU0,AssignmentAbandoned
35,2018-01-29 07:19:28.412704,,,,,,f,,3BXQMRHWK0RBOF4H9OZ5Q7OW0D1MU0,AssignmentAccepted
36,2018-01-29 08:19:51.935244,,,,,,f,,3BXQMRHWK0RBOF4H9OZ5Q7OW0D1MU0,AssignmentAbandoned
37,2018-01-29 08:20:11.209571,,,,,,f,,3VP0C6EFSHPQM4EGD612A1AGXRMM61,AssignmentAccepted
38,2018-01-29 09:20:38.381255,,,,,,f,,3VP0C6EFSHPQM4EGD612A1AGXRMM61,AssignmentAbandoned
39,2018-01-29 09:21:27.647783,,,,,,f,,33UKMF931AD01XFCIGA77PXMB7VTTM,AssignmentAccepted
40,2018-01-29 09:23:24.001539,,,,,,f,,33UKMF931AD01XFCIGA77PXMB7VTTM,AssignmentReturned
41,2018-01-29 09:24:13.624467,,,,,,f,,30LB5CDZND3V70RKQ6BF92WYZSKZ0W,AssignmentAccepted
42,2018-01-29 09:35:37.822466,,,,,,f,,30LB5CDZND3V70RKQ6BF92WYZSKZ0W,AssignmentSubmitted
43,2018-01-29 09:35:44.197073,,,,,,f,,3JJVG1YBECQYK9A5HY1O4FLMPXA5BI,AssignmentAccepted
44,2018-01-29 09:53:11.599792,,,,,,f,,3JJVG1YBECQYK9A5HY1O4FLMPXA5BI,AssignmentSubmitted
45,2018-01-29 09:53:38.021731,,,,,,f,,36ZN444YTSRUFRUTSNP4Z8PQ1IZIO9,AssignmentAccepted
46,2018-01-29 10:07:06.058103,,,,,,f,,36ZN444YTSRUFRUTSNP4Z8PQ1IZIO9,AssignmentSubmitted
47,2018-01-29 10:07:17.063816,,,,,,f,,3EA3QWIZ4JOASJZ1O4B3TIVD0QGTI6,AssignmentAccepted
48,2018-01-29 10:36:37.65204,,,,,,f,,3EA3QWIZ4JOASJZ1O4B3TIVD0QGTI6,AssignmentSubmitted
49,2018-01-29 10:36:51.565121,,,,,,f,,3UNH76FOCTYS5OOMJPWUTSU9W1IYMG,AssignmentAccepted
50,2018-01-29 10:44:48.503556,,,,,,f,,3UNH76FOCTYS5OOMJPWUTSU9W1IYMG,AssignmentSubmitted
51,2018-01-29 10:45:11.588595,,,,,,f,,3WR9XG3T644TME3FQC6YULTC6BP74U,AssignmentAccepted
52,2018-01-29 10:54:08.962444,,,,,,f,,3WR9XG3T644TME3FQC6YULTC6BP74U,AssignmentSubmitted
53,2018-01-29 10:54:25.864049,,,,,,f,,3B1NLC6UG0PY400ZHZ2G3WH0WA4PG6,AssignmentAccepted
54,2018-01-29 10:59:22.453474,,,,,,f,,3B1NLC6UG0PY400ZHZ2G3WH0WA4PG6,AssignmentSubmitted
55,2018-01-29 10:59:40.723611,,,,,,f,,3X1FV8S5JYKB9KXV3BBF9O6IIY5VGX,AssignmentAccepted
56,2018-01-29 11:18:03.471901,,,,,,f,,3X1FV8S5JYKB9KXV3BBF9O6IIY5VGX,AssignmentSubmitted
57,2018-01-29 11:18:25.561689,,,,,,f,,3SKEMFQBZ4YI0UX1L9LKF2E3EHMK8L,AssignmentAccepted
58,2018-01-29 11:28:42.251671,,,,,,f,,3SKEMFQBZ4YI0UX1L9LKF2E3EHMK8L,AssignmentSubmitted
59,2018-01-29 11:29:06.049705,,,,,,f,,39ZSFO5CA9PLN7YW6RMDAFWFWJEUJC,AssignmentAccepted
60,2018-01-29 11:43:17.910057,,,,,,f,,39ZSFO5CA9PLN7YW6RMDAFWFWJEUJC,AssignmentSubmitted
61,2018-01-29 11:43:30.512578,,,,,,f,,3W92K5RLWVADTN8BMFSO5RFTSPTV5H,AssignmentAccepted
62,2018-01-29 12:32:02.288871,,,,,,f,,3W92K5RLWVADTN8BMFSO5RFTSPTV5H,AssignmentReturned
63,2018-01-29 12:32:04.26231,,,,,,f,,3W92K5RLWVADTN8BMFSO5RFTSPTV5H,AssignmentAccepted
64,2018-01-29 12:44:39.207583,,,,,,f,,3W92K5RLWVADTN8BMFSO5RFTSPTV5H,AssignmentSubmitted
65,2018-01-29 12:44:51.54479,,,,,,f,,3ZAK8W07I57EL1XAKJC7SAHJYBBU0B,AssignmentAccepted
66,2018-01-29 12:53:53.515942,,,,,,f,,3ZAK8W07I57EL1XAKJC7SAHJYBBU0B,AssignmentSubmitted
67,2018-01-29 12:54:11.065565,,,,,,f,,3L2IS5HSFBBH6XPHLPE53MDW64MUNM,AssignmentAccepted
68,2018-01-29 13:54:22.395827,,,,,,f,,3L2IS5HSFBBH6XPHLPE53MDW64MUNM,AssignmentAbandoned
69,2018-01-29 13:55:20.221904,,,,,,f,,3SEPORI8WOSR8DP2I888Y88B9F3ZAX,AssignmentAccepted
70,2018-01-29 14:10:14.491132,,,,,,f,,3SEPORI8WOSR8DP2I888Y88B9F3ZAX,AssignmentReturned
71,2018-01-29 14:10:36.797476,,,,,,f,,3SEPORI8WOSR8DP2I888Y88B9F3ZAX,AssignmentAccepted
72,2018-01-29 14:24:38.197556,,,,,,f,,3SEPORI8WOSR8DP2I888Y88B9F3ZAX,AssignmentSubmitted
73,2018-01-29 14:25:03.730877,,,,,,f,,3EJPLAJKEN9QLBDZSVRWI36PDWEZ68,AssignmentAccepted
74,2018-01-29 15:25:07.743527,,,,,,f,,3EJPLAJKEN9QLBDZSVRWI36PDWEZ68,AssignmentAbandoned
75,2018-01-29 15:25:40.91096,,,,,,f,,3X3OR7WPZ0TTK0FJ69XLU2RI4I08LO,AssignmentAccepted
76,2018-01-29 15:33:02.313324,,,,,,f,,3X3OR7WPZ0TTK0FJ69XLU2RI4I08LO,AssignmentSubmitted
77,2018-01-29 15:33:15.356614,,,,,,f,,392CY0QWG2KQBYKB93AVLAJLLSA4IZ,AssignmentAccepted
78,2018-01-29 15:46:09.949795,,,,,,f,,392CY0QWG2KQBYKB93AVLAJLLSA4IZ,AssignmentSubmitted
79,2018-01-29 15:46:23.231566,,,,,,f,,3IUZPWIU1P0TQVTJJC1QTIHPXPYKWC,AssignmentAccepted
80,2018-01-29 15:50:16.555608,,,,,,f,,3IUZPWIU1P0TQVTJJC1QTIHPXPYKWC,AssignmentReturned
81,2018-01-29 15:50:57.908631,,,,,,f,,3EICBYG645PP1DHWK01DG9A9QKGJC3,AssignmentAccepted
82,2018-01-29 16:12:04.192095,,,,,,f,,3EICBYG645PP1DHWK01DG9A9QKGJC3,AssignmentSubmitted
83,2018-01-29 16:12:20.947565,,,,,,f,,3IUZPWIU1P0TQVTJJC1QTIHPXP0WKQ,AssignmentAccepted
84,2018-01-29 17:12:29.891619,,,,,,f,,3IUZPWIU1P0TQVTJJC1QTIHPXP0WKQ,AssignmentAbandoned
85,2018-01-29 17:12:51.504703,,,,,,f,,3IUZPWIU1P0TQVTJJC1QTIHPXP0WKQ,AssignmentAccepted
86,2018-01-29 18:01:40.806775,,,,,,f,,3IUZPWIU1P0TQVTJJC1QTIHPXP0WKQ,AssignmentSubmitted
87,2018-01-29 18:01:50.528302,,,,,,f,,3V5Q80FXIYK1IHN5KMKKOPKYIWR23B,AssignmentAccepted
88,2018-01-29 18:15:33.466484,,,,,,f,,3V5Q80FXIYK1IHN5KMKKOPKYIWR23B,AssignmentSubmitted
89,2018-01-29 18:15:48.94816,,,,,,f,,3K4J6M3CXFMRHWUXSGKJD1S5YPPAGZ,AssignmentAccepted
90,2018-01-29 18:29:51.769121,,,,,,f,,3K4J6M3CXFMRHWUXSGKJD1S5YPPAGZ,AssignmentSubmitted
91,2018-01-29 18:30:07.446926,,,,,,f,,3X65QVEQI1GVW35WNLDQWON1U9XCLA,AssignmentAccepted
92,2018-01-29 18:36:27.075377,,,,,,f,,3X65QVEQI1GVW35WNLDQWON1U9XCLA,AssignmentSubmitted
93,2018-01-29 18:36:54.482202,,,,,,f,,326O153BMJRRVP1I6VLX3ZFZ6C8EDP,AssignmentAccepted
94,2018-01-29 18:58:00.195667,,,,,,f,,326O153BMJRRVP1I6VLX3ZFZ6C8EDP,AssignmentSubmitted
95,2018-01-29 18:58:13.769272,,,,,,f,,32VNZTT0A8X34XNUZQ44Z2KC8O6R43,AssignmentAccepted
96,2018-01-29 19:13:02.85011,,,,,,f,,32VNZTT0A8X34XNUZQ44Z2KC8O6R43,AssignmentSubmitted
97,2018-01-29 19:13:12.464241,,,,,,f,,35LDD5557BXXLJZ5FAV3KKFYZNYKMZ,AssignmentAccepted
98,2018-01-29 19:33:14.56667,,,,,,f,,35LDD5557BXXLJZ5FAV3KKFYZNYKMZ,AssignmentReturned
99,2018-01-29 19:33:50.257823,,,,,,f,,3JBT3HLQF9VYVHV47RQ5O3X681NZPX,AssignmentAccepted
100,2018-01-29 20:12:27.043792,,,,,,f,,3JBT3HLQF9VYVHV47RQ5O3X681NZPX,AssignmentSubmitted
101,2018-01-29 20:12:39.365526,,,,,,f,,3RGU30DZTB12AZTNXPVRJ5FLKY3JM4,AssignmentAccepted
102,2018-01-29 21:07:54.701811,,,,,,f,,3RGU30DZTB12AZTNXPVRJ5FLKY3JM4,AssignmentSubmitted
103,2018-01-29 21:08:20.264302,,,,,,f,,3HMVI3QICKLV9Z2XQ3DW9066ZRQY1E,AssignmentAccepted
104,2018-01-29 21:26:40.794495,,,,,,f,,3HMVI3QICKLV9Z2XQ3DW9066ZRQY1E,AssignmentReturned
105,2018-01-29 21:26:43.414834,,,,,,f,,3HMVI3QICKLV9Z2XQ3DW9066ZRQY1E,AssignmentAccepted
106,2018-01-29 21:30:51.153791,,,,,,f,,3HMVI3QICKLV9Z2XQ3DW9066ZRQY1E,AssignmentSubmitted
107,2018-01-29 21:30:59.290662,,,,,,f,,3JNQLM5FT5FIYLDUQSOKKBEFIJ4L2W,AssignmentAccepted
108,2018-01-29 21:36:56.820476,,,,,,f,,3JNQLM5FT5FIYLDUQSOKKBEFIJ4L2W,AssignmentSubmitted
109,2018-01-29 21:37:09.895488,,,,,,f,,3IJXV6UZ1YCXC4M9KF68T3UVD7RIRV,AssignmentAccepted
110,2018-01-29 22:37:24.701619,,,,,,f,,3IJXV6UZ1YCXC4M9KF68T3UVD7RIRV,AssignmentAbandoned
111,2018-01-29 22:38:14.444283,,,,,,f,,3S0TNUHWKUBAMORRTSZXBPJDVA8D8P,AssignmentAccepted
112,2018-01-29 23:38:17.325016,,,,,,f,,3S0TNUHWKUBAMORRTSZXBPJDVA8D8P,AssignmentAbandoned
113,2018-01-29 23:39:14.888641,,,,,,f,,3KKG4CDWKJRX0XR8594I8HKI23D498,AssignmentAccepted
114,2018-01-30 00:36:09.771889,,,,,,f,,3KKG4CDWKJRX0XR8594I8HKI23D498,AssignmentReturned
115,2018-01-30 00:36:11.075475,,,,,,f,,3KKG4CDWKJRX0XR8594I8HKI23D498,AssignmentAccepted
116,2018-01-30 01:13:16.818574,,,,,,f,,3KKG4CDWKJRX0XR8594I8HKI23D498,AssignmentSubmitted
117,2018-01-30 01:13:33.382301,,,,,,f,,3U4J9857OF4D7DOO5RGL2ZZIH6OB7T,AssignmentAccepted
118,2018-01-30 01:51:08.569915,,,,,,f,,3U4J9857OF4D7DOO5RGL2ZZIH6OB7T,AssignmentSubmitted
119,2018-01-30 01:51:28.287994,,,,,,f,,33L7PJKHCHRH3DNOFIZCGT1ZYXY8T7,AssignmentAccepted
120,2018-01-30 02:51:39.56658,,,,,,f,,33L7PJKHCHRH3DNOFIZCGT1ZYXY8T7,AssignmentAbandoned
121,2018-01-30 02:52:30.032994,,,,,,f,,3QY7M81QH8FE0GSIB4TE12I8408K7X,AssignmentAccepted
122,2018-01-30 03:52:41.939137,,,,,,f,,3QY7M81QH8FE0GSIB4TE12I8408K7X,AssignmentAbandoned
123,2018-01-30 03:52:55.137574,,,,,,f,,3QY7M81QH8FE0GSIB4TE12I8408K7X,AssignmentAccepted
124,2018-01-30 04:04:37.674943,,,,,,f,,3QY7M81QH8FE0GSIB4TE12I8408K7X,AssignmentSubmitted
125,2018-01-30 04:04:47.733748,,,,,,f,,3HL8HNGX46U7YDOXPQ01ZLH9RVP9F8,AssignmentAccepted
126,2018-01-30 04:15:06.740895,,,,,,f,,3HL8HNGX46U7YDOXPQ01ZLH9RVP9F8,AssignmentReturned
127,2018-01-30 04:15:37.698777,,,,,,f,,3HL8HNGX46U7YDOXPQ01ZLH9RVP9F8,AssignmentAccepted
128,2018-01-30 05:15:56.833463,,,,,,f,,3HL8HNGX46U7YDOXPQ01ZLH9RVP9F8,AssignmentAbandoned
129,2018-01-30 05:16:55.985615,,,,,,f,,3WJEQKOXA9VUDH4UAXZG6EOZW3R1AH,AssignmentAccepted
130,2018-01-30 05:31:23.719127,,,,,,f,,3WJEQKOXA9VUDH4UAXZG6EOZW3R1AH,AssignmentSubmitted
131,2018-01-30 05:31:41.052528,,,,,,f,,35USIKEBNS9W4MZGP7G2NGZG3L6N6L,AssignmentAccepted
132,2018-01-30 05:37:43.322304,,,,,,f,,35USIKEBNS9W4MZGP7G2NGZG3L6N6L,AssignmentSubmitted
133,2018-01-30 05:38:07.294678,,,,,,f,,32XVDSJFP0Q243VFQ4PZKOT4IQUM23,AssignmentAccepted
134,2018-01-30 05:49:16.826128,,,,,,f,,32XVDSJFP0Q243VFQ4PZKOT4IQUM23,AssignmentReturned
135,2018-01-30 05:49:49.565357,,,,,,f,,3ZSANO2JCG0P3SKWYW0SGGMZJJIFST,AssignmentAccepted
136,2018-01-30 06:49:58.939707,,,,,,f,,3ZSANO2JCG0P3SKWYW0SGGMZJJIFST,AssignmentAbandoned
137,2018-01-30 06:50:38.4239,,,,,,f,,3RANCT1ZVGAF5O0KIZ9WCRD2PIFBUR,AssignmentAccepted
138,2018-01-30 07:50:52.362739,,,,,,f,,3RANCT1ZVGAF5O0KIZ9WCRD2PIFBUR,AssignmentAbandoned
139,2018-01-30 07:51:42.905629,,,,,,f,,3D3VGR7TA18IM14QZCZLPXS6UR13RR,AssignmentAccepted
140,2018-01-30 08:23:47.437692,,,,,,f,,3D3VGR7TA18IM14QZCZLPXS6UR13RR,AssignmentSubmitted
141,2018-01-30 08:24:06.736457,,,,,,f,,3K5TEWLKGW4P5B3QTZBIU0JYYFCIV0,AssignmentAccepted
142,2018-01-30 08:24:18.859403,,,,,,f,,3K5TEWLKGW4P5B3QTZBIU0JYYFCIV0,AssignmentReturned
143,2018-01-30 08:24:42.632584,,,,,,f,,3K5TEWLKGW4P5B3QTZBIU0JYYFCIV0,AssignmentAccepted
144,2018-01-30 08:35:24.239472,,,,,,f,,3K5TEWLKGW4P5B3QTZBIU0JYYFCIV0,AssignmentSubmitted
145,2018-01-30 08:36:31.209674,,,,,,f,,3C8HJ7UOP8NSAEYRFBYD7Z3B3Z2MZK,AssignmentAccepted
146,2018-01-30 08:42:55.829132,,,,,,f,,3C8HJ7UOP8NSAEYRFBYD7Z3B3Z2MZK,AssignmentSubmitted
147,2018-01-30 08:43:02.687016,,,,,,f,,33JKGHPFYDNYTPK8CNNJCCW2TLUNM4,AssignmentAccepted
148,2018-01-30 08:43:14.371292,,,,,,f,,33JKGHPFYDNYTPK8CNNJCCW2TLUNM4,AssignmentReturned
149,2018-01-30 08:44:34.060383,,,,,,f,,3LEIZ60CDKSD3UFXQ2U82DXR30W9Z9,AssignmentAccepted
150,2018-01-30 08:46:22.098336,,,,,,f,,3LEIZ60CDKSD3UFXQ2U82DXR30W9Z9,AssignmentReturned
151,2018-01-30 08:46:48.043991,,,,,,f,,3U8YCDAGXQ9MT8QT3AS2I9KUVTH0QU,AssignmentAccepted
152,2018-01-30 09:12:16.904761,,,,,,f,,3U8YCDAGXQ9MT8QT3AS2I9KUVTH0QU,AssignmentSubmitted
153,2018-01-30 09:12:24.100946,,,,,,f,,3BEFOD78W7MC7HA2UI8ND3Q2240M49,AssignmentAccepted
154,2018-01-30 09:20:05.859699,,,,,,f,,3BEFOD78W7MC7HA2UI8ND3Q2240M49,AssignmentSubmitted
155,2018-01-30 09:20:16.459028,,,,,,f,,39N5ACM9HFGJPQDR3TW6BFVDT1P9PO,AssignmentAccepted
156,2018-01-30 09:36:58.197721,,,,,,f,,39N5ACM9HFGJPQDR3TW6BFVDT1P9PO,AssignmentSubmitted
