id,creation_time,property1,property2,property3,property4,property5,failed,time_of_death,origin_id,destination_id,network_id
1,2018-04-27 21:02:46.712109,,,,,,f,,1,9,1
2,2018-04-27 21:03:39.739024,,,,,,f,,2,10,2
3,2018-04-27 21:03:58.652496,,,,,,f,,3,11,3
4,2018-04-27 21:04:14.698881,,,,,,f,,4,12,4
5,2018-04-27 21:04:33.210811,,,,,,f,,8,13,8
6,2018-04-27 21:04:48.859113,,,,,,f,,7,14,7
7,2018-04-27 21:05:02.050015,,,,,,f,,6,15,6
8,2018-04-27 21:05:17.357616,,,,,,f,,5,16,5
9,2018-04-27 21:48:40.567222,,,,,,f,,1,17,1
10,2018-04-27 21:49:32.147981,,,,,,f,,2,18,2
11,2018-04-27 21:49:47.292775,,,,,,f,,3,19,3
12,2018-04-27 21:50:00.547198,,,,,,f,,4,20,4
13,2018-04-27 21:50:16.435125,,,,,,f,,7,21,7
14,2018-04-27 21:50:33.275235,,,,,,f,,6,22,6
15,2018-04-27 21:50:45.920563,,,,,,f,,8,23,8
16,2018-04-27 21:51:00.377602,,,,,,f,,5,24,5
17,2018-04-27 22:01:23.252805,,,,,,f,,1,25,1
18,2018-04-27 22:02:53.078132,,,,,,f,,2,26,2
19,2018-04-27 22:03:34.505186,,,,,,f,,3,27,3
20,2018-04-27 22:04:04.378541,,,,,,f,,4,28,4
21,2018-04-27 22:04:37.96017,,,,,,f,,5,29,5
22,2018-04-27 22:04:57.325062,,,,,,f,,7,30,7
23,2018-04-27 22:05:54.175409,,,,,,f,,6,31,6
24,2018-04-27 22:06:14.744276,,,,,,f,,8,32,8
25,2018-04-27 22:45:18.879081,,,,,,f,,1,33,1
26,2018-04-27 22:47:56.334731,,,,,,f,,2,34,2
27,2018-04-27 22:51:16.155046,,,,,,f,,3,35,3
28,2018-04-27 22:51:51.974924,,,,,,f,,4,36,4
29,2018-04-27 22:52:15.773626,,,,,,f,,8,37,8
30,2018-04-27 22:52:51.256532,,,,,,f,,5,38,5
31,2018-04-27 22:53:18.131089,,,,,,f,,7,39,7
32,2018-04-27 22:53:53.905857,,,,,,f,,6,40,6
33,2018-04-27 22:59:34.627782,,,,,,f,,1,41,1
34,2018-04-27 23:00:01.346998,,,,,,f,,2,42,2
35,2018-04-27 23:00:13.791288,,,,,,f,,3,43,3
36,2018-04-27 23:00:22.210858,,,,,,f,,4,44,4
37,2018-04-27 23:01:07.27978,,,,,,f,,5,45,5
38,2018-04-27 23:01:18.461411,,,,,,f,,7,46,7
39,2018-04-27 23:01:26.63416,,,,,,f,,8,47,8
40,2018-04-27 23:01:41.095341,,,,,,f,,6,48,6
41,2018-04-28 00:19:48.895827,,,,,,f,,1,49,1
42,2018-04-28 00:20:07.920671,,,,,,f,,2,50,2
43,2018-04-28 00:20:27.426865,,,,,,f,,3,51,3
44,2018-04-28 00:20:50.545331,,,,,,f,,4,52,4
45,2018-04-28 00:21:07.304955,,,,,,f,,7,53,7
46,2018-04-28 00:21:18.847681,,,,,,f,,8,54,8
47,2018-04-28 00:21:31.166224,,,,,,f,,6,55,6
48,2018-04-28 00:21:44.302684,,,,,,f,,5,56,5
49,2018-04-28 00:25:06.796639,,,,,,f,,1,57,1
50,2018-04-28 00:26:11.981076,,,,,,f,,2,58,2
51,2018-04-28 00:26:45.374353,,,,,,f,,3,59,3
52,2018-04-28 00:26:59.513709,,,,,,f,,4,60,4
53,2018-04-28 00:27:11.702493,,,,,,f,,8,61,8
54,2018-04-28 00:27:35.142688,,,,,,f,,7,62,7
55,2018-04-28 00:27:52.235492,,,,,,f,,5,63,5
56,2018-04-28 00:28:09.965672,,,,,,f,,6,64,6
57,2018-04-28 00:41:25.414076,,,,,,f,,1,65,1
58,2018-04-28 00:42:32.129088,,,,,,f,,2,66,2
59,2018-04-28 00:42:44.551114,,,,,,f,,3,67,3
60,2018-04-28 00:42:55.588525,,,,,,f,,4,68,4
61,2018-04-28 00:43:08.630768,,,,,,f,,6,69,6
62,2018-04-28 00:43:19.206003,,,,,,f,,7,70,7
63,2018-04-28 00:43:28.356808,,,,,,f,,5,71,5
64,2018-04-28 00:43:38.5309,,,,,,f,,8,72,8
65,2018-04-28 00:54:18.157357,,,,,,f,,1,73,1
66,2018-04-28 00:55:04.562255,,,,,,f,,2,74,2
67,2018-04-28 00:55:15.663007,,,,,,f,,3,75,3
68,2018-04-28 00:55:22.396479,,,,,,f,,4,76,4
69,2018-04-28 00:55:29.533624,,,,,,f,,6,77,6
70,2018-04-28 00:55:38.035831,,,,,,f,,5,78,5
71,2018-04-28 00:55:45.997724,,,,,,f,,8,79,8
72,2018-04-28 00:55:53.790082,,,,,,f,,7,80,7
73,2018-04-28 01:21:21.10255,,,,,,f,,1,81,1
74,2018-04-28 01:22:04.529168,,,,,,f,,2,82,2
75,2018-04-28 01:22:20.616747,,,,,,f,,3,83,3
76,2018-04-28 01:22:36.477504,,,,,,f,,4,84,4
77,2018-04-28 01:22:49.038937,,,,,,f,,8,85,8
78,2018-04-28 01:22:58.754185,,,,,,f,,6,86,6
79,2018-04-28 01:23:08.482103,,,,,,f,,7,87,7
80,2018-04-28 01:23:18.790531,,,,,,f,,5,88,5
88,2018-04-28 02:03:11.29397,,,,,,t,2018-04-28 02:13:53.969609,5,96,5
87,2018-04-28 02:03:03.894752,,,,,,t,2018-04-28 02:13:54.041801,6,95,6
86,2018-04-28 02:02:51.061452,,,,,,t,2018-04-28 02:13:54.095215,8,94,8
85,2018-04-28 02:02:31.719623,,,,,,t,2018-04-28 02:13:54.161587,7,93,7
84,2018-04-28 02:02:23.563841,,,,,,t,2018-04-28 02:13:54.218363,4,92,4
83,2018-04-28 02:02:10.477321,,,,,,t,2018-04-28 02:13:54.275766,3,91,3
82,2018-04-28 02:01:54.98153,,,,,,t,2018-04-28 02:13:54.334139,2,90,2
81,2018-04-28 02:01:10.656681,,,,,,t,2018-04-28 02:13:54.392914,1,89,1
89,2018-04-28 03:58:43.734581,,,,,,f,,1,97,1
90,2018-04-28 03:59:20.523683,,,,,,f,,2,98,2
91,2018-04-28 03:59:46.450526,,,,,,f,,3,99,3
92,2018-04-28 04:00:09.781731,,,,,,f,,4,100,4
93,2018-04-28 04:00:26.261751,,,,,,f,,5,101,5
94,2018-04-28 04:00:41.360339,,,,,,f,,7,102,7
95,2018-04-28 04:00:51.595319,,,,,,f,,6,103,6
96,2018-04-28 04:01:00.367662,,,,,,f,,8,104,8
97,2018-04-28 04:44:38.150859,,,,,,f,,1,105,1
98,2018-04-28 04:45:34.673788,,,,,,f,,2,106,2
99,2018-04-28 04:45:56.446709,,,,,,f,,3,107,3
100,2018-04-28 04:46:17.593304,,,,,,f,,4,108,4
101,2018-04-28 04:46:37.348608,,,,,,f,,5,109,5
102,2018-04-28 04:46:58.058969,,,,,,f,,8,110,8
103,2018-04-28 04:47:18.904724,,,,,,f,,7,111,7
104,2018-04-28 04:47:42.720986,,,,,,f,,6,112,6
105,2018-04-28 05:00:38.025029,,,,,,f,,1,113,1
106,2018-04-28 05:01:34.253077,,,,,,f,,2,114,2
107,2018-04-28 05:02:03.21813,,,,,,f,,3,115,3
108,2018-04-28 05:02:34.080031,,,,,,f,,4,116,4
109,2018-04-28 05:02:54.802676,,,,,,f,,8,117,8
110,2018-04-28 05:03:32.709141,,,,,,f,,5,118,5
111,2018-04-28 05:04:27.445222,,,,,,f,,7,119,7
112,2018-04-28 05:04:58.834421,,,,,,f,,6,120,6
113,2018-04-28 05:08:22.017954,,,,,,f,,1,121,1
114,2018-04-28 05:09:59.198368,,,,,,f,,2,122,2
115,2018-04-28 05:10:31.825694,,,,,,f,,3,123,3
116,2018-04-28 05:10:59.644516,,,,,,f,,4,124,4
117,2018-04-28 05:11:23.689687,,,,,,f,,7,125,7
118,2018-04-28 05:11:40.65298,,,,,,f,,6,126,6
119,2018-04-28 05:11:58.590686,,,,,,f,,8,127,8
120,2018-04-28 05:12:20.105179,,,,,,f,,5,128,5
124,2018-04-28 05:23:13.348233,,,,,,f,,4,132,4
130,2018-04-28 05:52:00.050058,,,,,,f,,2,138,2
131,2018-04-28 05:53:17.558579,,,,,,f,,3,139,3
135,2018-04-28 05:56:36.557229,,,,,,f,,5,143,5
137,2018-04-28 06:01:10.465398,,,,,,f,,1,145,1
139,2018-04-28 06:02:52.084776,,,,,,f,,3,147,3
141,2018-04-28 06:03:43.082639,,,,,,f,,7,149,7
143,2018-04-28 06:04:22.543417,,,,,,f,,8,151,8
144,2018-04-28 06:04:40.85205,,,,,,f,,5,152,5
146,2018-04-28 06:10:15.016128,,,,,,f,,2,154,2
148,2018-04-28 06:11:12.607375,,,,,,f,,4,156,4
150,2018-04-28 06:11:52.144302,,,,,,f,,5,158,5
155,2018-04-28 06:26:17.971409,,,,,,f,,3,163,3
158,2018-04-28 06:27:54.202365,,,,,,f,,8,166,8
164,2018-04-28 10:03:01.400831,,,,,,f,,4,172,4
166,2018-04-28 10:03:34.335483,,,,,,f,,8,174,8
121,2018-04-28 05:20:30.580348,,,,,,f,,1,129,1
140,2018-04-28 06:03:19.742985,,,,,,f,,4,148,4
167,2018-04-28 10:03:50.198799,,,,,,f,,5,175,5
168,2018-04-28 10:04:06.621912,,,,,,f,,6,176,6
122,2018-04-28 05:22:12.549728,,,,,,f,,2,130,2
123,2018-04-28 05:22:48.138566,,,,,,f,,3,131,3
125,2018-04-28 05:23:41.200461,,,,,,f,,8,133,8
127,2018-04-28 05:24:24.762871,,,,,,f,,5,135,5
142,2018-04-28 06:04:01.44987,,,,,,f,,6,150,6
156,2018-04-28 06:26:54.685003,,,,,,f,,4,164,4
157,2018-04-28 06:27:20.224479,,,,,,f,,7,165,7
161,2018-04-28 10:00:40.344324,,,,,,f,,1,169,1
162,2018-04-28 10:02:12.148765,,,,,,f,,2,170,2
126,2018-04-28 05:24:04.975876,,,,,,f,,7,134,7
128,2018-04-28 05:24:45.761053,,,,,,f,,6,136,6
133,2018-04-28 05:55:04.784725,,,,,,f,,7,141,7
136,2018-04-28 05:57:32.541822,,,,,,f,,8,144,8
138,2018-04-28 06:02:18.342721,,,,,,f,,2,146,2
149,2018-04-28 06:11:35.019944,,,,,,f,,6,157,6
151,2018-04-28 06:12:12.334019,,,,,,f,,8,159,8
152,2018-04-28 06:12:32.51959,,,,,,f,,7,160,7
129,2018-04-28 05:50:22.777332,,,,,,f,,1,137,1
132,2018-04-28 05:54:14.023269,,,,,,f,,4,140,4
134,2018-04-28 05:55:43.133356,,,,,,f,,6,142,6
145,2018-04-28 06:09:14.39991,,,,,,f,,1,153,1
147,2018-04-28 06:10:50.794604,,,,,,f,,3,155,3
153,2018-04-28 06:24:03.008708,,,,,,f,,1,161,1
154,2018-04-28 06:25:44.304725,,,,,,f,,2,162,2
159,2018-04-28 06:28:21.303232,,,,,,f,,6,167,6
160,2018-04-28 06:28:51.648074,,,,,,f,,5,168,5
163,2018-04-28 10:02:40.374774,,,,,,f,,3,171,3
165,2018-04-28 10:03:18.816194,,,,,,f,,7,173,7
169,2018-04-28 12:32:58.264569,,,,,,f,,49,177,1
170,2018-04-28 12:34:41.722562,,,,,,f,,10,178,2
171,2018-04-28 12:35:27.46043,,,,,,f,,131,179,3
172,2018-04-28 12:36:26.745084,,,,,,f,,164,180,4
173,2018-04-28 12:37:02.345691,,,,,,f,,141,181,7
174,2018-04-28 12:37:40.143813,,,,,,f,,64,182,6
175,2018-04-28 12:38:12.014364,,,,,,f,,127,183,8
176,2018-04-28 12:38:54.120455,,,,,,f,,24,184,5
177,2018-04-28 12:51:51.287254,,,,,,f,,17,185,1
178,2018-04-28 12:54:20.817635,,,,,,f,,154,186,2
179,2018-04-28 12:54:43.026482,,,,,,f,,83,187,3
180,2018-04-28 12:54:54.750059,,,,,,f,,148,188,4
181,2018-04-28 12:55:07.097161,,,,,,f,,22,189,6
182,2018-04-28 12:55:19.073237,,,,,,f,,39,190,7
183,2018-04-28 12:55:28.548976,,,,,,f,,104,191,8
184,2018-04-28 12:55:38.502119,,,,,,f,,71,192,5
185,2018-04-28 12:59:33.095749,,,,,,f,,41,193,1
186,2018-04-28 13:00:52.138817,,,,,,f,,50,194,2
187,2018-04-28 13:02:49.855891,,,,,,f,,27,195,3
188,2018-04-28 13:03:45.625545,,,,,,f,,36,196,4
189,2018-04-28 13:04:54.17103,,,,,,f,,22,197,6
190,2018-04-28 13:05:12.032699,,,,,,f,,165,198,7
191,2018-04-28 13:06:07.921926,,,,,,f,,45,199,5
192,2018-04-28 13:06:40.000467,,,,,,f,,133,200,8
193,2018-04-28 13:33:42.62591,,,,,,f,,17,201,1
194,2018-04-28 13:35:24.274536,,,,,,f,,58,202,2
195,2018-04-28 13:35:56.144018,,,,,,f,,107,203,3
196,2018-04-28 13:36:29.730999,,,,,,f,,156,204,4
197,2018-04-28 13:36:50.911879,,,,,,f,,21,205,7
198,2018-04-28 13:37:09.733897,,,,,,f,,157,206,6
199,2018-04-28 13:37:27.233009,,,,,,f,,110,207,8
200,2018-04-28 13:37:43.083967,,,,,,f,,16,208,5
201,2018-04-28 15:42:25.71724,,,,,,f,,137,209,1
202,2018-04-28 15:44:18.297775,,,,,,f,,98,210,2
203,2018-04-28 15:45:24.508997,,,,,,f,,83,211,3
204,2018-04-28 15:46:00.861239,,,,,,f,,108,212,4
205,2018-04-28 15:46:58.043141,,,,,,f,,86,213,6
206,2018-04-28 15:47:20.235473,,,,,,f,,102,214,7
207,2018-04-28 15:48:27.336463,,,,,,f,,38,215,5
208,2018-04-28 15:49:16.350146,,,,,,f,,144,216,8
209,2018-04-28 18:21:39.356967,,,,,,f,,65,217,1
210,2018-04-28 18:25:59.740831,,,,,,f,,74,218,2
211,2018-04-28 18:27:43.584387,,,,,,f,,59,219,3
212,2018-04-28 18:28:51.769915,,,,,,f,,148,220,4
213,2018-04-28 18:30:31.408318,,,,,,f,,103,221,6
214,2018-04-28 18:31:41.103574,,,,,,f,,168,222,5
215,2018-04-28 18:33:04.945727,,,,,,f,,151,223,8
216,2018-04-28 18:33:53.670127,,,,,,f,,165,224,7
217,2018-04-28 19:45:52.426787,,,,,,f,,49,225,1
218,2018-04-28 19:47:18.909042,,,,,,f,,66,226,2
219,2018-04-28 19:48:23.429606,,,,,,f,,139,227,3
220,2018-04-28 19:48:47.227601,,,,,,f,,76,228,4
221,2018-04-28 19:49:52.196053,,,,,,f,,128,229,5
222,2018-04-28 19:50:36.5988,,,,,,f,,22,230,6
223,2018-04-28 19:51:10.266926,,,,,,f,,166,231,8
224,2018-04-28 19:51:38.328832,,,,,,f,,149,232,7
225,2018-04-28 20:06:13.414246,,,,,,f,,65,233,1
226,2018-04-28 20:08:27.705977,,,,,,f,,58,234,2
227,2018-04-28 20:09:44.279107,,,,,,f,,83,235,3
228,2018-04-28 20:10:32.572932,,,,,,f,,172,236,4
229,2018-04-28 20:11:12.896108,,,,,,f,,46,237,7
230,2018-04-28 20:12:05.872704,,,,,,f,,168,238,5
231,2018-04-28 20:13:26.513742,,,,,,f,,32,239,8
232,2018-04-28 20:14:28.086025,,,,,,f,,167,240,6
233,2018-04-28 21:34:08.391349,,,,,,f,,161,241,1
234,2018-04-28 21:35:22.168338,,,,,,f,,34,242,2
235,2018-04-28 21:35:41.558507,,,,,,f,,83,243,3
236,2018-04-28 21:35:54.828706,,,,,,f,,20,244,4
237,2018-04-28 21:36:14.675382,,,,,,f,,69,245,6
238,2018-04-28 21:36:36.823658,,,,,,f,,151,246,8
239,2018-04-28 21:36:51.45012,,,,,,f,,141,247,7
240,2018-04-28 21:37:13.895651,,,,,,f,,56,248,5
241,2018-04-28 21:51:31.358237,,,,,,f,,137,249,1
242,2018-04-28 21:53:23.986055,,,,,,f,,66,250,2
243,2018-04-28 21:53:54.363116,,,,,,f,,67,251,3
244,2018-04-28 21:54:19.058428,,,,,,f,,140,252,4
245,2018-04-28 21:54:41.480694,,,,,,f,,40,253,6
246,2018-04-28 21:55:15.05108,,,,,,f,,166,254,8
247,2018-04-28 21:55:53.577339,,,,,,f,,102,255,7
248,2018-04-28 21:56:25.708005,,,,,,f,,88,256,5
249,2018-04-28 22:22:18.2943,,,,,,f,,105,257,1
250,2018-04-28 22:24:04.236269,,,,,,f,,10,258,2
251,2018-04-28 22:24:58.27534,,,,,,f,,35,259,3
252,2018-04-28 22:25:22.139536,,,,,,f,,172,260,4
253,2018-04-28 22:25:51.881289,,,,,,f,,157,261,6
254,2018-04-28 22:26:09.006509,,,,,,f,,101,262,5
255,2018-04-28 22:26:33.974465,,,,,,f,,102,263,7
256,2018-04-28 22:27:02.674548,,,,,,f,,151,264,8
257,2018-04-28 22:33:02.857263,,,,,,f,,137,265,1
258,2018-04-28 22:36:48.758751,,,,,,f,,74,266,2
259,2018-04-28 22:38:02.204655,,,,,,f,,75,267,3
260,2018-04-28 22:38:59.490082,,,,,,f,,116,268,4
261,2018-04-28 22:39:48.467696,,,,,,f,,120,269,6
262,2018-04-28 22:40:27.641774,,,,,,f,,160,270,7
263,2018-04-28 22:40:57.345882,,,,,,f,,109,271,5
264,2018-04-28 22:41:42.136568,,,,,,f,,85,272,8
265,2018-04-29 00:44:03.486347,,,,,,f,,65,273,1
266,2018-04-29 00:46:17.977032,,,,,,f,,66,274,2
267,2018-04-29 00:47:25.139339,,,,,,f,,67,275,3
268,2018-04-29 00:47:54.942183,,,,,,f,,60,276,4
269,2018-04-29 00:48:30.495298,,,,,,f,,30,277,7
270,2018-04-29 00:48:59.833173,,,,,,f,,47,278,8
271,2018-04-29 00:49:32.287772,,,,,,f,,120,279,6
272,2018-04-29 00:49:56.27417,,,,,,f,,63,280,5
273,2018-04-29 02:47:40.672104,,,,,,f,,33,281,1
274,2018-04-29 02:50:09.938393,,,,,,f,,114,282,2
275,2018-04-29 02:50:30.731848,,,,,,f,,19,283,3
276,2018-04-29 02:51:30.449062,,,,,,f,,172,284,4
277,2018-04-29 02:52:12.277744,,,,,,f,,112,285,6
278,2018-04-29 02:52:56.321751,,,,,,f,,37,286,8
279,2018-04-29 02:53:36.730897,,,,,,f,,71,287,5
280,2018-04-29 02:54:24.475326,,,,,,f,,111,288,7
281,2018-04-29 04:59:49.606104,,,,,,f,,145,289,1
282,2018-04-29 05:02:18.789659,,,,,,f,,154,290,2
289,2018-04-29 06:27:04.922314,,,,,,f,,9,297,1
283,2018-04-29 05:03:00.819151,,,,,,f,,43,291,3
284,2018-04-29 05:03:34.812669,,,,,,f,,44,292,4
304,2018-04-29 08:15:27.524503,,,,,,f,,101,312,5
308,2018-04-29 10:40:57.505912,,,,,,f,,148,316,4
312,2018-04-29 10:45:19.839221,,,,,,f,,160,320,7
285,2018-04-29 05:04:19.696921,,,,,,f,,79,293,8
302,2018-04-29 08:12:15.176432,,,,,,f,,13,310,8
310,2018-04-29 10:43:11.914552,,,,,,f,,24,318,5
286,2018-04-29 05:04:50.687537,,,,,,f,,87,294,7
287,2018-04-29 05:05:17.951651,,,,,,f,,103,295,6
290,2018-04-29 06:29:55.177128,,,,,,f,,10,298,2
307,2018-04-29 10:39:22.37983,,,,,,f,,43,315,3
288,2018-04-29 05:05:52.549225,,,,,,f,,168,296,5
291,2018-04-29 06:30:54.066639,,,,,,f,,131,299,3
292,2018-04-29 06:31:30.845023,,,,,,f,,100,300,4
293,2018-04-29 06:32:21.341576,,,,,,f,,87,301,7
294,2018-04-29 06:33:09.985411,,,,,,f,,133,302,8
295,2018-04-29 06:34:11.130172,,,,,,f,,40,303,6
296,2018-04-29 06:35:03.375934,,,,,,f,,56,304,5
300,2018-04-29 08:07:42.509274,,,,,,f,,12,308,4
303,2018-04-29 08:13:42.894017,,,,,,f,,80,311,7
306,2018-04-29 10:37:56.646306,,,,,,f,,10,314,2
297,2018-04-29 08:00:01.41915,,,,,,f,,161,305,1
298,2018-04-29 08:03:41.297157,,,,,,f,,98,306,2
299,2018-04-29 08:06:09.050721,,,,,,f,,115,307,3
301,2018-04-29 08:09:58.781323,,,,,,f,,120,309,6
305,2018-04-29 10:34:49.487205,,,,,,f,,145,313,1
309,2018-04-29 10:42:12.367912,,,,,,f,,37,317,8
311,2018-04-29 10:44:24.671166,,,,,,f,,142,319,6
313,2018-04-29 10:51:01.202945,,,,,,f,,129,321,1
314,2018-04-29 10:53:27.291582,,,,,,f,,74,322,2
315,2018-04-29 10:54:14.507743,,,,,,f,,35,323,3
316,2018-04-29 10:54:52.228541,,,,,,f,,36,324,4
317,2018-04-29 10:56:19.108416,,,,,,f,,173,325,7
318,2018-04-29 10:56:56.024439,,,,,,f,,29,326,5
319,2018-04-29 10:58:15.909315,,,,,,f,,104,327,8
320,2018-04-29 10:58:53.048138,,,,,,f,,126,328,6
321,2018-04-29 11:10:21.377456,,,,,,f,,41,329,1
322,2018-04-29 11:12:29.935896,,,,,,f,,26,330,2
323,2018-04-29 11:13:07.873845,,,,,,f,,67,331,3
324,2018-04-29 11:13:45.550098,,,,,,f,,76,332,4
325,2018-04-29 11:14:22.968839,,,,,,f,,78,333,5
326,2018-04-29 11:14:45.100695,,,,,,f,,13,334,8
327,2018-04-29 11:15:13.190966,,,,,,f,,69,335,6
328,2018-04-29 11:15:40.35989,,,,,,f,,134,336,7
329,2018-04-29 11:35:48.585397,,,,,,f,,305,337,1
330,2018-04-29 11:38:20.966928,,,,,,f,,258,338,2
331,2018-04-29 11:39:25.395939,,,,,,f,,227,339,3
332,2018-04-29 11:39:51.434855,,,,,,f,,228,340,4
333,2018-04-29 11:40:36.200675,,,,,,f,,334,341,8
334,2018-04-29 11:40:50.467906,,,,,,f,,261,342,6
335,2018-04-29 11:41:21.464057,,,,,,f,,287,343,5
336,2018-04-29 11:41:45.435575,,,,,,f,,263,344,7
337,2018-04-29 11:45:50.625624,,,,,,f,,233,345,1
338,2018-04-29 11:48:15.393654,,,,,,f,,250,346,2
339,2018-04-29 11:49:29.212445,,,,,,f,,251,347,3
340,2018-04-29 11:51:05.235586,,,,,,f,,252,348,4
341,2018-04-29 11:52:33.246223,,,,,,f,,223,349,8
342,2018-04-29 11:53:05.936437,,,,,,f,,294,350,7
343,2018-04-29 11:53:57.783991,,,,,,f,,189,351,6
344,2018-04-29 11:54:34.558726,,,,,,f,,318,352,5
345,2018-04-29 12:08:24.244449,,,,,,f,,289,353,1
346,2018-04-29 12:08:56.469175,,,,,,f,,290,354,2
347,2018-04-29 12:09:06.074323,,,,,,f,,283,355,3
348,2018-04-29 12:09:16.796189,,,,,,f,,300,356,4
349,2018-04-29 12:09:25.828516,,,,,,f,,288,357,7
350,2018-04-29 12:09:38.619357,,,,,,f,,293,358,8
351,2018-04-29 12:09:50.488024,,,,,,f,,312,359,5
352,2018-04-29 12:10:00.79672,,,,,,f,,328,360,6
353,2018-04-29 12:14:40.860262,,,,,,f,,185,361,1
354,2018-04-29 12:16:49.624638,,,,,,f,,194,362,2
355,2018-04-29 12:17:53.044164,,,,,,f,,323,363,3
356,2018-04-29 12:18:54.91585,,,,,,f,,268,364,4
357,2018-04-29 12:19:34.740902,,,,,,f,,278,365,8
358,2018-04-29 12:20:06.785135,,,,,,f,,335,366,6
359,2018-04-29 12:20:33.226688,,,,,,f,,232,367,7
360,2018-04-29 12:21:03.729076,,,,,,f,,271,368,5
361,2018-04-29 12:26:00.412198,,,,,,t,2018-04-29 12:26:14.515726,273,369,1
362,2018-04-29 12:29:52.248925,,,,,,f,,329,370,1
363,2018-04-29 12:32:40.213033,,,,,,f,,194,371,2
364,2018-04-29 12:34:29.172843,,,,,,f,,291,372,3
365,2018-04-29 12:35:10.796314,,,,,,f,,196,373,4
366,2018-04-29 12:35:40.679837,,,,,,f,,181,374,7
367,2018-04-29 12:36:03.214674,,,,,,f,,280,375,5
368,2018-04-29 12:36:46.204628,,,,,,f,,309,376,6
369,2018-04-29 12:37:20.205651,,,,,,f,,231,377,8
370,2018-04-29 12:41:41.914926,,,,,,f,,217,378,1
371,2018-04-29 12:43:56.807748,,,,,,f,,274,379,2
372,2018-04-29 12:45:49.032196,,,,,,f,,219,380,3
373,2018-04-29 12:46:47.416173,,,,,,f,,316,381,4
374,2018-04-29 12:47:43.182646,,,,,,f,,311,382,7
375,2018-04-29 12:48:19.011905,,,,,,f,,229,383,5
376,2018-04-29 12:48:42.691598,,,,,,f,,293,384,8
377,2018-04-29 12:49:30.13295,,,,,,f,,189,385,6
378,2018-04-29 12:56:04.819884,,,,,,f,,249,386,1
379,2018-04-29 12:58:05.807445,,,,,,f,,226,387,2
380,2018-04-29 12:58:47.31115,,,,,,f,,243,388,3
381,2018-04-29 12:59:00.67964,,,,,,f,,268,389,4
382,2018-04-29 12:59:29.055318,,,,,,f,,301,390,7
383,2018-04-29 12:59:43.545914,,,,,,f,,222,391,5
384,2018-04-29 13:00:00.043545,,,,,,f,,200,392,8
385,2018-04-29 13:00:11.363518,,,,,,f,,279,393,6
386,2018-04-29 13:04:13.19769,,,,,,f,,265,394,1
387,2018-04-29 13:05:30.640532,,,,,,f,,290,395,2
388,2018-04-29 13:06:47.28575,,,,,,f,,211,396,3
389,2018-04-29 13:07:50.923353,,,,,,f,,204,397,4
390,2018-04-29 13:08:16.638071,,,,,,f,,253,398,6
391,2018-04-29 13:11:09.524885,,,,,,f,,198,399,7
392,2018-04-29 13:11:36.180894,,,,,,f,,239,400,8
393,2018-04-29 13:11:59.890124,,,,,,f,,248,401,5
394,2018-04-29 13:14:13.328712,,,,,,f,,313,402,1
395,2018-04-29 13:15:48.54398,,,,,,f,,282,403,2
396,2018-04-29 13:16:09.820025,,,,,,f,,307,404,3
397,2018-04-29 13:16:41.482243,,,,,,f,,300,405,4
398,2018-04-29 13:17:15.256338,,,,,,f,,229,406,5
399,2018-04-29 13:17:33.781623,,,,,,f,,221,407,6
400,2018-04-29 13:18:09.641657,,,,,,f,,191,408,8
401,2018-04-29 13:18:30.088326,,,,,,f,,214,409,7
402,2018-04-29 13:20:53.440661,,,,,,f,,329,410,1
403,2018-04-29 13:21:41.692125,,,,,,f,,290,411,2
404,2018-04-29 13:22:11.498653,,,,,,f,,203,412,3
405,2018-04-29 13:22:36.332768,,,,,,f,,228,413,4
406,2018-04-29 13:23:01.208046,,,,,,f,,192,414,5
407,2018-04-29 13:23:17.428844,,,,,,f,,181,415,7
408,2018-04-29 13:23:32.345668,,,,,,f,,309,416,6
409,2018-04-29 13:23:47.579741,,,,,,f,,216,417,8
410,2018-04-29 13:38:04.322079,,,,,,f,,265,418,1
411,2018-04-29 13:39:23.223441,,,,,,f,,330,419,2
412,2018-04-29 13:39:39.371455,,,,,,f,,235,420,3
413,2018-04-29 13:39:54.936194,,,,,,f,,332,421,4
414,2018-04-29 13:40:26.685203,,,,,,f,,190,422,7
415,2018-04-29 13:40:42.418859,,,,,,f,,326,423,5
416,2018-04-29 13:41:15.508523,,,,,,f,,207,424,8
417,2018-04-29 13:41:28.960836,,,,,,f,,182,425,6
418,2018-04-29 14:23:34.413147,,,,,,f,,241,426,1
419,2018-04-29 14:28:41.975335,,,,,,f,,314,427,2
420,2018-04-29 14:30:32.041166,,,,,,f,,291,428,3
421,2018-04-29 14:32:06.741918,,,,,,f,,212,429,4
422,2018-04-29 14:33:28.623156,,,,,,f,,333,430,5
423,2018-04-29 14:33:55.591112,,,,,,f,,264,431,8
424,2018-04-29 14:34:58.711321,,,,,,f,,198,432,7
425,2018-04-29 14:35:16.351416,,,,,,f,,309,433,6
426,2018-04-29 14:46:06.413507,,,,,,f,,305,434,1
427,2018-04-29 14:50:17.142734,,,,,,f,,298,435,2
448,2018-04-29 16:02:07.926646,,,,,,f,,206,456,6
455,2018-04-29 16:29:38.732724,,,,,,f,,333,463,5
428,2018-04-29 14:51:10.88101,,,,,,f,,187,436,3
429,2018-04-29 14:51:54.078901,,,,,,f,,300,437,4
430,2018-04-29 14:52:41.325888,,,,,,f,,232,438,7
461,2018-04-29 16:39:58.635068,,,,,,f,,228,469,4
467,2018-04-29 17:20:40.355457,,,,,,f,,202,475,2
473,2018-04-29 17:23:55.202889,,,,,,f,,303,481,6
474,2018-04-29 21:37:44.427509,,,,,,f,,177,482,1
431,2018-04-29 14:53:15.761258,,,,,,f,,261,439,6
432,2018-04-29 14:53:55.758826,,,,,,f,,296,440,5
433,2018-04-29 14:54:21.215118,,,,,,f,,207,441,8
434,2018-04-29 15:42:38.67754,,,,,,f,,233,442,1
435,2018-04-29 15:44:50.093539,,,,,,f,,330,443,2
442,2018-04-29 15:53:52.515012,,,,,,f,,201,450,1
443,2018-04-29 15:57:17.84822,,,,,,f,,202,451,2
444,2018-04-29 15:59:02.763357,,,,,,f,,323,452,3
445,2018-04-29 15:59:51.164269,,,,,,f,,260,453,4
452,2018-04-29 16:26:08.820589,,,,,,f,,275,460,3
453,2018-04-29 16:27:01.968967,,,,,,f,,292,461,4
457,2018-04-29 16:32:14.476884,,,,,,f,,263,465,7
462,2018-04-29 16:40:39.388869,,,,,,f,,280,470,5
463,2018-04-29 16:41:17.163278,,,,,,f,,263,471,7
465,2018-04-29 16:42:37.047468,,,,,,f,,303,473,6
436,2018-04-29 15:45:07.341585,,,,,,f,,243,444,3
437,2018-04-29 15:45:26.034235,,,,,,f,,292,445,4
438,2018-04-29 15:45:53.152118,,,,,,f,,293,446,8
458,2018-04-29 16:36:37.747198,,,,,,f,,281,466,1
466,2018-04-29 17:19:31.221082,,,,,,f,,185,474,1
439,2018-04-29 15:46:23.407018,,,,,,f,,326,447,5
464,2018-04-29 16:41:59.834073,,,,,,f,,317,472,8
440,2018-04-29 15:48:51.187506,,,,,,f,,328,448,6
449,2018-04-29 16:02:40.464203,,,,,,f,,272,457,8
441,2018-04-29 15:49:24.513495,,,,,,f,,294,449,7
446,2018-04-29 16:00:42.754948,,,,,,f,,326,454,5
451,2018-04-29 16:25:04.600905,,,,,,f,,330,459,2
447,2018-04-29 16:01:34.424283,,,,,,f,,336,455,7
450,2018-04-29 16:21:25.684826,,,,,,f,,265,458,1
454,2018-04-29 16:28:31.875668,,,,,,f,,213,462,6
468,2018-04-29 17:21:26.015759,,,,,,f,,179,476,3
456,2018-04-29 16:30:32.464125,,,,,,f,,183,464,8
472,2018-04-29 17:23:21.155153,,,,,,f,,304,480,5
459,2018-04-29 16:38:26.644266,,,,,,f,,202,467,2
460,2018-04-29 16:39:27.276915,,,,,,f,,219,468,3
469,2018-04-29 17:22:06.450797,,,,,,f,,300,477,4
470,2018-04-29 17:22:36.044688,,,,,,f,,237,478,7
471,2018-04-29 17:22:55.138167,,,,,,f,,264,479,8
475,2018-04-29 21:39:15.299244,,,,,,f,,202,483,2
476,2018-04-29 21:39:41.757698,,,,,,f,,307,484,3
477,2018-04-29 21:40:18.999746,,,,,,f,,244,485,4
478,2018-04-29 21:40:35.575319,,,,,,f,,232,486,7
479,2018-04-29 21:40:54.829178,,,,,,f,,256,487,5
480,2018-04-29 21:41:12.414031,,,,,,f,,264,488,8
481,2018-04-29 21:41:29.039518,,,,,,f,,189,489,6
482,2018-04-29 21:46:14.958963,,,,,,f,,201,490,1
483,2018-04-29 21:48:39.167611,,,,,,f,,314,491,2
484,2018-04-29 21:49:51.762638,,,,,,f,,315,492,3
485,2018-04-29 21:51:14.242348,,,,,,f,,284,493,4
486,2018-04-29 21:51:49.463945,,,,,,f,,262,494,5
487,2018-04-29 21:52:47.930075,,,,,,f,,237,495,7
488,2018-04-29 21:53:30.906863,,,,,,f,,279,496,6
489,2018-04-29 21:55:14.058356,,,,,,f,,327,497,8
490,2018-04-29 22:05:21.550401,,,,,,f,,482,498,1
491,2018-04-29 22:07:48.172818,,,,,,f,,403,499,2
492,2018-04-29 22:09:41.1499,,,,,,f,,355,500,3
493,2018-04-29 22:11:27.627088,,,,,,f,,461,501,4
494,2018-04-29 22:12:51.939815,,,,,,f,,481,502,6
495,2018-04-29 22:13:40.734058,,,,,,f,,486,503,7
496,2018-04-29 22:14:46.150686,,,,,,f,,358,504,8
497,2018-04-29 22:15:49.375517,,,,,,f,,494,505,5
498,2018-04-29 22:39:33.055051,,,,,,f,,474,506,1
499,2018-04-29 22:41:58.164917,,,,,,f,,419,507,2
500,2018-04-29 22:42:57.073882,,,,,,f,,363,508,3
501,2018-04-29 22:43:42.097595,,,,,,f,,429,509,4
502,2018-04-29 22:44:14.136943,,,,,,f,,415,510,7
503,2018-04-29 22:44:39.677635,,,,,,f,,365,511,8
504,2018-04-29 22:45:12.397689,,,,,,f,,439,512,6
505,2018-04-29 22:45:39.33568,,,,,,f,,368,513,5
506,2018-04-29 22:52:04.088584,,,,,,f,,410,514,1
507,2018-04-29 22:54:31.392204,,,,,,f,,346,515,2
508,2018-04-29 22:55:41.674691,,,,,,f,,476,516,3
509,2018-04-29 22:56:34.969233,,,,,,f,,461,517,4
510,2018-04-29 22:58:01.050502,,,,,,f,,383,518,5
511,2018-04-29 22:58:54.161868,,,,,,f,,486,519,7
512,2018-04-29 22:59:26.318652,,,,,,f,,448,520,6
513,2018-04-29 22:59:52.939737,,,,,,f,,408,521,8
514,2018-04-29 23:04:54.518655,,,,,,f,,361,522,1
515,2018-04-29 23:07:16.007645,,,,,,f,,475,523,2
516,2018-04-29 23:08:18.781962,,,,,,f,,420,524,3
517,2018-04-29 23:09:08.732143,,,,,,f,,485,525,4
518,2018-04-29 23:09:45.289218,,,,,,f,,343,526,5
519,2018-04-29 23:10:17.829652,,,,,,f,,433,527,6
520,2018-04-29 23:10:45.949529,,,,,,f,,365,528,8
521,2018-04-29 23:11:17.858128,,,,,,f,,432,529,7
522,2018-04-29 23:45:50.429339,,,,,,f,,386,530,1
523,2018-04-29 23:46:27.098843,,,,,,f,,362,531,2
524,2018-04-29 23:46:46.145143,,,,,,f,,380,532,3
525,2018-04-29 23:47:11.805793,,,,,,f,,381,533,4
526,2018-04-29 23:47:45.880377,,,,,,f,,344,534,7
527,2018-04-29 23:48:50.570832,,,,,,f,,448,535,6
528,2018-04-29 23:49:03.681988,,,,,,f,,368,536,5
529,2018-04-29 23:49:28.868072,,,,,,f,,384,537,8
537,2018-04-30 00:01:50.303487,,,,,,t,2018-04-30 00:02:32.716539,432,545,7
536,2018-04-30 00:01:31.663748,,,,,,t,2018-04-30 00:02:32.812283,480,544,5
535,2018-04-30 00:01:14.980871,,,,,,t,2018-04-30 00:02:32.880291,457,543,8
534,2018-04-30 00:00:50.059856,,,,,,t,2018-04-30 00:02:32.956791,462,542,6
533,2018-04-30 00:00:27.927917,,,,,,t,2018-04-30 00:02:33.015665,469,541,4
532,2018-04-29 23:59:59.500014,,,,,,t,2018-04-30 00:02:33.192826,396,540,3
531,2018-04-29 23:59:10.501732,,,,,,t,2018-04-30 00:02:33.320878,379,539,2
530,2018-04-29 23:56:16.898012,,,,,,t,2018-04-30 00:02:33.424984,458,538,1
538,2018-04-30 00:07:54.124933,,,,,,f,,450,546,1
539,2018-04-30 00:09:19.509737,,,,,,f,,467,547,2
540,2018-04-30 00:10:24.354761,,,,,,f,,452,548,3
541,2018-04-30 00:11:16.930686,,,,,,f,,381,549,4
542,2018-04-30 00:12:06.717719,,,,,,f,,399,550,7
543,2018-04-30 00:12:48.297285,,,,,,f,,375,551,5
544,2018-04-30 00:13:23.575913,,,,,,f,,489,552,6
545,2018-04-30 00:13:39.505719,,,,,,f,,441,553,8
546,2018-04-30 00:41:57.147716,,,,,,f,,386,554,1
547,2018-04-30 00:42:43.185599,,,,,,f,,459,555,2
548,2018-04-30 00:43:12.023481,,,,,,f,,468,556,3
549,2018-04-30 00:51:08.000925,,,,,,f,,461,557,4
550,2018-04-30 00:51:32.915816,,,,,,f,,390,558,7
551,2018-04-30 00:51:58.400814,,,,,,f,,425,559,6
552,2018-04-30 00:52:26.485673,,,,,,f,,359,560,5
553,2018-04-30 00:52:45.223899,,,,,,f,,424,561,8
554,2018-04-30 01:59:27.389016,,,,,,f,,345,562,1
555,2018-04-30 02:03:19.468074,,,,,,f,,483,563,2
556,2018-04-30 02:04:14.981063,,,,,,f,,444,564,3
557,2018-04-30 02:04:52.329121,,,,,,f,,364,565,4
558,2018-04-30 02:05:52.366264,,,,,,f,,463,566,5
559,2018-04-30 02:07:14.25906,,,,,,f,,462,567,6
560,2018-04-30 02:07:58.607027,,,,,,f,,438,568,7
561,2018-04-30 02:08:58.491881,,,,,,f,,457,569,8
562,2018-04-30 02:13:42.772127,,,,,,t,2018-04-30 02:14:33.804492,410,570,1
563,2018-04-30 02:22:02.952924,,,,,,f,,450,571,1
564,2018-04-30 02:23:26.235168,,,,,,f,,491,572,2
565,2018-04-30 02:24:07.342222,,,,,,f,,436,573,3
566,2018-04-30 02:24:39.432184,,,,,,f,,485,574,4
567,2018-04-30 02:25:12.8696,,,,,,f,,366,575,6
568,2018-04-30 02:25:50.74207,,,,,,f,,368,576,5
569,2018-04-30 02:26:25.923688,,,,,,f,,400,577,8
570,2018-04-30 02:26:46.301971,,,,,,f,,495,578,7
571,2018-04-30 03:24:43.440933,,,,,,f,,378,579,1
572,2018-04-30 03:25:25.680375,,,,,,f,,475,580,2
573,2018-04-30 03:25:55.714045,,,,,,f,,460,581,3
574,2018-04-30 03:26:16.493183,,,,,,f,,364,582,4
575,2018-04-30 03:26:40.181311,,,,,,f,,422,583,7
576,2018-04-30 03:27:14.645332,,,,,,f,,447,584,5
577,2018-04-30 03:27:38.493701,,,,,,f,,341,585,8
578,2018-04-30 03:28:15.141063,,,,,,f,,448,586,6
579,2018-04-30 03:30:15.079546,,,,,,f,,450,587,1
580,2018-04-30 03:31:25.528914,,,,,,f,,371,588,2
581,2018-04-30 03:32:11.096494,,,,,,f,,468,589,3
582,2018-04-30 03:32:48.187972,,,,,,f,,397,590,4
583,2018-04-30 03:33:05.910275,,,,,,f,,349,591,8
584,2018-04-30 03:33:18.418116,,,,,,f,,343,592,5
585,2018-04-30 03:33:33.247514,,,,,,f,,495,593,7
586,2018-04-30 03:33:57.883237,,,,,,f,,376,594,6
587,2018-04-30 04:59:04.859772,,,,,,f,,442,595,1
588,2018-04-30 05:01:05.801482,,,,,,f,,451,596,2
589,2018-04-30 05:01:33.405803,,,,,,f,,372,597,3
590,2018-04-30 05:01:57.140205,,,,,,f,,405,598,4
601,2018-04-30 05:22:40.288402,,,,,,f,,385,609,6
605,2018-04-30 06:19:30.849097,,,,,,f,,420,613,3
607,2018-04-30 06:22:32.134069,,,,,,f,,455,615,7
628,2018-04-30 08:02:32.253085,,,,,,f,,411,636,2
641,2018-04-30 08:20:00.287181,,,,,,f,,424,649,8
648,2018-04-30 08:34:50.164045,,,,,,f,,448,656,6
650,2018-04-30 08:36:25.107693,,,,,,f,,406,658,5
651,2018-04-30 09:47:12.684146,,,,,,f,,450,659,1
671,2018-04-30 11:39:37.163517,,,,,,f,,634,679,7
680,2018-04-30 12:54:36.319347,,,,,,f,,566,688,5
591,2018-04-30 05:02:19.92532,,,,,,f,,424,599,8
592,2018-04-30 05:02:36.721491,,,,,,f,,416,600,6
593,2018-04-30 05:02:55.46954,,,,,,f,,409,601,7
616,2018-04-30 06:42:12.21996,,,,,,f,,393,624,6
621,2018-04-30 07:32:50.447541,,,,,,f,,355,629,3
630,2018-04-30 08:04:54.87053,,,,,,f,,389,638,4
633,2018-04-30 08:05:59.525103,,,,,,f,,470,641,5
642,2018-04-30 08:20:21.935644,,,,,,f,,471,650,7
662,2018-04-30 10:03:41.569465,,,,,,f,,630,670,4
674,2018-04-30 11:41:15.565981,,,,,,f,,511,682,8
676,2018-04-30 12:51:07.378557,,,,,,f,,636,684,2
594,2018-04-30 05:03:10.697567,,,,,,f,,406,602,5
595,2018-04-30 05:17:11.625915,,,,,,f,,370,603,1
596,2018-04-30 05:18:26.547901,,,,,,f,,427,604,2
597,2018-04-30 05:19:32.206824,,,,,,f,,363,605,3
598,2018-04-30 05:20:28.24053,,,,,,f,,348,606,4
599,2018-04-30 05:21:30.515645,,,,,,f,,401,607,5
600,2018-04-30 05:22:15.891807,,,,,,f,,399,608,7
602,2018-04-30 05:23:00.133546,,,,,,f,,472,610,8
603,2018-04-30 06:16:26.73061,,,,,,f,,418,611,1
613,2018-04-30 06:38:22.931385,,,,,,f,,460,621,3
626,2018-04-30 07:36:00.351595,,,,,,f,,350,634,7
631,2018-04-30 08:05:09.521788,,,,,,f,,393,639,6
632,2018-04-30 08:05:34.549891,,,,,,f,,422,640,7
639,2018-04-30 08:18:48.133119,,,,,,f,,440,647,5
640,2018-04-30 08:19:25.433894,,,,,,f,,439,648,6
653,2018-04-30 09:49:36.093836,,,,,,f,,492,661,3
659,2018-04-30 09:58:46.661147,,,,,,f,,627,667,1
667,2018-04-30 11:32:15.934382,,,,,,f,,554,675,1
670,2018-04-30 11:39:03.519036,,,,,,f,,509,678,4
672,2018-04-30 11:40:10.583747,,,,,,f,,648,680,6
673,2018-04-30 11:40:52.91717,,,,,,f,,566,681,5
681,2018-04-30 12:55:10.854678,,,,,,f,,633,689,6
604,2018-04-30 06:18:30.06919,,,,,,f,,467,612,2
606,2018-04-30 06:20:33.773969,,,,,,f,,493,614,4
608,2018-04-30 06:23:57.585938,,,,,,f,,447,616,5
609,2018-04-30 06:24:31.119162,,,,,,f,,425,617,6
610,2018-04-30 06:25:51.141035,,,,,,f,,479,618,8
615,2018-04-30 06:41:20.572176,,,,,,f,,400,623,8
617,2018-04-30 06:43:07.429587,,,,,,f,,430,625,5
619,2018-04-30 07:29:15.337996,,,,,,f,,410,627,1
624,2018-04-30 07:34:55.008168,,,,,,f,,464,632,8
629,2018-04-30 08:03:46.607475,,,,,,f,,339,637,3
644,2018-04-30 08:29:04.907345,,,,,,f,,427,652,2
669,2018-04-30 11:38:24.026624,,,,,,f,,508,677,3
611,2018-04-30 06:33:59.375547,,,,,,f,,458,619,1
656,2018-04-30 09:52:37.82539,,,,,,f,,480,664,5
661,2018-04-30 10:02:33.432737,,,,,,f,,556,669,3
664,2018-04-30 10:05:07.170228,,,,,,f,,504,672,8
668,2018-04-30 11:36:55.728022,,,,,,f,,604,676,2
612,2018-04-30 06:36:47.362035,,,,,,f,,475,620,2
620,2018-04-30 07:31:36.682887,,,,,,f,,483,628,2
665,2018-04-30 10:05:32.353857,,,,,,f,,578,673,7
614,2018-04-30 06:39:24.62905,,,,,,f,,356,622,4
618,2018-04-30 06:44:33.385336,,,,,,f,,478,626,7
622,2018-04-30 07:33:39.787585,,,,,,f,,461,630,4
623,2018-04-30 07:34:18.540247,,,,,,f,,423,631,5
638,2018-04-30 08:18:12.611721,,,,,,f,,413,646,4
649,2018-04-30 08:35:22.145652,,,,,,f,,377,657,8
652,2018-04-30 09:48:46.448846,,,,,,f,,491,660,2
658,2018-04-30 09:54:35.568322,,,,,,f,,385,666,6
682,2018-04-30 12:55:42.558069,,,,,,f,,553,690,8
625,2018-04-30 07:35:31.91403,,,,,,f,,385,633,6
627,2018-04-30 08:00:10.369687,,,,,,f,,353,635,1
637,2018-04-30 08:17:23.900651,,,,,,f,,484,645,3
678,2018-04-30 12:52:56.133066,,,,,,f,,565,686,4
634,2018-04-30 08:06:19.656592,,,,,,f,,349,642,8
660,2018-04-30 10:01:08.21262,,,,,,f,,515,668,2
663,2018-04-30 10:04:32.74306,,,,,,f,,502,671,6
679,2018-04-30 12:53:53.530536,,,,,,f,,510,687,7
635,2018-04-30 08:13:57.977247,,,,,,f,,378,643,1
643,2018-04-30 08:27:17.480761,,,,,,f,,466,651,1
646,2018-04-30 08:32:32.091091,,,,,,f,,340,654,4
654,2018-04-30 09:50:23.439073,,,,,,f,,413,662,4
657,2018-04-30 09:53:28.632542,,,,,,f,,422,665,7
636,2018-04-30 08:15:56.775342,,,,,,f,,338,644,2
645,2018-04-30 08:31:02.768623,,,,,,f,,420,653,3
647,2018-04-30 08:33:47.456182,,,,,,f,,382,655,7
655,2018-04-30 09:51:22.362463,,,,,,f,,365,663,8
666,2018-04-30 10:07:06.66104,,,,,,f,,576,674,5
675,2018-04-30 12:47:39.529539,,,,,,f,,506,683,1
677,2018-04-30 12:52:19.696618,,,,,,f,,532,685,3
683,2018-04-30 13:51:51.028529,,,,,,f,,659,691,1
684,2018-04-30 13:53:01.530188,,,,,,f,,555,692,2
685,2018-04-30 13:53:23.94863,,,,,,f,,605,693,3
686,2018-04-30 13:53:42.861601,,,,,,f,,606,694,4
687,2018-04-30 13:54:39.146184,,,,,,f,,537,695,8
688,2018-04-30 13:55:13.165694,,,,,,f,,634,696,7
689,2018-04-30 13:55:36.680958,,,,,,f,,607,697,5
690,2018-04-30 13:56:03.225215,,,,,,f,,586,698,6
691,2018-04-30 14:09:37.285374,,,,,,f,,530,699,1
692,2018-04-30 14:10:20.992397,,,,,,f,,652,700,2
693,2018-04-30 14:10:47.489649,,,,,,f,,564,701,3
694,2018-04-30 14:11:02.513046,,,,,,f,,622,702,4
695,2018-04-30 14:11:25.447528,,,,,,f,,566,703,5
696,2018-04-30 14:12:09.456757,,,,,,f,,615,704,7
697,2018-04-30 14:12:29.548478,,,,,,f,,617,705,6
698,2018-04-30 14:12:53.675941,,,,,,f,,618,706,8
699,2018-04-30 16:27:28.27339,,,,,,f,,651,707,1
700,2018-04-30 16:35:19.884682,,,,,,f,,523,708,2
701,2018-04-30 16:38:57.999524,,,,,,f,,556,709,3
702,2018-04-30 16:40:12.236699,,,,,,f,,501,710,4
703,2018-04-30 16:41:18.621567,,,,,,f,,641,711,5
704,2018-04-30 16:43:49.819166,,,,,,f,,633,712,6
705,2018-04-30 16:45:56.867503,,,,,,f,,650,713,7
706,2018-04-30 16:47:42.465348,,,,,,f,,585,714,8
707,2018-04-30 17:21:43.075447,,,,,,f,,619,715,1
708,2018-04-30 17:22:50.382015,,,,,,f,,515,716,2
709,2018-04-30 17:23:23.373566,,,,,,f,,629,717,3
710,2018-04-30 17:23:47.206652,,,,,,f,,509,718,4
711,2018-04-30 17:24:45.306119,,,,,,f,,617,719,6
712,2018-04-30 17:25:16.599005,,,,,,f,,608,720,7
713,2018-04-30 17:26:15.176483,,,,,,f,,577,721,8
714,2018-04-30 17:26:39.924665,,,,,,f,,551,722,5
715,2018-04-30 17:56:38.910007,,,,,,f,,522,723,1
716,2018-04-30 18:00:18.402763,,,,,,f,,580,724,2
717,2018-04-30 18:01:13.331015,,,,,,f,,581,725,3
718,2018-04-30 18:02:08.54811,,,,,,f,,582,726,4
719,2018-04-30 18:02:55.946983,,,,,,f,,529,727,7
720,2018-04-30 18:03:34.390339,,,,,,f,,527,728,6
721,2018-04-30 18:04:30.293259,,,,,,f,,618,729,8
722,2018-04-30 18:05:27.627921,,,,,,f,,560,730,5
723,2018-04-30 18:10:01.985807,,,,,,f,,611,731,1
724,2018-04-30 18:13:05.819694,,,,,,f,,507,732,2
725,2018-04-30 18:13:55.471877,,,,,,f,,613,733,3
726,2018-04-30 18:15:08.795146,,,,,,f,,574,734,4
727,2018-04-30 18:15:29.285019,,,,,,f,,641,735,5
728,2018-04-30 18:15:45.097402,,,,,,f,,568,736,7
729,2018-04-30 18:16:04.924785,,,,,,f,,610,737,8
730,2018-04-30 18:16:54.650593,,,,,,f,,609,738,6
731,2018-04-30 18:20:37.159484,,,,,,f,,627,739,1
732,2018-04-30 18:21:38.665915,,,,,,f,,531,740,2
733,2018-04-30 18:22:21.502184,,,,,,f,,573,741,3
734,2018-04-30 18:22:44.555501,,,,,,f,,590,742,4
735,2018-04-30 18:23:35.184472,,,,,,f,,552,743,6
736,2018-04-30 18:23:55.013065,,,,,,f,,592,744,5
737,2018-04-30 18:24:19.448136,,,,,,f,,585,745,8
738,2018-04-30 18:25:08.049796,,,,,,f,,608,746,7
739,2018-04-30 19:40:12.754001,,,,,,f,,651,747,1
740,2018-04-30 19:42:06.183987,,,,,,f,,636,748,2
741,2018-04-30 19:42:57.285871,,,,,,f,,589,749,3
742,2018-04-30 19:43:26.830124,,,,,,f,,662,750,4
743,2018-04-30 19:44:04.801335,,,,,,f,,592,751,5
744,2018-04-30 19:44:32.264413,,,,,,f,,642,752,8
745,2018-04-30 19:45:04.652151,,,,,,f,,666,753,6
746,2018-04-30 19:45:29.992386,,,,,,f,,529,754,7
747,2018-04-30 19:59:29.945753,,,,,,f,,522,755,1
748,2018-04-30 20:01:02.402919,,,,,,f,,572,756,2
749,2018-04-30 20:01:30.108315,,,,,,f,,605,757,3
750,2018-04-30 20:02:00.339461,,,,,,f,,630,758,4
751,2018-04-30 20:02:30.299421,,,,,,f,,602,759,5
752,2018-04-30 20:05:25.696374,,,,,,f,,617,760,6
753,2018-04-30 20:05:55.60526,,,,,,f,,583,761,7
754,2018-04-30 20:06:17.189999,,,,,,f,,537,762,8
755,2018-04-30 20:12:07.388929,,,,,,f,,611,763,1
756,2018-04-30 20:13:45.784962,,,,,,f,,620,764,2
757,2018-04-30 20:14:21.276568,,,,,,f,,661,765,3
758,2018-04-30 20:14:58.320144,,,,,,f,,606,766,4
759,2018-04-30 20:15:28.078786,,,,,,f,,600,767,6
760,2018-04-30 20:15:43.271886,,,,,,f,,658,768,5
761,2018-04-30 20:16:04.410647,,,,,,f,,550,769,7
762,2018-04-30 20:16:20.144747,,,,,,f,,521,770,8
763,2018-04-30 20:36:46.185196,,,,,,f,,562,771,1
764,2018-04-30 20:37:22.431836,,,,,,f,,580,772,2
765,2018-04-30 20:37:41.132082,,,,,,f,,597,773,3
766,2018-04-30 20:37:51.182454,,,,,,f,,590,774,4
767,2018-04-30 20:38:04.139826,,,,,,f,,566,775,5
768,2018-04-30 20:38:20.6162,,,,,,f,,527,776,6
769,2018-04-30 20:38:31.529899,,,,,,f,,593,777,7
770,2018-04-30 20:38:43.323102,,,,,,f,,561,778,8
777,2018-04-30 23:01:46.976546,,,,,,t,2018-04-30 23:02:43.891091,535,785,6
776,2018-04-30 23:00:13.682072,,,,,,t,2018-04-30 23:02:43.938414,537,784,8
775,2018-04-30 22:58:58.567675,,,,,,t,2018-04-30 23:02:43.98933,665,783,7
774,2018-04-30 22:57:56.195189,,,,,,t,2018-04-30 23:02:44.038879,557,782,4
773,2018-04-30 22:56:32.528494,,,,,,t,2018-04-30 23:02:44.090404,516,781,3
772,2018-04-30 22:55:30.001114,,,,,,t,2018-04-30 23:02:44.140664,588,780,2
771,2018-04-30 22:52:15.12403,,,,,,t,2018-04-30 23:02:44.189234,627,779,1
778,2018-04-30 23:16:54.813057,,,,,,f,,651,786,1
779,2018-04-30 23:18:10.739519,,,,,,f,,547,787,2
780,2018-04-30 23:18:29.132634,,,,,,f,,613,788,3
781,2018-04-30 23:18:43.085199,,,,,,f,,590,789,4
782,2018-04-30 23:18:55.6126,,,,,,f,,626,790,7
783,2018-04-30 23:19:55.354659,,,,,,f,,512,791,6
784,2018-04-30 23:20:21.895853,,,,,,f,,576,792,5
785,2018-04-30 23:20:33.520334,,,,,,f,,642,793,8
786,2018-04-30 23:24:15.574499,,,,,,f,,595,794,1
787,2018-04-30 23:25:40.995761,,,,,,f,,515,795,2
788,2018-04-30 23:26:33.103986,,,,,,f,,637,796,3
789,2018-04-30 23:27:07.277564,,,,,,f,,630,797,4
790,2018-04-30 23:27:32.289942,,,,,,f,,639,798,6
791,2018-04-30 23:27:59.775892,,,,,,f,,602,799,5
792,2018-04-30 23:28:33.27335,,,,,,f,,568,800,7
793,2018-04-30 23:29:13.210595,,,,,,f,,528,801,8
794,2018-05-01 00:56:36.372154,,,,,,f,,498,802,1
795,2018-05-01 00:58:11.842616,,,,,,f,,612,803,2
796,2018-05-01 00:59:26.595985,,,,,,f,,629,804,3
797,2018-05-01 00:59:51.491346,,,,,,f,,582,805,4
798,2018-05-01 01:00:21.087455,,,,,,f,,521,806,8
799,2018-05-01 01:00:41.834589,,,,,,f,,656,807,6
800,2018-05-01 01:00:57.00164,,,,,,f,,634,808,7
801,2018-05-01 01:01:30.617838,,,,,,f,,664,809,5
802,2018-05-01 01:08:23.065665,,,,,,f,,603,810,1
813,2018-05-01 01:22:49.55125,,,,,,f,,582,821,4
816,2018-05-01 01:24:44.016035,,,,,,f,,586,824,6
819,2018-05-01 02:34:56.192249,,,,,,f,,555,827,2
824,2018-05-01 02:37:33.630291,,,,,,f,,553,832,8
834,2018-05-01 03:04:24.440564,,,,,,f,,786,842,1
836,2018-05-01 03:05:08.819142,,,,,,f,,828,844,3
837,2018-05-01 03:05:18.591804,,,,,,f,,821,845,4
844,2018-05-01 03:26:43.855334,,,,,,f,,717,852,3
869,2018-05-01 06:57:28.038144,,,,,,f,,669,877,3
870,2018-05-01 06:57:49.591681,,,,,,f,,686,878,4
883,2018-05-01 08:35:31.135333,,,,,,f,,802,891,1
891,2018-05-01 08:40:33.952158,,,,,,f,,818,899,1
894,2018-05-01 08:43:06.118234,,,,,,f,,710,902,4
901,2018-05-01 08:59:09.011538,,,,,,f,,804,909,3
903,2018-05-01 09:00:07.943874,,,,,,f,,761,911,7
916,2018-05-01 13:07:09.759117,,,,,,f,,692,924,2
927,2018-05-01 13:37:40.068136,,,,,,f,,776,935,6
803,2018-05-01 01:10:53.401138,,,,,,f,,515,811,2
804,2018-05-01 01:11:25.546138,,,,,,f,,500,812,3
818,2018-05-01 02:33:43.111954,,,,,,f,,611,826,1
820,2018-05-01 02:35:33.360965,,,,,,f,,556,828,3
830,2018-05-01 02:51:20.671807,,,,,,f,,830,838,7
854,2018-05-01 03:56:26.635474,,,,,,f,,792,862,5
857,2018-05-01 03:57:33.875554,,,,,,f,,696,865,7
866,2018-05-01 04:35:30.747364,,,,,,f,,746,874,7
907,2018-05-01 10:38:29.840732,,,,,,f,,810,915,1
920,2018-05-01 13:09:04.048736,,,,,,f,,721,928,8
805,2018-05-01 01:12:25.593808,,,,,,f,,646,813,4
806,2018-05-01 01:12:55.877507,,,,,,f,,526,814,5
833,2018-05-01 02:52:50.283651,,,,,,f,,728,841,6
841,2018-05-01 03:06:07.103204,,,,,,f,,714,849,8
889,2018-05-01 08:37:11.217611,,,,,,f,,769,897,7
890,2018-05-01 08:37:23.300456,,,,,,f,,817,898,6
893,2018-05-01 08:42:45.434481,,,,,,f,,812,901,3
897,2018-05-01 08:44:29.581859,,,,,,f,,816,905,8
910,2018-05-01 10:41:31.038644,,,,,,f,,766,918,4
912,2018-05-01 10:42:23.146998,,,,,,f,,744,920,5
807,2018-05-01 01:13:24.135894,,,,,,f,,550,815,7
808,2018-05-01 01:13:51.701471,,,,,,f,,663,816,8
809,2018-05-01 01:14:21.637383,,,,,,f,,666,817,6
810,2018-05-01 01:18:14.231491,,,,,,f,,611,818,1
811,2018-05-01 01:21:03.123432,,,,,,f,,604,819,2
812,2018-05-01 01:21:57.176027,,,,,,f,,589,820,3
814,2018-05-01 01:23:46.035914,,,,,,f,,641,822,5
815,2018-05-01 01:24:19.064875,,,,,,f,,529,823,7
817,2018-05-01 01:25:26.331316,,,,,,f,,561,825,8
822,2018-05-01 02:36:33.537543,,,,,,f,,615,830,7
826,2018-05-01 02:47:00.005856,,,,,,f,,723,834,1
839,2018-05-01 03:05:45.14072,,,,,,f,,674,847,5
843,2018-05-01 03:24:47.934577,,,,,,f,,708,851,2
845,2018-05-01 03:29:11.419032,,,,,,f,,750,853,4
847,2018-05-01 03:30:44.941766,,,,,,f,,808,855,7
849,2018-05-01 03:31:41.604112,,,,,,f,,792,857,5
851,2018-05-01 03:55:02.348112,,,,,,f,,692,859,2
858,2018-05-01 04:21:45.20895,,,,,,t,2018-05-01 04:22:42.695869,747,866,1
862,2018-05-01 04:33:30.427406,,,,,,f,,805,870,4
864,2018-05-01 04:34:59.29869,,,,,,f,,822,872,5
865,2018-05-01 04:35:18.496766,,,,,,f,,738,873,6
867,2018-05-01 06:56:15.954588,,,,,,f,,675,875,1
868,2018-05-01 06:57:05.172815,,,,,,f,,700,876,2
873,2018-05-01 06:58:51.591502,,,,,,f,,814,881,5
874,2018-05-01 06:59:07.614245,,,,,,f,,754,882,7
875,2018-05-01 07:25:19.486604,,,,,,f,,691,883,1
879,2018-05-01 07:27:30.01487,,,,,,f,,792,887,5
880,2018-05-01 07:27:42.967543,,,,,,f,,790,888,7
881,2018-05-01 07:27:53.89933,,,,,,f,,695,889,8
885,2018-05-01 08:36:22.89873,,,,,,f,,693,893,3
887,2018-05-01 08:36:46.826127,,,,,,f,,759,895,5
895,2018-05-01 08:43:24.496089,,,,,,f,,769,903,7
898,2018-05-01 08:44:50.727255,,,,,,f,,833,906,6
906,2018-05-01 09:01:21.246937,,,,,,f,,697,914,5
913,2018-05-01 10:42:42.741316,,,,,,f,,816,921,8
921,2018-05-01 13:11:21.630046,,,,,,f,,712,929,6
924,2018-05-01 13:36:39.168654,,,,,,f,,795,932,2
929,2018-05-01 13:38:15.008636,,,,,,f,,736,937,7
821,2018-05-01 02:36:01.316042,,,,,,f,,662,829,4
823,2018-05-01 02:37:12.520396,,,,,,f,,584,831,5
825,2018-05-01 02:38:00.368427,,,,,,f,,666,833,6
827,2018-05-01 02:48:27.034156,,,,,,f,,668,835,2
828,2018-05-01 02:50:41.603639,,,,,,f,,693,836,3
829,2018-05-01 02:51:08.44613,,,,,,f,,710,837,4
831,2018-05-01 02:52:02.302998,,,,,,f,,814,839,5
832,2018-05-01 02:52:28.399448,,,,,,f,,706,840,8
835,2018-05-01 03:04:47.961525,,,,,,f,,732,843,2
838,2018-05-01 03:05:31.818453,,,,,,f,,808,846,7
840,2018-05-01 03:05:54.453213,,,,,,f,,689,848,6
842,2018-05-01 03:22:18.240715,,,,,,f,,731,850,1
846,2018-05-01 03:30:17.60027,,,,,,f,,752,854,8
848,2018-05-01 03:31:08.104116,,,,,,f,,824,856,6
850,2018-05-01 03:53:28.168508,,,,,,f,,667,858,1
852,2018-05-01 03:55:26.984763,,,,,,f,,725,860,3
853,2018-05-01 03:56:02.459591,,,,,,f,,821,861,4
855,2018-05-01 03:56:51.768432,,,,,,f,,721,863,8
856,2018-05-01 03:57:12.170567,,,,,,f,,705,864,6
859,2018-05-01 04:26:18.23843,,,,,,f,,667,867,1
860,2018-05-01 04:31:59.460085,,,,,,f,,748,868,2
861,2018-05-01 04:33:11.809413,,,,,,f,,812,869,3
863,2018-05-01 04:34:25.730554,,,,,,f,,762,871,8
871,2018-05-01 06:58:21.431566,,,,,,f,,719,879,6
876,2018-05-01 07:26:25.74884,,,,,,f,,819,884,2
878,2018-05-01 07:27:14.686774,,,,,,f,,829,886,4
882,2018-05-01 07:28:04.92765,,,,,,f,,719,890,6
884,2018-05-01 08:36:00.352391,,,,,,f,,772,892,2
886,2018-05-01 08:36:34.776562,,,,,,f,,758,894,4
896,2018-05-01 08:43:45.691675,,,,,,f,,822,904,5
899,2018-05-01 08:57:11.258828,,,,,,f,,755,907,1
900,2018-05-01 08:58:44.671461,,,,,,f,,827,908,2
902,2018-05-01 08:59:48.623639,,,,,,f,,678,910,4
904,2018-05-01 09:00:32.719419,,,,,,f,,798,912,6
905,2018-05-01 09:01:02.886666,,,,,,f,,778,913,8
909,2018-05-01 10:40:58.162012,,,,,,f,,693,917,3
911,2018-05-01 10:41:59.944719,,,,,,f,,815,919,7
914,2018-05-01 10:43:04.609616,,,,,,f,,791,922,6
917,2018-05-01 13:07:46.623433,,,,,,f,,709,925,3
918,2018-05-01 13:08:14.836593,,,,,,f,,813,926,4
922,2018-05-01 13:11:42.54245,,,,,,f,,815,930,7
923,2018-05-01 13:35:18.135947,,,,,,f,,826,931,1
928,2018-05-01 13:37:59.117069,,,,,,f,,770,936,8
872,2018-05-01 06:58:35.394715,,,,,,f,,816,880,8
877,2018-05-01 07:26:57.338512,,,,,,f,,709,885,3
888,2018-05-01 08:36:59.5122,,,,,,f,,832,896,8
892,2018-05-01 08:42:11.019287,,,,,,f,,692,900,2
908,2018-05-01 10:40:21.721142,,,,,,f,,740,916,2
915,2018-05-01 13:04:53.932415,,,,,,f,,810,923,1
919,2018-05-01 13:08:35.960104,,,,,,f,,681,927,5
925,2018-05-01 13:37:06.015262,,,,,,f,,701,933,3
926,2018-05-01 13:37:22.206174,,,,,,f,,718,934,4
930,2018-05-01 13:38:39.999205,,,,,,f,,730,938,5
931,2018-05-01 14:45:22.957171,,,,,,f,,691,939,1
932,2018-05-01 14:47:30.984716,,,,,,f,,732,940,2
933,2018-05-01 14:48:36.719323,,,,,,f,,757,941,3
934,2018-05-01 14:49:03.435309,,,,,,f,,734,942,4
935,2018-05-01 14:49:28.088675,,,,,,f,,762,943,8
936,2018-05-01 14:49:51.412065,,,,,,f,,790,944,7
937,2018-05-01 14:50:12.803243,,,,,,f,,791,945,6
938,2018-05-01 14:50:35.443162,,,,,,f,,822,946,5
939,2018-05-01 15:34:10.512086,,,,,,f,,707,947,1
940,2018-05-01 15:37:24.858948,,,,,,f,,787,948,2
941,2018-05-01 15:38:42.710443,,,,,,f,,733,949,3
942,2018-05-01 15:39:13.120329,,,,,,f,,750,950,4
943,2018-05-01 15:39:55.632519,,,,,,f,,762,951,8
944,2018-05-01 15:40:21.819433,,,,,,f,,809,952,5
945,2018-05-01 15:40:39.696029,,,,,,f,,704,953,7
946,2018-05-01 15:40:57.061106,,,,,,f,,680,954,6
947,2018-05-01 15:49:24.25328,,,,,,f,,699,955,1
948,2018-05-01 15:50:11.214563,,,,,,f,,692,956,2
949,2018-05-01 15:50:29.438035,,,,,,f,,773,957,3
950,2018-05-01 15:50:44.549555,,,,,,f,,774,958,4
951,2018-05-01 15:51:12.881254,,,,,,f,,751,959,5
952,2018-05-01 15:51:34.17625,,,,,,f,,727,960,7
953,2018-05-01 15:51:49.635998,,,,,,f,,672,961,8
954,2018-05-01 15:52:02.298216,,,,,,f,,719,962,6
955,2018-05-01 15:55:41.973893,,,,,,f,,810,963,1
956,2018-05-01 15:57:02.278819,,,,,,f,,684,964,2
957,2018-05-01 15:57:21.742775,,,,,,f,,717,965,3
958,2018-05-01 15:57:37.407164,,,,,,f,,750,966,4
959,2018-05-01 15:57:52.051308,,,,,,f,,825,967,8
960,2018-05-01 15:58:14.479072,,,,,,f,,776,968,6
961,2018-05-01 15:58:34.58831,,,,,,f,,823,969,7
962,2018-05-01 15:58:45.967592,,,,,,f,,768,970,5
963,2018-05-01 16:02:27.925562,,,,,,f,,794,971,1
964,2018-05-01 16:03:48.234982,,,,,,f,,716,972,2
965,2018-05-01 16:04:33.01442,,,,,,f,,788,973,3
966,2018-05-01 16:05:13.225487,,,,,,f,,797,974,4
967,2018-05-01 16:05:53.411123,,,,,,f,,746,975,7
968,2018-05-01 16:06:20.80417,,,,,,f,,778,976,8
969,2018-05-01 16:06:47.809277,,,,,,f,,792,977,5
970,2018-05-01 16:07:08.692168,,,,,,f,,791,978,6
971,2018-05-01 17:01:23.807259,,,,,,f,,707,979,1
972,2018-05-01 17:02:06.12976,,,,,,f,,676,980,2
973,2018-05-01 17:02:17.426593,,,,,,f,,796,981,3
974,2018-05-01 17:02:31.410879,,,,,,f,,734,982,4
975,2018-05-01 17:02:42.418305,,,,,,f,,800,983,7
976,2018-05-01 17:02:53.678262,,,,,,f,,672,984,8
977,2018-05-01 17:03:08.181894,,,,,,f,,698,985,6
978,2018-05-01 17:03:19.445597,,,,,,f,,674,986,5
979,2018-05-01 17:30:24.864107,,,,,,f,,755,987,1
980,2018-05-01 17:31:55.215407,,,,,,f,,676,988,2
981,2018-05-01 17:32:17.691429,,,,,,f,,717,989,3
982,2018-05-01 17:32:42.462548,,,,,,f,,774,990,4
983,2018-05-01 17:33:00.826939,,,,,,f,,736,991,7
984,2018-05-01 17:33:19.789926,,,,,,f,,735,992,5
985,2018-05-01 17:33:35.448375,,,,,,f,,705,993,6
986,2018-05-01 17:33:51.951851,,,,,,f,,690,994,8
987,2018-05-01 17:49:32.736086,,,,,,f,,979,995,1
988,2018-05-01 17:51:11.614754,,,,,,f,,892,996,2
989,2018-05-01 17:51:40.086972,,,,,,f,,949,997,3
990,2018-05-01 17:52:10.129664,,,,,,f,,910,998,4
991,2018-05-01 17:52:54.327442,,,,,,f,,968,999,6
992,2018-05-01 17:53:29.943846,,,,,,f,,862,1000,5
993,2018-05-01 17:54:04.530963,,,,,,f,,889,1001,8
994,2018-05-01 17:54:40.015946,,,,,,f,,865,1002,7
995,2018-05-01 18:59:13.552473,,,,,,f,,955,1003,1
996,2018-05-01 19:04:17.244668,,,,,,f,,924,1004,2
997,2018-05-01 19:05:34.767982,,,,,,f,,933,1005,3
998,2018-05-01 19:06:23.550322,,,,,,f,,886,1006,4
999,2018-05-01 19:07:30.856398,,,,,,f,,938,1007,5
1000,2018-05-01 19:08:32.784986,,,,,,f,,978,1008,6
1001,2018-05-01 19:09:48.356688,,,,,,f,,991,1009,7
1002,2018-05-01 19:10:25.513926,,,,,,f,,889,1010,8
1003,2018-05-01 20:06:23.778742,,,,,,f,,842,1011,1
1004,2018-05-01 20:07:45.337863,,,,,,f,,876,1012,2
1005,2018-05-01 20:08:34.07759,,,,,,f,,877,1013,3
1006,2018-05-01 20:09:12.233393,,,,,,f,,894,1014,4
1007,2018-05-01 20:09:34.20685,,,,,,f,,986,1015,5
1008,2018-05-01 20:10:08.31706,,,,,,f,,937,1016,7
1009,2018-05-01 20:10:36.709798,,,,,,f,,912,1017,6
1010,2018-05-01 20:11:14.380218,,,,,,f,,951,1018,8
1011,2018-05-01 21:36:11.681435,,,,,,f,,867,1019,1
1012,2018-05-01 21:38:24.948188,,,,,,f,,964,1020,2
1013,2018-05-01 21:38:52.704534,,,,,,f,,957,1021,3
1014,2018-05-01 21:39:09.581776,,,,,,f,,966,1022,4
1015,2018-05-01 21:39:28.130242,,,,,,f,,986,1023,5
1016,2018-05-01 21:39:42.372523,,,,,,f,,879,1024,6
1017,2018-05-01 21:39:53.084621,,,,,,f,,903,1025,7
1018,2018-05-01 21:40:04.827237,,,,,,f,,928,1026,8
1019,2018-05-02 00:01:52.610938,,,,,,f,,923,1027,1
1020,2018-05-02 00:04:00.297046,,,,,,f,,956,1028,2
1021,2018-05-02 00:05:06.266868,,,,,,f,,981,1029,3
1022,2018-05-02 00:06:12.986564,,,,,,f,,902,1030,4
1023,2018-05-02 00:06:52.467155,,,,,,f,,992,1031,5
1024,2018-05-02 00:08:06.159922,,,,,,f,,968,1032,6
1025,2018-05-02 00:08:42.061238,,,,,,f,,967,1033,8
1026,2018-05-02 00:09:56.977666,,,,,,f,,944,1034,7
1027,2018-05-02 00:25:12.745803,,,,,,f,,867,1035,1
1028,2018-05-02 00:26:34.504877,,,,,,f,,843,1036,2
1029,2018-05-02 00:27:01.640973,,,,,,f,,925,1037,3
1030,2018-05-02 00:27:29.336293,,,,,,f,,894,1038,4
1031,2018-05-02 00:27:40.342889,,,,,,f,,993,1039,6
1032,2018-05-02 00:28:18.624411,,,,,,f,,896,1040,8
1033,2018-05-02 00:28:37.362297,,,,,,f,,983,1041,7
1034,2018-05-02 00:28:58.071529,,,,,,f,,977,1042,5
1035,2018-05-02 00:36:54.883148,,,,,,f,,834,1043,1
1036,2018-05-02 00:39:34.341375,,,,,,f,,908,1044,2
1037,2018-05-02 00:40:35.79447,,,,,,f,,909,1045,3
1038,2018-05-02 00:41:29.612632,,,,,,f,,950,1046,4
1039,2018-05-02 00:42:12.348952,,,,,,f,,854,1047,8
1040,2018-05-02 00:43:02.044318,,,,,,f,,856,1048,6
1041,2018-05-02 00:43:17.368282,,,,,,f,,911,1049,7
1042,2018-05-02 00:43:42.446697,,,,,,f,,914,1050,5
1043,2018-05-02 01:26:15.406258,,,,,,f,,931,1051,1
1044,2018-05-02 01:27:33.396209,,,,,,f,,948,1052,2
1045,2018-05-02 01:27:58.952833,,,,,,f,,909,1053,3
1046,2018-05-02 01:28:24.393521,,,,,,f,,918,1054,4
1047,2018-05-02 01:28:38.171294,,,,,,f,,882,1055,7
1048,2018-05-02 01:28:54.81309,,,,,,f,,968,1056,6
1049,2018-05-02 01:29:12.154232,,,,,,f,,994,1057,8
1050,2018-05-02 01:29:29.553008,,,,,,f,,914,1058,5
1064,2018-05-02 01:59:59.429102,,,,,,f,,904,1072,5
1051,2018-05-02 01:33:54.422397,,,,,,f,,987,1059,1
1052,2018-05-02 01:35:44.29438,,,,,,f,,851,1060,2
1059,2018-05-02 01:54:04.494146,,,,,,f,,939,1067,1
1053,2018-05-02 01:37:34.823555,,,,,,f,,836,1061,3
1054,2018-05-02 01:38:00.481646,,,,,,f,,853,1062,4
1055,2018-05-02 01:38:28.457144,,,,,,f,,879,1063,6
1057,2018-05-02 01:39:39.201234,,,,,,f,,944,1065,7
1062,2018-05-02 01:58:41.462243,,,,,,f,,918,1070,4
1056,2018-05-02 01:38:59.792235,,,,,,f,,887,1064,5
1058,2018-05-02 01:40:32.2657,,,,,,f,,854,1066,8
1060,2018-05-02 01:57:47.520096,,,,,,f,,988,1068,2
1061,2018-05-02 01:58:15.876923,,,,,,f,,941,1069,3
1063,2018-05-02 01:59:17.052522,,,,,,f,,888,1071,7
1065,2018-05-02 02:00:34.482962,,,,,,f,,863,1073,8
1066,2018-05-02 02:01:07.782717,,,,,,f,,962,1074,6
1067,2018-05-02 02:28:12.577423,,,,,,t,2018-05-02 02:28:37.82351,915,1075,1
1068,2018-05-02 02:29:52.925443,,,,,,f,,850,1076,1
1069,2018-05-02 02:31:04.08042,,,,,,f,,835,1077,2
1070,2018-05-02 02:31:30.197786,,,,,,f,,852,1078,3
1071,2018-05-02 02:31:56.215309,,,,,,f,,942,1079,4
1072,2018-05-02 02:32:39.686341,,,,,,f,,976,1080,8
1073,2018-05-02 02:32:54.703036,,,,,,f,,929,1081,6
1074,2018-05-02 02:33:07.600769,,,,,,f,,991,1082,7
1075,2018-05-02 02:33:28.630111,,,,,,f,,887,1083,5
1076,2018-05-02 02:38:14.010063,,,,,,f,,907,1084,1
1077,2018-05-02 02:41:16.630701,,,,,,f,,980,1085,2
1078,2018-05-02 02:42:45.439665,,,,,,f,,869,1086,3
1079,2018-05-02 02:43:31.466509,,,,,,f,,958,1087,4
1080,2018-05-02 02:44:11.97068,,,,,,f,,976,1088,8
1081,2018-05-02 02:44:41.283281,,,,,,f,,927,1089,5
1082,2018-05-02 02:45:15.049557,,,,,,f,,954,1090,6
1083,2018-05-02 02:45:50.75876,,,,,,f,,903,1091,7
1084,2018-05-02 06:09:03.904683,,,,,,f,,867,1092,1
1085,2018-05-02 06:11:43.573104,,,,,,f,,988,1093,2
1086,2018-05-02 06:12:38.828777,,,,,,f,,925,1094,3
1087,2018-05-02 06:13:13.914141,,,,,,f,,918,1095,4
1088,2018-05-02 06:13:54.079415,,,,,,f,,945,1096,6
1089,2018-05-02 06:14:31.634712,,,,,,f,,895,1097,5
1090,2018-05-02 06:14:55.251093,,,,,,f,,863,1098,8
1091,2018-05-02 06:15:15.696472,,,,,,f,,944,1099,7
1092,2018-05-02 06:24:08.10745,,,,,,f,,834,1100,1
1093,2018-05-02 06:25:30.734488,,,,,,f,,851,1101,2
1094,2018-05-02 06:26:10.459904,,,,,,f,,957,1102,3
1095,2018-05-02 06:26:59.889244,,,,,,f,,861,1103,4
1096,2018-05-02 06:27:18.71464,,,,,,f,,888,1104,7
1097,2018-05-02 06:27:48.465006,,,,,,f,,921,1105,8
1098,2018-05-02 06:28:16.575251,,,,,,f,,912,1106,6
1099,2018-05-02 06:28:44.521276,,,,,,f,,927,1107,5
1100,2018-05-02 06:33:36.478676,,,,,,f,,963,1108,1
1101,2018-05-02 06:36:52.210775,,,,,,f,,859,1109,2
1102,2018-05-02 06:37:31.059851,,,,,,f,,941,1110,3
1103,2018-05-02 06:38:24.606355,,,,,,f,,886,1111,4
1104,2018-05-02 06:39:07.990573,,,,,,f,,912,1112,6
1105,2018-05-02 06:39:59.249941,,,,,,f,,937,1113,7
1106,2018-05-02 06:40:34.863126,,,,,,f,,905,1114,8
1107,2018-05-02 06:41:38.343793,,,,,,f,,946,1115,5
1108,2018-05-02 07:49:38.907335,,,,,,f,,931,1116,1
1109,2018-05-02 07:51:58.323365,,,,,,f,,964,1117,2
1110,2018-05-02 07:53:04.522893,,,,,,f,,933,1118,3
1111,2018-05-02 07:53:37.100062,,,,,,f,,990,1119,4
1112,2018-05-02 07:53:58.890296,,,,,,f,,881,1120,5
1113,2018-05-02 07:54:20.719524,,,,,,f,,896,1121,8
1114,2018-05-02 07:54:43.800041,,,,,,f,,983,1122,7
1115,2018-05-02 07:55:12.098596,,,,,,f,,993,1123,6
1116,2018-05-02 09:31:16.136226,,,,,,f,,947,1124,1
1117,2018-05-02 09:32:49.773609,,,,,,f,,980,1125,2
1118,2018-05-02 09:33:34.575476,,,,,,f,,893,1126,3
1119,2018-05-02 09:34:03.999909,,,,,,f,,966,1127,4
1120,2018-05-02 09:34:22.686502,,,,,,f,,888,1128,7
1121,2018-05-02 09:34:40.128877,,,,,,f,,922,1129,6
1122,2018-05-02 09:35:10.736522,,,,,,f,,920,1130,5
1123,2018-05-02 09:35:33.965164,,,,,,f,,889,1131,8
1124,2018-05-02 11:41:52.587507,,,,,,f,,842,1132,1
1125,2018-05-02 11:43:53.84405,,,,,,f,,948,1133,2
1126,2018-05-02 11:44:23.821203,,,,,,f,,933,1134,3
1127,2018-05-02 11:44:53.438814,,,,,,f,,950,1135,4
1128,2018-05-02 11:45:19.357634,,,,,,f,,986,1136,5
1129,2018-05-02 11:45:36.423653,,,,,,f,,945,1137,6
1130,2018-05-02 11:45:50.00482,,,,,,f,,928,1138,8
1131,2018-05-02 11:46:08.462491,,,,,,f,,911,1139,7
1132,2018-05-02 12:03:40.829804,,,,,,f,,947,1140,1
1133,2018-05-02 12:05:25.984912,,,,,,f,,940,1141,2
1134,2018-05-02 12:06:01.351503,,,,,,f,,909,1142,3
1135,2018-05-02 12:06:27.405039,,,,,,f,,861,1143,4
1136,2018-05-02 12:06:41.447996,,,,,,f,,871,1144,8
1137,2018-05-02 12:07:00.38105,,,,,,f,,944,1145,7
1138,2018-05-02 12:07:15.606054,,,,,,f,,847,1146,5
1139,2018-05-02 12:07:31.472639,,,,,,f,,985,1147,6
1140,2018-05-02 12:22:31.317502,,,,,,f,,867,1148,1
1141,2018-05-02 12:24:42.039739,,,,,,f,,924,1149,2
1142,2018-05-02 12:25:40.398058,,,,,,f,,844,1150,3
1143,2018-05-02 12:26:47.603375,,,,,,f,,853,1151,4
1144,2018-05-02 12:27:19.790577,,,,,,f,,873,1152,6
1145,2018-05-02 12:27:45.80852,,,,,,f,,888,1153,7
1146,2018-05-02 12:28:18.874415,,,,,,f,,881,1154,5
1147,2018-05-02 12:29:22.300949,,,,,,f,,880,1155,8
1148,2018-05-02 12:48:33.727322,,,,,,f,,1084,1156,1
1149,2018-05-02 12:50:54.251119,,,,,,f,,1012,1157,2
1150,2018-05-02 12:51:41.346155,,,,,,f,,1094,1158,3
1151,2018-05-02 12:52:30.170429,,,,,,f,,1030,1159,4
1152,2018-05-02 12:53:05.680646,,,,,,f,,1065,1160,7
1153,2018-05-02 12:53:57.980867,,,,,,f,,1072,1161,5
1154,2018-05-02 12:54:19.846091,,,,,,f,,1155,1162,8
1155,2018-05-02 12:54:58.642921,,,,,,f,,1017,1163,6
1156,2018-05-02 12:58:06.569128,,,,,,f,,1100,1164,1
1157,2018-05-02 12:59:07.753321,,,,,,f,,1004,1165,2
1158,2018-05-02 12:59:39.950493,,,,,,f,,1037,1166,3
1159,2018-05-02 12:59:59.738373,,,,,,f,,1030,1167,4
1160,2018-05-02 13:00:13.445072,,,,,,f,,1041,1168,7
1161,2018-05-02 13:00:34.560201,,,,,,f,,1123,1169,6
1162,2018-05-02 13:00:52.672268,,,,,,f,,1031,1170,5
1163,2018-05-02 13:01:03.658494,,,,,,f,,1066,1171,8
1164,2018-05-02 13:19:14.558923,,,,,,f,,1076,1172,1
1165,2018-05-02 13:20:44.633336,,,,,,f,,1093,1173,2
1166,2018-05-02 13:21:14.195124,,,,,,f,,1126,1174,3
1167,2018-05-02 13:21:41.25829,,,,,,f,,998,1175,4
1168,2018-05-02 13:22:11.405656,,,,,,f,,1015,1176,5
1169,2018-05-02 13:22:43.014003,,,,,,f,,1155,1177,8
1170,2018-05-02 13:23:03.608875,,,,,,f,,1152,1178,6
1171,2018-05-02 13:23:15.178881,,,,,,f,,1041,1179,7
1172,2018-05-02 13:42:28.515633,,,,,,f,,1019,1180,1
1173,2018-05-02 13:44:31.268685,,,,,,f,,1068,1181,2
1174,2018-05-02 13:45:08.624398,,,,,,f,,1134,1182,3
1175,2018-05-02 13:45:56.28265,,,,,,f,,1119,1183,4
1176,2018-05-02 13:46:31.781033,,,,,,f,,1096,1184,6
1177,2018-05-02 13:47:13.541055,,,,,,f,,1105,1185,8
1178,2018-05-02 13:47:34.264219,,,,,,f,,1023,1186,5
1179,2018-05-02 13:48:09.486494,,,,,,f,,1099,1187,7
1180,2018-05-02 13:51:44.767172,,,,,,f,,1076,1188,1
1181,2018-05-02 13:52:11.292542,,,,,,f,,1012,1189,2
1182,2018-05-02 13:53:05.063092,,,,,,f,,1086,1190,3
1183,2018-05-02 13:53:16.048794,,,,,,f,,1151,1191,4
1184,2018-05-02 13:53:26.87281,,,,,,f,,1081,1192,6
1185,2018-05-02 13:53:42.834498,,,,,,f,,1091,1193,7
1186,2018-05-02 13:53:52.568123,,,,,,f,,1114,1194,8
1202,2018-05-02 15:27:29.068764,,,,,,f,,1115,1210,5
1187,2018-05-02 13:54:02.062986,,,,,,f,,1007,1195,5
1209,2018-05-02 15:34:59.388419,,,,,,f,,1155,1217,8
1215,2018-05-02 15:41:01.304558,,,,,,f,,1095,1223,4
1226,2018-05-02 16:55:58.239521,,,,,,f,,1096,1234,6
1188,2018-05-02 14:53:13.907113,,,,,,f,,1076,1196,1
1205,2018-05-02 15:33:42.260237,,,,,,f,,1060,1213,2
1189,2018-05-02 14:55:48.713057,,,,,,f,,1020,1197,2
1190,2018-05-02 14:56:57.399058,,,,,,f,,1069,1198,3
1220,2018-05-02 16:52:31.923511,,,,,,f,,1067,1228,1
1222,2018-05-02 16:54:16.031142,,,,,,f,,1126,1230,3
1191,2018-05-02 14:57:14.459619,,,,,,f,,1087,1199,4
1204,2018-05-02 15:32:11.302888,,,,,,f,,1019,1212,1
1210,2018-05-02 15:35:09.332371,,,,,,f,,1104,1218,7
1211,2018-05-02 15:35:26.543946,,,,,,f,,1064,1219,5
1192,2018-05-02 14:58:23.580216,,,,,,f,,1152,1200,6
1225,2018-05-02 16:55:45.642232,,,,,,f,,1073,1233,8
1193,2018-05-02 14:58:45.350035,,,,,,f,,1083,1201,5
1195,2018-05-02 14:59:12.395481,,,,,,f,,1099,1203,7
1201,2018-05-02 15:27:16.239959,,,,,,f,,1071,1209,7
1217,2018-05-02 15:42:32.463653,,,,,,f,,1154,1225,5
1219,2018-05-02 15:43:02.8352,,,,,,f,,1104,1227,7
1194,2018-05-02 14:59:00.547535,,,,,,f,,1131,1202,8
1216,2018-05-02 15:41:58.215934,,,,,,f,,1144,1224,8
1196,2018-05-02 15:25:24.178082,,,,,,f,,1059,1204,1
1197,2018-05-02 15:26:04.776125,,,,,,f,,1028,1205,2
1198,2018-05-02 15:26:21.672016,,,,,,f,,1069,1206,3
1199,2018-05-02 15:26:40.57349,,,,,,f,,1127,1207,4
1223,2018-05-02 16:54:43.545626,,,,,,f,,1006,1231,4
1224,2018-05-02 16:55:15.732151,,,,,,f,,1072,1232,5
1200,2018-05-02 15:26:57.309692,,,,,,f,,1040,1208,8
1214,2018-05-02 15:40:33.634313,,,,,,f,,1029,1222,3
1203,2018-05-02 15:27:40.627083,,,,,,f,,999,1211,6
1206,2018-05-02 15:34:15.435221,,,,,,f,,1037,1214,3
1227,2018-05-02 16:56:23.033596,,,,,,f,,1099,1235,7
1207,2018-05-02 15:34:32.590714,,,,,,f,,1046,1215,4
1208,2018-05-02 15:34:48.423614,,,,,,f,,1152,1216,6
1221,2018-05-02 16:53:52.743018,,,,,,f,,1036,1229,2
1212,2018-05-02 15:38:52.244806,,,,,,f,,1140,1220,1
1213,2018-05-02 15:40:02.172246,,,,,,f,,1060,1221,2
1218,2018-05-02 15:42:46.725012,,,,,,f,,1032,1226,6
1228,2018-05-02 17:38:28.177361,,,,,,f,,1019,1236,1
1229,2018-05-02 17:40:23.453674,,,,,,f,,1077,1237,2
1230,2018-05-02 17:41:10.85624,,,,,,f,,1005,1238,3
1231,2018-05-02 17:42:00.775898,,,,,,f,,1119,1239,4
1232,2018-05-02 17:42:45.157034,,,,,,f,,1153,1240,7
1233,2018-05-02 17:43:13.850977,,,,,,f,,1073,1241,8
1234,2018-05-02 17:43:34.169057,,,,,,f,,1090,1242,6
1235,2018-05-02 17:44:01.993766,,,,,,f,,1130,1243,5
1236,2018-05-02 18:13:24.865426,,,,,,f,,1035,1244,1
1237,2018-05-02 18:16:34.09669,,,,,,f,,1077,1245,2
1238,2018-05-02 18:17:05.661155,,,,,,f,,1102,1246,3
1239,2018-05-02 18:17:37.43856,,,,,,f,,1119,1247,4
1240,2018-05-02 18:18:00.605607,,,,,,f,,1040,1248,8
1241,2018-05-02 18:18:18.832415,,,,,,f,,1023,1249,5
1242,2018-05-02 18:18:38.32485,,,,,,f,,1056,1250,6
1243,2018-05-02 18:18:56.208308,,,,,,f,,1049,1251,7
1244,2018-05-02 18:24:07.002298,,,,,,f,,1011,1252,1
1245,2018-05-02 18:25:03.287751,,,,,,f,,1117,1253,2
1246,2018-05-02 18:25:20.032926,,,,,,f,,1110,1254,3
1247,2018-05-02 18:25:35.435811,,,,,,f,,1095,1255,4
1248,2018-05-02 18:25:56.953994,,,,,,f,,1080,1256,8
1249,2018-05-02 18:26:21.972208,,,,,,f,,1056,1257,6
1250,2018-05-02 18:26:35.730632,,,,,,f,,1023,1258,5
1251,2018-05-02 18:26:49.47553,,,,,,f,,1055,1259,7
1252,2018-05-02 19:54:01.312868,,,,,,f,,1043,1260,1
1253,2018-05-02 19:54:52.841766,,,,,,f,,1012,1261,2
1254,2018-05-02 19:55:46.819878,,,,,,f,,1005,1262,3
1255,2018-05-02 19:56:32.812898,,,,,,f,,1006,1263,4
1256,2018-05-02 19:57:14.511937,,,,,,f,,1017,1264,6
1257,2018-05-02 19:58:00.742792,,,,,,f,,1139,1265,7
1258,2018-05-02 19:58:40.106751,,,,,,f,,1088,1266,8
1259,2018-05-02 19:59:20.382768,,,,,,f,,1015,1267,5
1260,2018-05-02 20:02:34.196149,,,,,,f,,1059,1268,1
1261,2018-05-02 20:04:52.623887,,,,,,f,,1133,1269,2
1262,2018-05-02 20:05:40.436997,,,,,,f,,1053,1270,3
1263,2018-05-02 20:06:29.224846,,,,,,f,,1006,1271,4
1264,2018-05-02 20:07:15.378012,,,,,,f,,1137,1272,6
1265,2018-05-02 20:08:01.257468,,,,,,f,,1154,1273,5
1266,2018-05-02 20:08:33.371741,,,,,,f,,1009,1274,7
1267,2018-05-02 20:09:02.43839,,,,,,f,,1026,1275,8
1268,2018-05-02 20:29:01.338642,,,,,,f,,1076,1276,1
1269,2018-05-02 20:30:57.645999,,,,,,f,,1044,1277,2
1270,2018-05-02 20:31:33.452444,,,,,,f,,1061,1278,3
1271,2018-05-02 20:32:09.851588,,,,,,f,,1038,1279,4
1272,2018-05-02 20:32:28.698002,,,,,,f,,1002,1280,7
1273,2018-05-02 20:33:08.605533,,,,,,f,,1147,1281,6
1274,2018-05-02 20:33:26.074137,,,,,,f,,1083,1282,5
1275,2018-05-02 20:33:50.869504,,,,,,f,,1105,1283,8
1276,2018-05-02 20:36:53.912626,,,,,,f,,1019,1284,1
1277,2018-05-02 20:38:01.952958,,,,,,f,,1093,1285,2
1278,2018-05-02 20:38:40.000496,,,,,,f,,1142,1286,3
1279,2018-05-02 20:38:52.3655,,,,,,f,,1119,1287,4
1280,2018-05-02 20:39:05.236537,,,,,,f,,1017,1288,6
1281,2018-05-02 20:39:22.713725,,,,,,f,,1128,1289,7
1282,2018-05-02 20:39:40.329312,,,,,,f,,1121,1290,8
1283,2018-05-02 20:40:14.256704,,,,,,f,,1031,1291,5
1284,2018-05-02 21:48:44.442106,,,,,,f,,1092,1292,1
1285,2018-05-02 21:50:28.184482,,,,,,f,,1012,1293,2
1286,2018-05-02 21:50:53.856619,,,,,,f,,1005,1294,3
1287,2018-05-02 21:51:14.740684,,,,,,f,,1022,1295,4
1288,2018-05-02 21:51:44.423268,,,,,,f,,1153,1296,7
1289,2018-05-02 21:52:04.309895,,,,,,f,,1146,1297,5
1290,2018-05-02 21:52:21.431425,,,,,,f,,1147,1298,6
1291,2018-05-02 21:52:42.884522,,,,,,f,,1131,1299,8
1292,2018-05-03 01:27:25.22031,,,,,,f,,1124,1300,1
1293,2018-05-03 01:29:07.704867,,,,,,f,,1044,1301,2
1294,2018-05-03 01:29:34.491002,,,,,,f,,1061,1302,3
1295,2018-05-03 01:29:43.150696,,,,,,f,,1022,1303,4
1296,2018-05-03 01:30:01.728668,,,,,,f,,1074,1304,6
1297,2018-05-03 01:30:10.299346,,,,,,f,,1031,1305,5
1298,2018-05-03 01:30:22.254754,,,,,,f,,1139,1306,7
1299,2018-05-03 01:30:41.239373,,,,,,f,,1073,1307,8
1300,2018-05-03 01:34:44.508982,,,,,,f,,1076,1308,1
1301,2018-05-03 01:37:47.240917,,,,,,f,,996,1309,2
1302,2018-05-03 01:38:39.134355,,,,,,f,,1086,1310,3
1303,2018-05-03 01:40:17.558557,,,,,,f,,1054,1311,4
1304,2018-05-03 01:41:16.605877,,,,,,f,,1055,1312,7
1305,2018-05-03 01:41:58.23111,,,,,,f,,1088,1313,8
1306,2018-05-03 01:43:48.178858,,,,,,f,,1008,1314,6
1307,2018-05-03 01:44:28.644645,,,,,,f,,1007,1315,5
1308,2018-05-03 02:03:26.461217,,,,,,f,,1164,1316,1
1309,2018-05-03 02:05:25.057968,,,,,,f,,1157,1317,2
1310,2018-05-03 02:07:00.693708,,,,,,f,,1166,1318,3
1311,2018-05-03 02:07:26.150138,,,,,,f,,1175,1319,4
1312,2018-05-03 02:07:58.400344,,,,,,f,,1258,1320,5
1313,2018-05-03 02:08:24.760396,,,,,,f,,1224,1321,8
1314,2018-05-03 02:09:07.888218,,,,,,f,,1242,1322,6
1315,2018-05-03 02:09:28.294392,,,,,,f,,1160,1323,7
1316,2018-05-03 03:18:30.127887,,,,,,f,,1172,1324,1
1317,2018-05-03 03:20:53.265319,,,,,,f,,1261,1325,2
1318,2018-05-03 03:21:30.599023,,,,,,f,,1302,1326,3
1319,2018-05-03 03:21:50.453469,,,,,,f,,1183,1327,4
1320,2018-05-03 03:22:05.495127,,,,,,f,,1291,1328,5
1321,2018-05-03 03:22:28.950482,,,,,,f,,1162,1329,8
1322,2018-05-03 03:22:53.078568,,,,,,f,,1235,1330,7
1323,2018-05-03 03:23:19.9578,,,,,,f,,1250,1331,6
1324,2018-05-03 03:29:17.067391,,,,,,f,,1308,1332,1
1325,2018-05-03 03:33:17.020464,,,,,,f,,1285,1333,2
1326,2018-05-03 03:34:16.084021,,,,,,f,,1190,1334,3
1327,2018-05-03 03:35:31.972072,,,,,,f,,1215,1335,4
1328,2018-05-03 03:35:59.197571,,,,,,f,,1240,1336,7
1329,2018-05-03 03:36:16.643856,,,,,,f,,1210,1337,5
1330,2018-05-03 03:37:19.353824,,,,,,f,,1313,1338,8
1331,2018-05-03 03:37:45.198786,,,,,,f,,1242,1339,6
1332,2018-05-03 03:56:58.299445,,,,,,f,,1276,1340,1
1333,2018-05-03 03:59:02.984913,,,,,,f,,1269,1341,2
1334,2018-05-03 03:59:53.574328,,,,,,f,,1302,1342,3
1335,2018-05-03 04:00:13.678475,,,,,,f,,1159,1343,4
1336,2018-05-03 04:00:41.770407,,,,,,f,,1299,1344,8
1337,2018-05-03 04:01:22.341518,,,,,,f,,1163,1345,6
1338,2018-05-03 04:02:05.533676,,,,,,f,,1210,1346,5
1339,2018-05-03 04:02:24.789754,,,,,,f,,1218,1347,7
1340,2018-05-03 04:18:56.258179,,,,,,f,,1156,1348,1
1341,2018-05-03 04:20:51.177401,,,,,,f,,1285,1349,2
1342,2018-05-03 04:21:18.57289,,,,,,f,,1310,1350,3
1343,2018-05-03 04:22:00.238538,,,,,,f,,1199,1351,4
1344,2018-05-03 04:23:05.368605,,,,,,f,,1225,1352,5
1345,2018-05-03 04:24:07.357628,,,,,,f,,1235,1353,7
1346,2018-05-03 04:25:11.307895,,,,,,f,,1275,1354,8
1347,2018-05-03 04:26:53.512969,,,,,,f,,1216,1355,6
1351,2018-05-03 04:35:13.57628,,,,,,f,,1303,1359,4
1387,2018-05-03 07:05:18.974703,,,,,,f,,1227,1395,7
1395,2018-05-03 07:22:50.403998,,,,,,f,,1225,1403,5
1403,2018-05-03 07:43:19.55626,,,,,,f,,1291,1411,5
1348,2018-05-03 04:34:40.247344,,,,,,f,,1156,1356,1
1349,2018-05-03 04:34:57.793289,,,,,,f,,1165,1357,2
1364,2018-05-03 05:26:07.84676,,,,,,f,,1292,1372,1
1366,2018-05-03 05:30:49.177761,,,,,,f,,1310,1374,3
1368,2018-05-03 05:31:52.049963,,,,,,f,,1177,1376,8
1382,2018-05-03 07:01:40.490712,,,,,,f,,1254,1390,3
1396,2018-05-03 07:33:22.873836,,,,,,t,2018-05-03 07:33:34.242931,1196,1404,1
1350,2018-05-03 04:35:06.216613,,,,,,f,,1166,1358,3
1355,2018-05-03 04:35:46.214026,,,,,,f,,1163,1363,6
1352,2018-05-03 04:35:21.008304,,,,,,f,,1283,1360,8
1370,2018-05-03 05:32:49.492123,,,,,,f,,1259,1378,7
1386,2018-05-03 07:04:33.191277,,,,,,f,,1266,1394,8
1388,2018-05-03 07:18:30.952854,,,,,,f,,1284,1396,1
1392,2018-05-03 07:21:33.051794,,,,,,f,,1298,1400,6
1402,2018-05-03 07:43:03.923987,,,,,,f,,1280,1410,7
1353,2018-05-03 04:35:30.119267,,,,,,f,,1168,1361,7
1354,2018-05-03 04:35:39.004118,,,,,,f,,1210,1362,5
1372,2018-05-03 06:48:23.086074,,,,,,f,,1196,1380,1
1385,2018-05-03 07:04:05.854003,,,,,,f,,1219,1393,5
1356,2018-05-03 04:57:08.300621,,,,,,f,,1244,1364,1
1380,2018-05-03 06:57:30.713526,,,,,,f,,1268,1388,1
1399,2018-05-03 07:42:32.144491,,,,,,f,,1214,1407,3
1357,2018-05-03 05:00:00.360547,,,,,,f,,1253,1365,2
1369,2018-05-03 05:32:22.082904,,,,,,f,,1291,1377,5
1376,2018-05-03 06:52:35.690998,,,,,,f,,1275,1384,8
1404,2018-05-03 07:43:29.523239,,,,,,f,,1288,1412,6
1358,2018-05-03 05:00:50.703463,,,,,,f,,1214,1366,3
1359,2018-05-03 05:01:35.853882,,,,,,f,,1271,1367,4
1360,2018-05-03 05:02:08.518853,,,,,,f,,1208,1368,8
1375,2018-05-03 06:52:08.25702,,,,,,f,,1271,1383,4
1391,2018-05-03 07:21:01.749783,,,,,,f,,1255,1399,4
1394,2018-05-03 07:22:27.385686,,,,,,f,,1202,1402,8
1361,2018-05-03 05:02:41.610787,,,,,,f,,1274,1369,7
1393,2018-05-03 07:21:57.713919,,,,,,f,,1296,1401,7
1400,2018-05-03 07:42:42.506335,,,,,,f,,1311,1408,4
1362,2018-05-03 05:03:40.297749,,,,,,f,,1211,1370,6
1363,2018-05-03 05:04:19.797878,,,,,,f,,1176,1371,5
1365,2018-05-03 05:29:54.638684,,,,,,f,,1189,1373,2
1383,2018-05-03 07:03:08.155697,,,,,,f,,1215,1391,4
1398,2018-05-03 07:42:19.843572,,,,,,f,,1173,1406,2
1367,2018-05-03 05:31:24.185365,,,,,,f,,1223,1375,4
1381,2018-05-03 07:00:54.016614,,,,,,f,,1269,1389,2
1371,2018-05-03 05:33:28.33056,,,,,,f,,1226,1379,6
1373,2018-05-03 06:50:51.962834,,,,,,f,,1285,1381,2
1378,2018-05-03 06:53:16.344944,,,,,,f,,1297,1386,5
1374,2018-05-03 06:51:20.613803,,,,,,f,,1198,1382,3
1379,2018-05-03 06:53:37.788428,,,,,,f,,1169,1387,6
1377,2018-05-03 06:53:02.217377,,,,,,f,,1240,1385,7
1384,2018-05-03 07:03:35.947447,,,,,,f,,1250,1392,6
1389,2018-05-03 07:19:57.672422,,,,,,f,,1189,1397,2
1390,2018-05-03 07:20:39.559246,,,,,,f,,1230,1398,3
1397,2018-05-03 07:41:51.402871,,,,,,f,,1284,1405,1
1401,2018-05-03 07:42:52.781647,,,,,,f,,1313,1409,8
1405,2018-05-03 07:48:31.173822,,,,,,f,,1156,1413,1
1406,2018-05-03 07:48:51.892487,,,,,,f,,1229,1414,2
1407,2018-05-03 07:49:01.157241,,,,,,f,,1222,1415,3
1408,2018-05-03 07:49:10.211451,,,,,,f,,1223,1416,4
1409,2018-05-03 07:49:19.255298,,,,,,f,,1176,1417,5
1410,2018-05-03 07:49:29.227365,,,,,,f,,1160,1418,7
1411,2018-05-03 07:49:37.106122,,,,,,f,,1288,1419,6
1412,2018-05-03 07:49:47.440516,,,,,,f,,1266,1420,8
1413,2018-05-03 10:33:42.730058,,,,,,f,,1172,1421,1
1414,2018-05-03 10:36:39.989091,,,,,,f,,1229,1422,2
1415,2018-05-03 10:37:53.337111,,,,,,f,,1262,1423,3
1416,2018-05-03 10:39:42.223229,,,,,,f,,1279,1424,4
1417,2018-05-03 10:40:44.180338,,,,,,f,,1315,1425,5
1418,2018-05-03 10:41:15.912438,,,,,,f,,1313,1426,8
1419,2018-05-03 10:41:39.08841,,,,,,f,,1259,1427,7
1420,2018-05-03 10:42:16.383121,,,,,,f,,1184,1428,6
1421,2018-05-03 11:46:45.084735,,,,,,f,,1244,1429,1
1422,2018-05-03 11:48:53.856218,,,,,,f,,1205,1430,2
1423,2018-05-03 11:49:39.663659,,,,,,f,,1198,1431,3
1424,2018-05-03 11:50:31.95742,,,,,,f,,1223,1432,4
1425,2018-05-03 11:50:56.714415,,,,,,f,,1306,1433,7
1426,2018-05-03 11:51:17.762709,,,,,,f,,1201,1434,5
1427,2018-05-03 11:51:47.388001,,,,,,f,,1248,1435,8
1428,2018-05-03 11:52:04.80612,,,,,,f,,1264,1436,6
1429,2018-05-03 12:00:22.221397,,,,,,f,,1172,1437,1
1430,2018-05-03 12:02:49.801143,,,,,,f,,1261,1438,2
1431,2018-05-03 12:03:46.829432,,,,,,f,,1246,1439,3
1432,2018-05-03 12:04:24.749081,,,,,,f,,1159,1440,4
1433,2018-05-03 12:04:43.168693,,,,,,f,,1249,1441,5
1434,2018-05-03 12:04:57.362772,,,,,,f,,1281,1442,6
1435,2018-05-03 12:05:18.692802,,,,,,f,,1217,1443,8
1436,2018-05-03 12:05:52.451321,,,,,,f,,1235,1444,7
1437,2018-05-03 12:09:32.781539,,,,,,f,,1284,1445,1
1438,2018-05-03 12:10:58.725182,,,,,,f,,1269,1446,2
1439,2018-05-03 12:11:35.772714,,,,,,f,,1166,1447,3
1440,2018-05-03 12:12:12.401694,,,,,,f,,1255,1448,4
1441,2018-05-03 12:12:36.244693,,,,,,f,,1184,1449,6
1442,2018-05-03 12:13:01.312803,,,,,,f,,1176,1450,5
1443,2018-05-03 12:13:25.003246,,,,,,f,,1168,1451,7
1444,2018-05-03 12:13:45.652935,,,,,,f,,1313,1452,8
1445,2018-05-03 12:23:34.60398,,,,,,f,,1220,1453,1
1446,2018-05-03 12:25:28.523902,,,,,,f,,1205,1454,2
1447,2018-05-03 12:26:02.394336,,,,,,f,,1302,1455,3
1448,2018-05-03 12:26:40.214131,,,,,,f,,1287,1456,4
1449,2018-05-03 12:27:03.070798,,,,,,f,,1264,1457,6
1450,2018-05-03 12:27:24.637035,,,,,,f,,1315,1458,5
1451,2018-05-03 12:27:49.14443,,,,,,f,,1185,1459,8
1452,2018-05-03 12:28:11.548975,,,,,,f,,1280,1460,7
1453,2018-05-03 13:10:14.043645,,,,,,f,,1188,1461,1
1454,2018-05-03 13:11:24.604836,,,,,,f,,1237,1462,2
1455,2018-05-03 13:11:49.822702,,,,,,f,,1238,1463,3
1456,2018-05-03 13:12:06.381421,,,,,,f,,1191,1464,4
1457,2018-05-03 13:12:38.483103,,,,,,f,,1315,1465,5
1458,2018-05-03 13:12:54.049528,,,,,,f,,1194,1466,8
1459,2018-05-03 13:13:09.288472,,,,,,f,,1209,1467,7
1460,2018-05-03 13:13:24.184614,,,,,,f,,1304,1468,6
1461,2018-05-03 13:19:03.139706,,,,,,f,,1252,1469,1
1462,2018-05-03 13:21:16.590209,,,,,,f,,1181,1470,2
1463,2018-05-03 13:22:01.238581,,,,,,f,,1302,1471,3
1464,2018-05-03 13:22:34.454729,,,,,,f,,1295,1472,4
1465,2018-05-03 13:23:19.301724,,,,,,f,,1179,1473,7
1466,2018-05-03 13:23:41.000666,,,,,,f,,1161,1474,5
1467,2018-05-03 13:24:46.362921,,,,,,f,,1248,1475,8
1468,2018-05-03 13:25:12.258565,,,,,,f,,1264,1476,6
1469,2018-05-03 15:44:12.743946,,,,,,f,,1421,1477,1
1470,2018-05-03 15:45:02.604631,,,,,,f,,1333,1478,2
1471,2018-05-03 15:45:17.236663,,,,,,f,,1382,1479,3
1472,2018-05-03 15:45:27.992152,,,,,,f,,1359,1480,4
1473,2018-05-03 15:45:37.182213,,,,,,f,,1360,1481,8
1474,2018-05-03 15:45:46.707643,,,,,,f,,1377,1482,5
1475,2018-05-03 15:45:59.68504,,,,,,f,,1444,1483,7
1476,2018-05-03 15:46:08.776018,,,,,,f,,1428,1484,6
1477,2018-05-03 16:05:02.144577,,,,,,f,,1372,1485,1
1478,2018-05-03 16:07:34.63945,,,,,,f,,1333,1486,2
1479,2018-05-03 16:08:27.854503,,,,,,f,,1366,1487,3
1480,2018-05-03 16:08:52.184131,,,,,,f,,1472,1488,4
1481,2018-05-03 16:09:16.076948,,,,,,f,,1474,1489,5
1482,2018-05-03 16:10:00.525122,,,,,,f,,1321,1490,8
1483,2018-05-03 16:10:23.186692,,,,,,f,,1392,1491,6
1484,2018-05-03 16:11:15.85034,,,,,,f,,1433,1492,7
1485,2018-05-03 16:43:59.02533,,,,,,f,,1405,1493,1
1486,2018-05-03 16:46:37.785076,,,,,,f,,1341,1494,2
1487,2018-05-03 16:47:59.665191,,,,,,f,,1342,1495,3
1488,2018-05-03 16:48:37.383405,,,,,,f,,1391,1496,4
1489,2018-05-03 16:50:10.893268,,,,,,f,,1451,1497,7
1490,2018-05-03 16:51:03.322574,,,,,,f,,1419,1498,6
1491,2018-05-03 16:51:28.553371,,,,,,f,,1354,1499,8
1492,2018-05-03 16:51:55.221161,,,,,,f,,1403,1500,5
1493,2018-05-03 17:40:35.345932,,,,,,f,,1388,1501,1
1494,2018-05-03 17:42:11.890375,,,,,,f,,1349,1502,2
1495,2018-05-03 17:42:44.866024,,,,,,f,,1382,1503,3
1496,2018-05-03 17:43:11.890516,,,,,,f,,1375,1504,4
1497,2018-05-03 17:43:28.743565,,,,,,f,,1345,1505,6
1498,2018-05-03 17:43:48.071425,,,,,,f,,1450,1506,5
1499,2018-05-03 17:44:09.039571,,,,,,f,,1394,1507,8
1500,2018-05-03 17:44:26.951212,,,,,,f,,1361,1508,7
1501,2018-05-03 18:14:12.331666,,,,,,f,,1316,1509,1
1502,2018-05-03 18:14:55.152092,,,,,,f,,1389,1510,2
1503,2018-05-03 18:15:31.0393,,,,,,f,,1334,1511,3
1504,2018-05-03 18:15:50.056644,,,,,,f,,1359,1512,4
1505,2018-05-03 18:16:14.311041,,,,,,f,,1360,1513,8
1506,2018-05-03 18:16:27.418954,,,,,,f,,1434,1514,5
1507,2018-05-03 18:16:44.873093,,,,,,f,,1473,1515,7
1508,2018-05-03 18:16:54.892616,,,,,,f,,1412,1516,6
1509,2018-05-03 20:36:38.416027,,,,,,f,,1469,1517,1
1510,2018-05-03 20:39:24.881758,,,,,,f,,1341,1518,2
1511,2018-05-03 20:39:59.776294,,,,,,f,,1390,1519,3
1512,2018-05-03 20:40:29.630073,,,,,,f,,1424,1520,4
1513,2018-05-03 20:40:59.447048,,,,,,f,,1387,1521,6
1514,2018-05-03 20:41:30.154259,,,,,,f,,1329,1522,8
1515,2018-05-03 20:41:57.515658,,,,,,f,,1386,1523,5
1516,2018-05-03 20:42:20.043168,,,,,,f,,1347,1524,7
1517,2018-05-03 20:56:27.43961,,,,,,f,,1461,1525,1
1518,2018-05-03 20:57:51.462023,,,,,,f,,1454,1526,2
1519,2018-05-03 20:58:35.494535,,,,,,f,,1366,1527,3
1520,2018-05-03 20:58:46.839239,,,,,,f,,1416,1528,4
1521,2018-05-03 20:59:47.300698,,,,,,f,,1402,1529,8
1522,2018-05-03 21:00:20.402117,,,,,,f,,1418,1530,7
1523,2018-05-03 21:00:41.57058,,,,,,f,,1442,1531,6
1524,2018-05-03 21:01:06.972659,,,,,,f,,1328,1532,5
1544,2018-05-03 23:25:17.639561,,,,,,f,,1375,1552,4
1547,2018-05-03 23:26:42.266403,,,,,,f,,1428,1555,6
1525,2018-05-03 22:06:08.224056,,,,,,f,,1413,1533,1
1538,2018-05-03 23:14:09.315017,,,,,,f,,1330,1546,7
1526,2018-05-03 22:07:13.12723,,,,,,f,,1373,1534,2
1527,2018-05-03 22:07:56.701267,,,,,,f,,1382,1535,3
1528,2018-05-03 22:08:20.649245,,,,,,f,,1399,1536,4
1529,2018-05-03 22:08:38.33571,,,,,,f,,1320,1537,5
1530,2018-05-03 22:08:56.492629,,,,,,f,,1336,1538,7
1537,2018-05-03 23:13:19.505339,,,,,,f,,1452,1545,8
1531,2018-05-03 22:09:11.662872,,,,,,f,,1355,1539,6
1539,2018-05-03 23:14:50.624687,,,,,,f,,1379,1547,6
1532,2018-05-03 22:09:30.609485,,,,,,f,,1435,1540,8
1545,2018-05-03 23:25:48.868967,,,,,,f,,1352,1553,5
1533,2018-05-03 23:08:07.728761,,,,,,f,,1445,1541,1
1535,2018-05-03 23:11:46.549173,,,,,,f,,1415,1543,3
1534,2018-05-03 23:11:08.56855,,,,,,f,,1365,1542,2
1540,2018-05-03 23:17:49.589418,,,,,,f,,1362,1548,5
1536,2018-05-03 23:12:37.961984,,,,,,f,,1399,1544,4
1541,2018-05-03 23:22:04.893892,,,,,,f,,1405,1549,1
1542,2018-05-03 23:24:19.51655,,,,,,f,,1381,1550,2
1543,2018-05-03 23:24:55.361336,,,,,,f,,1334,1551,3
1546,2018-05-03 23:26:17.247275,,,,,,f,,1433,1554,7
1548,2018-05-03 23:27:08.357025,,,,,,f,,1420,1556,8
1549,2018-05-03 23:57:04.907968,,,,,,f,,1437,1557,1
1550,2018-05-03 23:59:37.614754,,,,,,f,,1341,1558,2
1551,2018-05-04 00:00:32.037119,,,,,,f,,1447,1559,3
1552,2018-05-04 00:01:41.468402,,,,,,f,,1440,1560,4
1553,2018-05-04 00:02:27.950069,,,,,,f,,1377,1561,5
1554,2018-05-04 00:03:19.197377,,,,,,f,,1442,1562,6
1555,2018-05-04 00:04:24.481153,,,,,,f,,1330,1563,7
1556,2018-05-04 00:05:06.321042,,,,,,f,,1435,1564,8
1557,2018-05-04 02:10:33.121574,,,,,,f,,1421,1565,1
1558,2018-05-04 02:11:49.913876,,,,,,f,,1333,1566,2
1559,2018-05-04 02:12:17.103172,,,,,,f,,1407,1567,3
1560,2018-05-04 02:12:52.219512,,,,,,f,,1319,1568,4
1561,2018-05-04 02:13:21.247812,,,,,,f,,1362,1569,5
1562,2018-05-04 02:13:36.678011,,,,,,f,,1331,1570,6
1563,2018-05-04 02:14:02.867178,,,,,,f,,1451,1571,7
1564,2018-05-04 02:14:25.820932,,,,,,f,,1338,1572,8
1565,2018-05-04 02:31:37.822127,,,,,,f,,1396,1573,1
1566,2018-05-04 02:36:11.113431,,,,,,f,,1438,1574,2
1567,2018-05-04 02:37:12.604887,,,,,,f,,1398,1575,3
1568,2018-05-04 02:37:55.990899,,,,,,f,,1391,1576,4
1569,2018-05-04 02:39:37.63298,,,,,,f,,1458,1577,5
1570,2018-05-04 02:40:22.112467,,,,,,f,,1435,1578,8
1571,2018-05-04 02:40:53.372707,,,,,,f,,1419,1579,6
1572,2018-05-04 02:42:51.501953,,,,,,f,,1460,1580,7
1573,2018-05-04 02:46:07.605363,,,,,,f,,1437,1581,1
1574,2018-05-04 02:48:34.733596,,,,,,f,,1349,1582,2
1575,2018-05-04 02:48:52.472272,,,,,,f,,1366,1583,3
1576,2018-05-04 02:49:06.360878,,,,,,f,,1319,1584,4
1577,2018-05-04 02:50:16.659107,,,,,,f,,1443,1585,8
1578,2018-05-04 02:50:29.544727,,,,,,f,,1436,1586,6
1579,2018-05-04 02:50:41.753274,,,,,,f,,1369,1587,7
1580,2018-05-04 02:50:55.802706,,,,,,f,,1458,1588,5
1581,2018-05-04 02:58:39.225188,,,,,,f,,1405,1589,1
1582,2018-05-04 02:59:48.513718,,,,,,f,,1406,1590,2
1583,2018-05-04 03:00:17.776736,,,,,,f,,1447,1591,3
1584,2018-05-04 03:01:23.266511,,,,,,f,,1391,1592,4
1585,2018-05-04 03:01:34.367238,,,,,,f,,1460,1593,7
1586,2018-05-04 03:03:34.215181,,,,,,f,,1426,1594,8
1587,2018-05-04 03:03:43.828689,,,,,,f,,1386,1595,5
1588,2018-05-04 03:03:52.080895,,,,,,f,,1355,1596,6
1589,2018-05-04 03:07:07.719546,,,,,,f,,1324,1597,1
1590,2018-05-04 03:10:02.819182,,,,,,f,,1365,1598,2
1591,2018-05-04 03:10:22.99227,,,,,,f,,1471,1599,3
1592,2018-05-04 03:10:35.794695,,,,,,f,,1408,1600,4
1593,2018-05-04 03:10:45.059248,,,,,,f,,1427,1601,7
1594,2018-05-04 03:11:14.575646,,,,,,f,,1459,1602,8
1595,2018-05-04 03:11:41.905444,,,,,,f,,1411,1603,5
1596,2018-05-04 03:11:56.826067,,,,,,f,,1322,1604,6
1597,2018-05-04 03:26:25.685681,,,,,,f,,1396,1605,1
1598,2018-05-04 03:27:35.78953,,,,,,f,,1438,1606,2
1599,2018-05-04 03:28:04.105143,,,,,,f,,1318,1607,3
1600,2018-05-04 03:28:31.397422,,,,,,f,,1359,1608,4
1601,2018-05-04 03:28:52.245172,,,,,,f,,1384,1609,8
1602,2018-05-04 03:29:27.898018,,,,,,f,,1386,1610,5
1603,2018-05-04 03:29:46.348077,,,,,,f,,1412,1611,6
1604,2018-05-04 03:30:08.503536,,,,,,f,,1353,1612,7
1605,2018-05-04 04:50:29.16124,,,,,,f,,1413,1613,1
1606,2018-05-04 04:52:23.288238,,,,,,f,,1397,1614,2
1607,2018-05-04 04:53:00.212024,,,,,,f,,1342,1615,3
1608,2018-05-04 04:53:39.617697,,,,,,f,,1432,1616,4
1609,2018-05-04 04:54:10.211309,,,,,,f,,1443,1617,8
1610,2018-05-04 04:54:45.668473,,,,,,f,,1449,1618,6
1611,2018-05-04 04:55:14.077212,,,,,,f,,1362,1619,5
1612,2018-05-04 04:55:33.183882,,,,,,f,,1418,1620,7
1613,2018-05-04 05:19:06.94812,,,,,,f,,1348,1621,1
1614,2018-05-04 05:21:43.200295,,,,,,f,,1406,1622,2
1615,2018-05-04 05:22:21.562609,,,,,,f,,1390,1623,3
1616,2018-05-04 05:23:09.962272,,,,,,f,,1440,1624,4
1617,2018-05-04 05:23:35.19763,,,,,,f,,1385,1625,7
1618,2018-05-04 05:24:04.164729,,,,,,f,,1457,1626,6
1619,2018-05-04 05:24:28.967483,,,,,,f,,1321,1627,8
1620,2018-05-04 05:24:57.473119,,,,,,f,,1328,1628,5
1621,2018-05-04 05:32:20.950234,,,,,,f,,1356,1629,1
1622,2018-05-04 05:33:02.416121,,,,,,f,,1454,1630,2
1623,2018-05-04 05:33:39.933458,,,,,,f,,1358,1631,3
1624,2018-05-04 05:34:25.233307,,,,,,f,,1399,1632,4
1625,2018-05-04 05:35:00.420855,,,,,,f,,1352,1633,5
1626,2018-05-04 05:35:32.29751,,,,,,f,,1400,1634,6
1627,2018-05-04 05:36:14.118997,,,,,,f,,1338,1635,8
1628,2018-05-04 05:36:58.391756,,,,,,f,,1444,1636,7
