id,creation_time,property1,property2,property3,property4,property5,failed,time_of_death,assignment_id,event_type
1,2018-03-13 04:49:33.50816,,,,,,f,,3BDCF01OGYN8Z661JDVFTFFK0DFYL3,AssignmentAccepted
2,2018-03-13 05:49:44.764422,,,,,,f,,3BDCF01OGYN8Z661JDVFTFFK0DFYL3,AssignmentAbandoned
3,2018-03-13 05:50:23.492714,,,,,,f,,3TY7ZAOG5GD0I5SYQ585MN8LZ000K6,AssignmentAccepted
4,2018-03-13 06:02:52.672978,,,,,,f,,3TY7ZAOG5GD0I5SYQ585MN8LZ000K6,AssignmentSubmitted
5,2018-03-13 06:03:02.111614,,,,,,f,,33L7PJKHCHRH3DNOFIZCGT1Z1B4T8T,AssignmentAccepted
6,2018-03-13 07:03:19.294488,,,,,,f,,33L7PJKHCHRH3DNOFIZCGT1Z1B4T8T,AssignmentAbandoned
7,2018-03-13 07:03:39.685784,,,,,,f,,33L7PJKHCHRH3DNOFIZCGT1Z1B4T8T,AssignmentAccepted
8,2018-03-13 07:41:06.60318,,,,,,f,,33L7PJKHCHRH3DNOFIZCGT1Z1B4T8T,AssignmentSubmitted
9,2018-03-13 07:41:23.166516,,,,,,f,,33UKMF931AD01XFCIGA77PXMFP0TTV,AssignmentAccepted
10,2018-03-13 07:55:44.87975,,,,,,f,,33UKMF931AD01XFCIGA77PXMFP0TTV,AssignmentSubmitted
11,2018-03-13 07:56:04.135725,,,,,,f,,320DUZ38G8F2IPX1MMXW60VORT2JG8,AssignmentAccepted
12,2018-03-13 08:06:42.203958,,,,,,f,,320DUZ38G8F2IPX1MMXW60VORT2JG8,AssignmentSubmitted
13,2018-03-13 08:06:54.615361,,,,,,f,,3HHRAGRYX9Y14Q1QOTJRMFQNMAI9OR,AssignmentAccepted
14,2018-03-13 08:16:24.300538,,,,,,f,,3HHRAGRYX9Y14Q1QOTJRMFQNMAI9OR,AssignmentSubmitted
15,2018-03-13 08:16:40.485239,,,,,,f,,3MRNMEIQW6Z51VBANH81GU5JIQTDLW,AssignmentAccepted
16,2018-03-13 08:28:24.705915,,,,,,f,,3MRNMEIQW6Z51VBANH81GU5JIQTDLW,AssignmentSubmitted
17,2018-03-13 08:28:38.510843,,,,,,f,,354P56DE9LWCOZ5QGD2GSO9IO9YS7W,AssignmentAccepted
18,2018-03-13 09:04:21.885149,,,,,,f,,354P56DE9LWCOZ5QGD2GSO9IO9YS7W,AssignmentSubmitted
19,2018-03-13 09:04:40.555248,,,,,,f,,3CP1TO84PUU4WWA9Y58D3MIIZ9725R,AssignmentAccepted
20,2018-03-13 10:04:48.11067,,,,,,f,,3CP1TO84PUU4WWA9Y58D3MIIZ9725R,AssignmentAbandoned
21,2018-03-13 10:05:21.131281,,,,,,f,,3CFJTT4SXUJNUL2UB182OM3VFB0I7Y,AssignmentAccepted
22,2018-03-13 10:41:14.070971,,,,,,f,,3CFJTT4SXUJNUL2UB182OM3VFB0I7Y,AssignmentSubmitted
23,2018-03-13 10:41:22.237856,,,,,,f,,32UTUBMZ7HPFI3PKNPJ18DFL63OBVB,AssignmentAccepted
24,2018-03-13 10:56:46.320122,,,,,,f,,32UTUBMZ7HPFI3PKNPJ18DFL63OBVB,AssignmentSubmitted
25,2018-03-13 10:57:16.053733,,,,,,f,,3G0WWMR1UWDPE4I04GU0TLG760NNQI,AssignmentAccepted
26,2018-03-13 11:02:02.589634,,,,,,f,,3G0WWMR1UWDPE4I04GU0TLG760NNQI,AssignmentSubmitted
27,2018-03-13 11:02:35.601257,,,,,,f,,3WEV0KO0ONLS58607Q52SGJEAK6DSF,AssignmentAccepted
28,2018-03-13 11:08:02.132516,,,,,,f,,3WEV0KO0ONLS58607Q52SGJEAK6DSF,AssignmentSubmitted
29,2018-03-13 11:08:09.356945,,,,,,f,,32SVAV9L3G2QNKI9X1DZU73WX1B3AC,AssignmentAccepted
30,2018-03-13 11:31:14.725155,,,,,,f,,32SVAV9L3G2QNKI9X1DZU73WX1B3AC,AssignmentSubmitted
31,2018-03-13 11:31:29.485627,,,,,,f,,3GNCZX450JGXU9NWVZA67A6X2X3PAA,AssignmentAccepted
32,2018-03-13 11:35:05.757154,,,,,,f,,3GNCZX450JGXU9NWVZA67A6X2X3PAA,AssignmentSubmitted
33,2018-03-13 11:35:14.669578,,,,,,f,,38F71OA9GUPM5X7REZ4647NTU85MFO,AssignmentAccepted
34,2018-03-13 11:46:22.540544,,,,,,f,,38F71OA9GUPM5X7REZ4647NTU85MFO,AssignmentSubmitted
35,2018-03-13 11:46:28.960647,,,,,,f,,3EG49X351V51GGDKRD3BLIQE8DN6XQ,AssignmentAccepted
36,2018-03-13 11:57:13.053573,,,,,,f,,3EG49X351V51GGDKRD3BLIQE8DN6XQ,AssignmentSubmitted
37,2018-03-13 11:57:27.883059,,,,,,f,,3HSYG7LRBKR2VVZ2UYIN57NUDZSKKK,AssignmentAccepted
38,2018-03-13 12:17:52.279268,,,,,,f,,3HSYG7LRBKR2VVZ2UYIN57NUDZSKKK,AssignmentSubmitted
39,2018-03-13 12:18:01.64967,,,,,,f,,3AUQQEL7U6MEYGMAP9MCOWJ2FZU0VH,AssignmentAccepted
40,2018-03-13 12:25:37.191634,,,,,,f,,3AUQQEL7U6MEYGMAP9MCOWJ2FZU0VH,AssignmentSubmitted
41,2018-03-13 12:25:57.129451,,,,,,f,,30OG32W0SV40H1SVVPZ0Z4RTNX2EN0,AssignmentAccepted
42,2018-03-13 12:30:39.268193,,,,,,f,,30OG32W0SV40H1SVVPZ0Z4RTNX2EN0,AssignmentSubmitted
43,2018-03-13 12:30:59.985301,,,,,,f,,3B3WTRP3DCVNXJCL1VLUF2NKL5V29N,AssignmentAccepted
44,2018-03-13 13:06:27.558736,,,,,,f,,3B3WTRP3DCVNXJCL1VLUF2NKL5V29N,AssignmentSubmitted
45,2018-03-13 13:06:36.629496,,,,,,f,,3IRIK4HM3BDDDI2P0H7O75547V16CQ,AssignmentAccepted
46,2018-03-13 13:14:35.25971,,,,,,f,,3IRIK4HM3BDDDI2P0H7O75547V16CQ,AssignmentSubmitted
47,2018-03-13 13:14:49.587471,,,,,,f,,3N1FSUEFL6T93N4PHP9KUD38W47D4C,AssignmentAccepted
48,2018-03-13 13:27:41.518835,,,,,,f,,3N1FSUEFL6T93N4PHP9KUD38W47D4C,AssignmentSubmitted
49,2018-03-13 13:27:52.115738,,,,,,f,,392CY0QWG2KQBYKB93AVLAJLO9G4I6,AssignmentAccepted
50,2018-03-13 13:37:30.571668,,,,,,f,,392CY0QWG2KQBYKB93AVLAJLO9G4I6,AssignmentSubmitted
51,2018-03-13 13:37:41.073445,,,,,,f,,3MB8LZR5BGMDF1HKFYUOK7092Z0LKR,AssignmentAccepted
52,2018-03-13 13:58:10.534287,,,,,,f,,3MB8LZR5BGMDF1HKFYUOK7092Z0LKR,AssignmentSubmitted
53,2018-03-13 13:58:21.012337,,,,,,f,,3BF51CHDTW39GFRQKK589VST7KP0HX,AssignmentAccepted
54,2018-03-13 14:05:43.922762,,,,,,f,,3BF51CHDTW39GFRQKK589VST7KP0HX,AssignmentSubmitted
55,2018-03-13 14:06:30.261775,,,,,,f,,34J10VATJGRX037970H8ODKQK12QIE,AssignmentAccepted
56,2018-03-13 14:21:47.504211,,,,,,f,,34J10VATJGRX037970H8ODKQK12QIE,AssignmentSubmitted
57,2018-03-13 14:22:11.813221,,,,,,f,,3Y5140Z9DY9C0R6U7N2JO8UGF5HIPG,AssignmentAccepted
58,2018-03-13 14:59:08.274785,,,,,,f,,3Y5140Z9DY9C0R6U7N2JO8UGF5HIPG,AssignmentSubmitted
59,2018-03-13 14:59:20.595824,,,,,,f,,3ZAK8W07I57EL1XAKJC7SAHJ1SUU0V,AssignmentAccepted
60,2018-03-13 15:59:34.902346,,,,,,f,,3ZAK8W07I57EL1XAKJC7SAHJ1SUU0V,AssignmentAbandoned
61,2018-03-13 15:59:36.818184,,,,,,f,,3ZAK8W07I57EL1XAKJC7SAHJ1SUU0V,AssignmentAccepted
62,2018-03-13 16:12:25.081367,,,,,,f,,3ZAK8W07I57EL1XAKJC7SAHJ1SUU0V,AssignmentSubmitted
63,2018-03-13 16:12:31.243267,,,,,,f,,354GIDR5ZCZY5FLUMCYN33TCL3Z007,AssignmentAccepted
64,2018-03-13 16:21:01.435129,,,,,,f,,354GIDR5ZCZY5FLUMCYN33TCL3Z007,AssignmentReturned
65,2018-03-13 16:21:59.576154,,,,,,f,,3QUO65DNQVHZOIPTM4EIIBD1ZVKOUP,AssignmentAccepted
66,2018-03-13 16:41:26.177244,,,,,,f,,3QUO65DNQVHZOIPTM4EIIBD1ZVKOUP,AssignmentSubmitted
67,2018-03-13 16:41:48.915137,,,,,,f,,3VA45EW49OGJFLYVKG4Y7984OYPO1S,AssignmentAccepted
68,2018-03-13 17:31:32.462938,,,,,,f,,3VA45EW49OGJFLYVKG4Y7984OYPO1S,AssignmentSubmitted
69,2018-03-13 17:31:42.002603,,,,,,f,,3ITXP059PXC58U6SHMRDVEERF51SJ8,AssignmentAccepted
70,2018-03-13 18:19:28.962764,,,,,,f,,3ITXP059PXC58U6SHMRDVEERF51SJ8,AssignmentReturned
71,2018-03-13 18:20:33.159513,,,,,,f,,3ZPBJO59KQU3FZSKWWT3O2CC1ATHD4,AssignmentAccepted
72,2018-03-13 18:36:29.133394,,,,,,f,,3ZPBJO59KQU3FZSKWWT3O2CC1ATHD4,AssignmentSubmitted
73,2018-03-13 18:36:39.129895,,,,,,f,,3IUZPWIU1P0TQVTJJC1QTIHP075KWM,AssignmentAccepted
74,2018-03-13 18:53:55.781527,,,,,,f,,3IUZPWIU1P0TQVTJJC1QTIHP075KWM,AssignmentSubmitted
75,2018-03-13 18:54:06.481361,,,,,,f,,33PPO7FECW83BU342EBOOEDR1NDDIY,AssignmentAccepted
76,2018-03-13 19:05:34.397258,,,,,,f,,33PPO7FECW83BU342EBOOEDR1NDDIY,AssignmentSubmitted
77,2018-03-13 19:05:43.993878,,,,,,f,,3V0Z7YWSIZTLUQPO4WQQ7KCHCYLV25,AssignmentAccepted
78,2018-03-13 19:22:22.670276,,,,,,f,,3V0Z7YWSIZTLUQPO4WQQ7KCHCYLV25,AssignmentSubmitted
79,2018-03-13 19:22:37.9075,,,,,,f,,3J88R45B2HR9QMVP692KRIHV3JNXPZ,AssignmentAccepted
80,2018-03-13 19:35:40.216316,,,,,,f,,3J88R45B2HR9QMVP692KRIHV3JNXPZ,AssignmentSubmitted
81,2018-03-13 19:35:56.740042,,,,,,f,,31QNSG6A5SMU5FQH2FWBBX9HCGA78W,AssignmentAccepted
82,2018-03-13 19:45:20.225658,,,,,,f,,31QNSG6A5SMU5FQH2FWBBX9HCGA78W,AssignmentSubmitted
83,2018-03-13 19:45:32.090783,,,,,,f,,3OUYGIZWR8R1TWPE3XDDI4UKTC4P0Y,AssignmentAccepted
84,2018-03-13 19:47:01.727966,,,,,,f,,3OUYGIZWR8R1TWPE3XDDI4UKTC4P0Y,AssignmentReturned
85,2018-03-13 19:47:29.796935,,,,,,f,,3OUYGIZWR8R1TWPE3XDDI4UKTC4P0Y,AssignmentAccepted
86,2018-03-13 20:18:47.073005,,,,,,f,,3OUYGIZWR8R1TWPE3XDDI4UKTC4P0Y,AssignmentSubmitted
87,2018-03-13 20:19:05.563468,,,,,,f,,36V4Q8R5ZLTJWMX0SFF0G6R71BTQM3,AssignmentAccepted
88,2018-03-13 21:19:03.752788,,,,,,f,,36V4Q8R5ZLTJWMX0SFF0G6R71BTQM3,AssignmentAbandoned
89,2018-03-13 21:19:37.714565,,,,,,f,,3I0BTBYZAYEV2AHFUK9WVVNWXHCY06,AssignmentAccepted
90,2018-03-13 22:15:31.834223,,,,,,f,,3I0BTBYZAYEV2AHFUK9WVVNWXHCY06,AssignmentReturned
91,2018-03-13 22:15:44.751852,,,,,,f,,3I0BTBYZAYEV2AHFUK9WVVNWXHCY06,AssignmentAccepted
92,2018-03-13 23:16:03.527058,,,,,,f,,3I0BTBYZAYEV2AHFUK9WVVNWXHCY06,AssignmentAbandoned
93,2018-03-13 23:16:34.583274,,,,,,f,,3I0BTBYZAYEV2AHFUK9WVVNWXHCY06,AssignmentAccepted
94,2018-03-14 00:16:43.881955,,,,,,f,,3I0BTBYZAYEV2AHFUK9WVVNWXHCY06,AssignmentAbandoned
95,2018-03-14 00:17:17.644958,,,,,,f,,3MB8LZR5BGMDF1HKFYUOK70920MLKF,AssignmentAccepted
96,2018-03-14 00:51:47.442853,,,,,,f,,3MB8LZR5BGMDF1HKFYUOK70920MLKF,AssignmentSubmitted
97,2018-03-14 00:52:16.458407,,,,,,f,,3IGI0VL648DMTS5KP32W4GL7R10ONA,AssignmentAccepted
98,2018-03-14 01:04:44.933801,,,,,,f,,3IGI0VL648DMTS5KP32W4GL7R10ONA,AssignmentSubmitted
99,2018-03-14 01:04:59.881008,,,,,,f,,3M1CVSFP61YIULOBVCPV7FW77VKAQL,AssignmentAccepted
100,2018-03-14 01:27:02.653729,,,,,,f,,3M1CVSFP61YIULOBVCPV7FW77VKAQL,AssignmentSubmitted
101,2018-03-14 01:27:22.495767,,,,,,f,,3VP0C6EFSHPQM4EGD612A1AG1BXM6K,AssignmentAccepted
102,2018-03-14 01:52:06.779527,,,,,,f,,3VP0C6EFSHPQM4EGD612A1AG1BXM6K,AssignmentSubmitted
103,2018-03-14 01:52:25.821125,,,,,,f,,3S96KQ6I9NXTK8JFWQAS2LF0C5GTDK,AssignmentAccepted
104,2018-03-14 02:07:18.820466,,,,,,f,,3S96KQ6I9NXTK8JFWQAS2LF0C5GTDK,AssignmentSubmitted
105,2018-03-14 02:07:30.094824,,,,,,f,,3NPI0JQDAPY295M51Z1N2FWPQOKPTV,AssignmentAccepted
106,2018-03-14 02:26:48.886045,,,,,,f,,3NPI0JQDAPY295M51Z1N2FWPQOKPTV,AssignmentSubmitted
107,2018-03-14 02:27:02.676403,,,,,,f,,3WR9XG3T644TME3FQC6YULTCAVY478,AssignmentAccepted
108,2018-03-14 02:39:19.520534,,,,,,f,,3WR9XG3T644TME3FQC6YULTCAVY478,AssignmentSubmitted
109,2018-03-14 02:39:28.597182,,,,,,f,,39GAF6DQWSTE557SLSQC212CKTVV1E,AssignmentAccepted
110,2018-03-14 02:44:51.308966,,,,,,f,,39GAF6DQWSTE557SLSQC212CKTVV1E,AssignmentReturned
111,2018-03-14 02:45:49.699497,,,,,,f,,36U2A8VAG2SXF0OJYDJEEF25BGXYKT,AssignmentAccepted
112,2018-03-14 02:58:02.799891,,,,,,f,,36U2A8VAG2SXF0OJYDJEEF25BGXYKT,AssignmentSubmitted
113,2018-03-14 02:58:28.545822,,,,,,f,,3HQUKB7LNG7KRFXMISCTFNRAT3HHHA,AssignmentAccepted
114,2018-03-14 03:21:12.729534,,,,,,f,,3HQUKB7LNG7KRFXMISCTFNRAT3HHHA,AssignmentSubmitted
115,2018-03-14 03:21:25.119472,,,,,,f,,30MVJZJNHN6N3FAT8GRMEJ91NIEJ9S,AssignmentAccepted
116,2018-03-14 03:28:32.191811,,,,,,f,,30MVJZJNHN6N3FAT8GRMEJ91NIEJ9S,AssignmentSubmitted
117,2018-03-14 03:28:49.238453,,,,,,f,,3WS1NTTKEZ5P2J0KPUH86AGGR740FV,AssignmentAccepted
118,2018-03-14 04:29:01.220558,,,,,,f,,3WS1NTTKEZ5P2J0KPUH86AGGR740FV,AssignmentAbandoned
119,2018-03-14 04:29:14.697526,,,,,,f,,3WS1NTTKEZ5P2J0KPUH86AGGR740FV,AssignmentAccepted
120,2018-03-14 04:53:06.895107,,,,,,f,,3WS1NTTKEZ5P2J0KPUH86AGGR740FV,AssignmentSubmitted
121,2018-03-14 04:53:21.406335,,,,,,f,,3KYQYYSHYW0D7GE709OT8B9DDXCOD6,AssignmentAccepted
122,2018-03-14 05:24:10.787522,,,,,,f,,3KYQYYSHYW0D7GE709OT8B9DDXCOD6,AssignmentSubmitted
123,2018-03-14 05:24:37.587478,,,,,,f,,3P529IW9KZE2ZFP6EN3R4U84U5QLF0,AssignmentAccepted
124,2018-03-14 06:24:45.111257,,,,,,f,,3P529IW9KZE2ZFP6EN3R4U84U5QLF0,AssignmentAbandoned
125,2018-03-14 06:24:46.271876,,,,,,f,,3P529IW9KZE2ZFP6EN3R4U84U5QLF0,AssignmentAccepted
126,2018-03-14 06:30:40.452039,,,,,,f,,3P529IW9KZE2ZFP6EN3R4U84U5QLF0,AssignmentSubmitted
127,2018-03-14 06:30:47.717721,,,,,,f,,3Q5C1WP23NUX7BSDF18ZY38D75F15Z,AssignmentAccepted
128,2018-03-14 06:56:00.647416,,,,,,f,,3Q5C1WP23NUX7BSDF18ZY38D75F15Z,AssignmentReturned
129,2018-03-14 06:56:47.545728,,,,,,f,,3R08VXYT7DO5VGMZ0ICHPDC3UOLW7A,AssignmentAccepted
130,2018-03-14 07:02:32.345146,,,,,,f,,3R08VXYT7DO5VGMZ0ICHPDC3UOLW7A,AssignmentSubmitted
131,2018-03-14 07:02:49.65719,,,,,,f,,3LUY3GC630TFB7PYOWYMXJ471RJP79,AssignmentAccepted
132,2018-03-14 07:13:27.554109,,,,,,f,,3LUY3GC630TFB7PYOWYMXJ471RJP79,AssignmentSubmitted
133,2018-03-14 07:13:49.225581,,,,,,f,,3IQ1VMJRYUDC2M7PEAE9LK6IXV89AQ,AssignmentAccepted
134,2018-03-14 08:14:06.180257,,,,,,f,,3IQ1VMJRYUDC2M7PEAE9LK6IXV89AQ,AssignmentAbandoned
135,2018-03-14 08:14:50.857385,,,,,,f,,31LVTDXBL83Z25UF5I3LLJMNXTELR8,AssignmentAccepted
136,2018-03-14 09:15:06.169763,,,,,,f,,31LVTDXBL83Z25UF5I3LLJMNXTELR8,AssignmentAbandoned
137,2018-03-14 09:16:31.706015,,,,,,f,,3YZ8UPK3VUFYFTSQWZ5RNBJKAJ5CUO,AssignmentAccepted
138,2018-03-14 09:52:48.915655,,,,,,f,,3YZ8UPK3VUFYFTSQWZ5RNBJKAJ5CUO,AssignmentReturned
139,2018-03-14 09:54:07.699462,,,,,,f,,3R3YRB5GRGWAMEVSCL90HGTWAGLAUL,AssignmentAccepted
140,2018-03-14 10:33:14.169993,,,,,,f,,3R3YRB5GRGWAMEVSCL90HGTWAGLAUL,AssignmentSubmitted
141,2018-03-14 10:33:24.256715,,,,,,f,,3OJSZ2ATDTPBIX7F4HP8ZDZQASQ57D,AssignmentAccepted
142,2018-03-14 10:47:03.081087,,,,,,f,,3OJSZ2ATDTPBIX7F4HP8ZDZQASQ57D,AssignmentSubmitted
143,2018-03-14 10:47:24.147366,,,,,,f,,3DR23U6WE67YCEXFSLLC83XLCIHTEF,AssignmentAccepted
144,2018-03-14 10:58:25.071074,,,,,,f,,3DR23U6WE67YCEXFSLLC83XLCIHTEF,AssignmentSubmitted
145,2018-03-14 10:58:42.582885,,,,,,f,,3YT88D1N09RWZXRV9SQOOL6S2G23KU,AssignmentAccepted
146,2018-03-14 11:48:16.164622,,,,,,f,,3YT88D1N09RWZXRV9SQOOL6S2G23KU,AssignmentReturned
147,2018-03-14 11:49:07.397363,,,,,,f,,3VA45EW49OGJFLYVKG4Y7984O131OP,AssignmentAccepted
148,2018-03-14 12:49:18.892663,,,,,,f,,3VA45EW49OGJFLYVKG4Y7984O131OP,AssignmentAbandoned
149,2018-03-14 12:49:37.590705,,,,,,f,,3VA45EW49OGJFLYVKG4Y7984O131OP,AssignmentAccepted
150,2018-03-14 13:49:57.383789,,,,,,f,,3VA45EW49OGJFLYVKG4Y7984O131OP,AssignmentAbandoned
151,2018-03-14 13:50:45.747392,,,,,,f,,3N8OEVH1FSJ4BD5WQI29J5LCHCJOO5,AssignmentAccepted
152,2018-03-14 13:58:14.665689,,,,,,f,,3N8OEVH1FSJ4BD5WQI29J5LCHCJOO5,AssignmentSubmitted
153,2018-03-14 13:58:25.569231,,,,,,f,,3NPI0JQDAPY295M51Z1N2FWPQPWTPD,AssignmentAccepted
154,2018-03-14 14:10:15.699341,,,,,,f,,3NPI0JQDAPY295M51Z1N2FWPQPWTPD,AssignmentSubmitted
155,2018-03-14 14:10:34.852952,,,,,,f,,3NS0A6KXC51SI425480IUUJEAUWZGW,AssignmentAccepted
156,2018-03-14 14:28:24.489033,,,,,,f,,3NS0A6KXC51SI425480IUUJEAUWZGW,AssignmentReturned
157,2018-03-14 14:29:16.280324,,,,,,f,,3H7XDTSHKDKOO9X0TLGBVQPWTSVGWQ,AssignmentAccepted
158,2018-03-14 14:45:35.565721,,,,,,f,,3H7XDTSHKDKOO9X0TLGBVQPWTSVGWQ,AssignmentSubmitted
159,2018-03-14 14:45:44.301632,,,,,,f,,3WYGZ5XF3X80JECAZ7RPWTE4UWIKSK,AssignmentAccepted
160,2018-03-14 14:57:46.003908,,,,,,f,,3WYGZ5XF3X80JECAZ7RPWTE4UWIKSK,AssignmentSubmitted
161,2018-03-14 14:58:04.369613,,,,,,f,,35USIKEBNS9W4MZGP7G2NGZG62S6NR,AssignmentAccepted
162,2018-03-14 15:22:35.850339,,,,,,f,,35USIKEBNS9W4MZGP7G2NGZG62S6NR,AssignmentSubmitted
163,2018-03-14 15:22:52.933112,,,,,,f,,3R5F3LQFV3DGAHJ3SRDQZ3SG1GWOZH,AssignmentAccepted
164,2018-03-14 15:31:41.575787,,,,,,f,,3R5F3LQFV3DGAHJ3SRDQZ3SG1GWOZH,AssignmentSubmitted
165,2018-03-14 15:32:00.121132,,,,,,f,,3VELCLL3GLCP98L2LDL8KFZQW0UF1Z,AssignmentAccepted
166,2018-03-14 15:42:16.240704,,,,,,f,,3VELCLL3GLCP98L2LDL8KFZQW0UF1Z,AssignmentSubmitted
167,2018-03-14 15:42:28.424139,,,,,,f,,3TPWUS5F8AUB7XHVRZKS5Z4HV0CWC5,AssignmentAccepted
168,2018-03-14 16:07:03.231802,,,,,,f,,3TPWUS5F8AUB7XHVRZKS5Z4HV0CWC5,AssignmentSubmitted
169,2018-03-14 16:07:12.737251,,,,,,f,,3CCZ6YKWR8CFWGV8JENSD9QW5JC59P,AssignmentAccepted
170,2018-03-14 16:16:46.437261,,,,,,f,,3CCZ6YKWR8CFWGV8JENSD9QW5JC59P,AssignmentSubmitted
171,2018-03-14 16:16:54.960531,,,,,,f,,3LEIZ60CDKSD3UFXQ2U82DXR6ILZ9R,AssignmentAccepted
172,2018-03-14 16:43:46.425134,,,,,,f,,3LEIZ60CDKSD3UFXQ2U82DXR6ILZ9R,AssignmentSubmitted
173,2018-03-14 16:43:58.308136,,,,,,f,,3KB8R4ZV1F0W06ZPYUKF8CCBJSYGBX,AssignmentAccepted
174,2018-03-14 16:55:44.97677,,,,,,f,,3KB8R4ZV1F0W06ZPYUKF8CCBJSYGBX,AssignmentSubmitted
175,2018-03-14 16:56:06.011178,,,,,,f,,3LOZAJ85YE6DYFUJ4BR8V592SCIX25,AssignmentAccepted
176,2018-03-14 17:03:40.511035,,,,,,f,,3LOZAJ85YE6DYFUJ4BR8V592SCIX25,AssignmentSubmitted
177,2018-03-14 17:03:55.274008,,,,,,f,,32EYX73OY122LVH9EWVMC6I6AMIURQ,AssignmentAccepted
178,2018-03-14 17:50:17.078673,,,,,,f,,32EYX73OY122LVH9EWVMC6I6AMIURQ,AssignmentSubmitted
179,2018-03-14 17:50:25.987534,,,,,,f,,3O7L7BFSHFI830H4Y9M8UWVC12BIEZ,AssignmentAccepted
180,2018-03-14 18:50:48.381922,,,,,,f,,3O7L7BFSHFI830H4Y9M8UWVC12BIEZ,AssignmentAbandoned
181,2018-03-14 18:50:49.493797,,,,,,f,,3O7L7BFSHFI830H4Y9M8UWVC12BIEZ,AssignmentAccepted
182,2018-03-14 18:59:28.08281,,,,,,f,,3O7L7BFSHFI830H4Y9M8UWVC12BIEZ,AssignmentSubmitted
183,2018-03-14 18:59:43.844615,,,,,,f,,3PM8NZGV8Z9UQYW46MH9RN758I8QXO,AssignmentAccepted
184,2018-03-14 19:15:27.680247,,,,,,f,,3PM8NZGV8Z9UQYW46MH9RN758I8QXO,AssignmentSubmitted
185,2018-03-14 19:15:33.013952,,,,,,f,,35DR22AR5ED2JXQ28B5DEFEUYQW3X0,AssignmentAccepted
186,2018-03-14 19:42:45.811545,,,,,,f,,35DR22AR5ED2JXQ28B5DEFEUYQW3X0,AssignmentSubmitted
187,2018-03-14 19:43:00.28398,,,,,,f,,34S9DKFK74IYN69MVQBU67J95DJYNJ,AssignmentAccepted
188,2018-03-14 20:00:41.221828,,,,,,f,,34S9DKFK74IYN69MVQBU67J95DJYNJ,AssignmentSubmitted
189,2018-03-14 20:00:49.741109,,,,,,f,,3LQ8PUHQFMLKNA86OAUEFZSPTIEIHQ,AssignmentAccepted
190,2018-03-14 20:15:09.518743,,,,,,f,,3LQ8PUHQFMLKNA86OAUEFZSPTIEIHQ,AssignmentSubmitted
191,2018-03-14 20:15:22.467484,,,,,,f,,3M0BCWMB8WPSXSPPDZOXUFYZDG8BWB,AssignmentAccepted
192,2018-03-14 21:15:33.94723,,,,,,f,,3M0BCWMB8WPSXSPPDZOXUFYZDG8BWB,AssignmentAbandoned
193,2018-03-14 21:15:58.430238,,,,,,f,,3M0BCWMB8WPSXSPPDZOXUFYZDG8BWB,AssignmentAccepted
194,2018-03-14 21:45:15.148847,,,,,,f,,3M0BCWMB8WPSXSPPDZOXUFYZDG8BWB,AssignmentSubmitted
195,2018-03-14 21:45:33.577298,,,,,,f,,351SEKWQS1AP7DTVNT9GG7K8IZFMDB,AssignmentAccepted
196,2018-03-14 22:04:17.882023,,,,,,f,,351SEKWQS1AP7DTVNT9GG7K8IZFMDB,AssignmentSubmitted
197,2018-03-14 22:04:24.207515,,,,,,f,,3T111IHZ5FJ413T6GL0VGAVSX20R9Q,AssignmentAccepted
198,2018-03-14 22:18:02.122497,,,,,,f,,3T111IHZ5FJ413T6GL0VGAVSX20R9Q,AssignmentSubmitted
199,2018-03-14 22:18:21.058078,,,,,,f,,3LEIZ60CDKSD3UFXQ2U82DXR6JNZ9V,AssignmentAccepted
200,2018-03-14 22:36:08.64911,,,,,,f,,3LEIZ60CDKSD3UFXQ2U82DXR6JNZ9V,AssignmentReturned
201,2018-03-14 22:36:14.657401,,,,,,f,,3LEIZ60CDKSD3UFXQ2U82DXR6JNZ9V,AssignmentAccepted
202,2018-03-14 22:50:03.117314,,,,,,f,,3LEIZ60CDKSD3UFXQ2U82DXR6JNZ9V,AssignmentSubmitted
203,2018-03-14 22:50:22.994322,,,,,,f,,3D3VGR7TA18IM14QZCZLPXS6XAWR3F,AssignmentAccepted
204,2018-03-14 22:58:21.00834,,,,,,f,,3D3VGR7TA18IM14QZCZLPXS6XAWR3F,AssignmentSubmitted
205,2018-03-14 22:58:30.942848,,,,,,f,,3PS7W85Z80VHHI6YKA5QGPWALN49TS,AssignmentAccepted
206,2018-03-14 23:12:09.444828,,,,,,f,,3PS7W85Z80VHHI6YKA5QGPWALN49TS,AssignmentSubmitted
207,2018-03-14 23:12:22.924669,,,,,,f,,3TGOYF991YFU1N9QIQQRHH5QHMLUUV,AssignmentAccepted
208,2018-03-14 23:40:02.690379,,,,,,f,,3TGOYF991YFU1N9QIQQRHH5QHMLUUV,AssignmentSubmitted
209,2018-03-14 23:40:20.684226,,,,,,f,,3KXIR214I59M0D69K0P3YUC4ZIG240,AssignmentAccepted
210,2018-03-15 00:40:13.551234,,,,,,f,,3KXIR214I59M0D69K0P3YUC4ZIG240,AssignmentAbandoned
211,2018-03-15 00:40:48.209924,,,,,,f,,3E13VNJ1NOO9JZNSMLRTNCCICU71I1,AssignmentAccepted
212,2018-03-15 00:47:36.749711,,,,,,f,,3E13VNJ1NOO9JZNSMLRTNCCICU71I1,AssignmentSubmitted
213,2018-03-15 00:47:59.526787,,,,,,f,,3R6BYFZZP85XZ96VS66FFO3R1HUFXG,AssignmentAccepted
214,2018-03-15 00:54:12.332947,,,,,,f,,3R6BYFZZP85XZ96VS66FFO3R1HUFXG,AssignmentSubmitted
215,2018-03-15 00:54:22.738624,,,,,,f,,3VP0C6EFSHPQM4EGD612A1AG1E7M60,AssignmentAccepted
216,2018-03-15 01:11:43.389016,,,,,,f,,3VP0C6EFSHPQM4EGD612A1AG1E7M60,AssignmentSubmitted
217,2018-03-15 01:11:47.871843,,,,,,f,,3FIJLY1B6VXSQ0446FWYLBHOZIMPF3,AssignmentAccepted
218,2018-03-15 01:56:10.371676,,,,,,f,,3FIJLY1B6VXSQ0446FWYLBHOZIMPF3,AssignmentSubmitted
219,2018-03-15 01:56:13.357354,,,,,,f,,3HMVI3QICKLV9Z2XQ3DW90662D9Y18,AssignmentAccepted
220,2018-03-15 02:49:20.329962,,,,,,f,,3HMVI3QICKLV9Z2XQ3DW90662D9Y18,AssignmentSubmitted
221,2018-03-15 02:49:34.128669,,,,,,f,,3KYQYYSHYW0D7GE709OT8B9DD0HODH,AssignmentAccepted
222,2018-03-15 02:59:52.865232,,,,,,f,,3KYQYYSHYW0D7GE709OT8B9DD0HODH,AssignmentSubmitted
223,2018-03-15 03:00:01.023153,,,,,,f,,3RXCAC0YISIDY81IVI05HAMABNUG8H,AssignmentAccepted
224,2018-03-15 03:30:10.54678,,,,,,f,,3RXCAC0YISIDY81IVI05HAMABNUG8H,AssignmentSubmitted
225,2018-03-15 03:30:24.480832,,,,,,f,,3X08E93BHWBOX1TOQQULL5DUBE466M,AssignmentAccepted
226,2018-03-15 04:24:24.878407,,,,,,f,,3X08E93BHWBOX1TOQQULL5DUBE466M,AssignmentReturned
227,2018-03-15 04:25:15.920499,,,,,,f,,38F5OAUN5O5NYQRA5JQHOA2GF3A7HT,AssignmentAccepted
228,2018-03-15 04:36:24.066257,,,,,,f,,38F5OAUN5O5NYQRA5JQHOA2GF3A7HT,AssignmentSubmitted
229,2018-03-15 04:36:37.384084,,,,,,f,,3J88R45B2HR9QMVP692KRIHV3N0PXC,AssignmentAccepted
230,2018-03-15 04:53:37.532561,,,,,,f,,3J88R45B2HR9QMVP692KRIHV3N0PXC,AssignmentSubmitted
231,2018-03-15 04:53:42.612819,,,,,,f,,3E47SOBEYRPT62XQ2IGD48V9GRJCIN,AssignmentAccepted
232,2018-03-15 05:04:05.552117,,,,,,f,,3E47SOBEYRPT62XQ2IGD48V9GRJCIN,AssignmentSubmitted
233,2018-03-15 05:04:17.464808,,,,,,f,,3GA6AFUKOPH5X7QN37NRBTQ0A1R3HN,AssignmentAccepted
234,2018-03-15 05:33:58.308068,,,,,,f,,3GA6AFUKOPH5X7QN37NRBTQ0A1R3HN,AssignmentReturned
235,2018-03-15 05:34:17.780161,,,,,,f,,3GA6AFUKOPH5X7QN37NRBTQ0A1R3HN,AssignmentAccepted
236,2018-03-15 06:29:39.488197,,,,,,f,,3GA6AFUKOPH5X7QN37NRBTQ0A1R3HN,AssignmentReturned
237,2018-03-15 06:30:13.913995,,,,,,f,,3DL65MZB8E8HQXV46ZQMJTXHOZFECL,AssignmentAccepted
238,2018-03-15 06:44:08.750125,,,,,,f,,3DL65MZB8E8HQXV46ZQMJTXHOZFECL,AssignmentSubmitted
239,2018-03-15 06:44:34.336968,,,,,,f,,3EG49X351V51GGDKRD3BLIQE8JG6XV,AssignmentAccepted
240,2018-03-15 06:53:05.142429,,,,,,f,,3EG49X351V51GGDKRD3BLIQE8JG6XV,AssignmentSubmitted
241,2018-03-15 06:53:10.85853,,,,,,f,,3TYCR1GOTDC84WG6FZXY7MOM6E2ZLS,AssignmentAccepted
242,2018-03-15 06:59:08.737034,,,,,,f,,3TYCR1GOTDC84WG6FZXY7MOM6E2ZLS,AssignmentReturned
243,2018-03-15 06:59:57.779154,,,,,,f,,39LOEL67OTYC4WPU03TLYGX17J538E,AssignmentAccepted
244,2018-03-15 07:17:10.2183,,,,,,f,,39LOEL67OTYC4WPU03TLYGX17J538E,AssignmentReturned
245,2018-03-15 07:18:04.35508,,,,,,f,,3CTOC39K38JJPWM0TJT20NIVSWM7J8,AssignmentAccepted
246,2018-03-15 07:32:13.267147,,,,,,f,,3CTOC39K38JJPWM0TJT20NIVSWM7J8,AssignmentSubmitted
247,2018-03-15 07:32:52.955757,,,,,,f,,3OS46CRSLGS9CR8PRY2TXXTTS896VT,AssignmentAccepted
248,2018-03-15 07:33:38.564479,,,,,,f,,3OS46CRSLGS9CR8PRY2TXXTTS896VT,AssignmentReturned
249,2018-03-15 07:34:14.392468,,,,,,f,,3UN61F00HXIL0GRUDVNE4UQQB7LR55,AssignmentAccepted
250,2018-03-15 07:48:33.109434,,,,,,f,,3UN61F00HXIL0GRUDVNE4UQQB7LR55,AssignmentSubmitted
251,2018-03-15 07:48:50.915947,,,,,,f,,3NGI5ARFTUY10LAWZGHDW9DUY9T1P6,AssignmentAccepted
252,2018-03-15 08:24:01.857095,,,,,,f,,3NGI5ARFTUY10LAWZGHDW9DUY9T1P6,AssignmentSubmitted
253,2018-03-15 08:24:45.507229,,,,,,f,,36DSNE9QZ6RQA2EZA5A4B94QILXJOB,AssignmentAccepted
254,2018-03-15 08:38:09.959083,,,,,,f,,36DSNE9QZ6RQA2EZA5A4B94QILXJOB,AssignmentSubmitted
255,2018-03-15 08:38:29.023485,,,,,,f,,31T4R4OBOT9WHIGUJRCGDJ502CF7CW,AssignmentAccepted
256,2018-03-15 08:52:27.652271,,,,,,f,,31T4R4OBOT9WHIGUJRCGDJ502CF7CW,AssignmentSubmitted
257,2018-03-15 08:52:38.658832,,,,,,f,,3HFNH7HEMI7J4C1EHCH5317A5UYQGM,AssignmentAccepted
258,2018-03-15 09:52:40.92776,,,,,,f,,3HFNH7HEMI7J4C1EHCH5317A5UYQGM,AssignmentAbandoned
259,2018-03-15 09:53:55.11816,,,,,,f,,3QAPZX2QN5651PO81Z21MRMRI7Y02I,AssignmentAccepted
260,2018-03-15 10:28:45.769731,,,,,,f,,3QAPZX2QN5651PO81Z21MRMRI7Y02I,AssignmentSubmitted
261,2018-03-15 10:28:54.582074,,,,,,f,,33F859I5676A02U0I02XTCOCYUDHB3,AssignmentAccepted
262,2018-03-15 10:42:35.015709,,,,,,f,,33F859I5676A02U0I02XTCOCYUDHB3,AssignmentSubmitted
263,2018-03-15 10:42:46.339528,,,,,,f,,3300DTYQT3ALKY5NBHRH3YMYSEMQE8,AssignmentAccepted
264,2018-03-15 11:26:55.10365,,,,,,f,,3300DTYQT3ALKY5NBHRH3YMYSEMQE8,AssignmentSubmitted
265,2018-03-15 11:27:07.549529,,,,,,f,,32EYX73OY122LVH9EWVMC6I6AOJRUS,AssignmentAccepted
266,2018-03-15 11:52:19.482924,,,,,,f,,32EYX73OY122LVH9EWVMC6I6AOJRUS,AssignmentSubmitted
267,2018-03-15 11:52:32.679942,,,,,,f,,3I7DHKZYGOTOXQMLM0NKN5C78JGF54,AssignmentAccepted
268,2018-03-15 12:19:19.250939,,,,,,f,,3I7DHKZYGOTOXQMLM0NKN5C78JGF54,AssignmentSubmitted
269,2018-03-15 12:19:32.634342,,,,,,f,,30MVJZJNHN6N3FAT8GRMEJ91NMHJ93,AssignmentAccepted
270,2018-03-15 12:26:13.618061,,,,,,f,,30MVJZJNHN6N3FAT8GRMEJ91NMHJ93,AssignmentSubmitted
271,2018-03-15 12:26:22.839046,,,,,,f,,3VJ40NV2QJGKO5A4MZO8DFRZGNUOTR,AssignmentAccepted
272,2018-03-15 12:48:52.422926,,,,,,f,,3VJ40NV2QJGKO5A4MZO8DFRZGNUOTR,AssignmentSubmitted
273,2018-03-15 12:49:10.829085,,,,,,f,,3IRIK4HM3BDDDI2P0H7O75547116C2,AssignmentAccepted
274,2018-03-15 12:54:18.530007,,,,,,f,,3IRIK4HM3BDDDI2P0H7O75547116C2,AssignmentReturned
275,2018-03-15 12:55:27.359239,,,,,,f,,3OONKJ5DKDCKSJGNMDXNDLLDAGVBOP,AssignmentAccepted
276,2018-03-15 13:39:30.763147,,,,,,f,,3OONKJ5DKDCKSJGNMDXNDLLDAGVBOP,AssignmentSubmitted
277,2018-03-15 13:39:52.049392,,,,,,f,,33CID57105M7J39DUS2P3LJ7RJG3LC,AssignmentAccepted
278,2018-03-15 14:40:25.611308,,,,,,f,,33CID57105M7J39DUS2P3LJ7RJG3LC,AssignmentAbandoned
279,2018-03-15 14:40:47.300328,,,,,,f,,3JV9LGBJWU7GJ0OY2ZP1EWCAQTUOGQ,AssignmentAccepted
280,2018-03-15 14:58:51.623734,,,,,,f,,3JV9LGBJWU7GJ0OY2ZP1EWCAQTUOGQ,AssignmentSubmitted
281,2018-03-15 14:58:58.527799,,,,,,f,,3I02618YA1ZH9I1U14RX7BIR967PUA,AssignmentAccepted
282,2018-03-15 15:14:08.798673,,,,,,f,,3I02618YA1ZH9I1U14RX7BIR967PUA,AssignmentSubmitted
283,2018-03-15 15:14:15.638174,,,,,,f,,3JWH6J9I9T62AYGBLYXAYWL8K60BNK,AssignmentAccepted
284,2018-03-15 15:35:59.774945,,,,,,f,,3JWH6J9I9T62AYGBLYXAYWL8K60BNK,AssignmentSubmitted
285,2018-03-15 15:36:09.810863,,,,,,f,,3WEV0KO0ONLS58607Q52SGJEAQNDS8,AssignmentAccepted
286,2018-03-15 16:07:46.890971,,,,,,f,,3WEV0KO0ONLS58607Q52SGJEAQNDS8,AssignmentSubmitted
287,2018-03-15 16:07:57.870919,,,,,,f,,3DQQ64TANHEU1MQZW46YPZ3OUMQPWH,AssignmentAccepted
288,2018-03-15 16:23:48.901911,,,,,,f,,3DQQ64TANHEU1MQZW46YPZ3OUMQPWH,AssignmentSubmitted
289,2018-03-15 16:23:52.799884,,,,,,f,,3X3OR7WPZ0TTK0FJ69XLU2RI75O8LP,AssignmentAccepted
290,2018-03-15 17:20:11.099906,,,,,,f,,3X3OR7WPZ0TTK0FJ69XLU2RI75O8LP,AssignmentReturned
291,2018-03-15 17:20:57.009432,,,,,,f,,33IZTU6J82U63EBHYQ6EMNM6Q89SXZ,AssignmentAccepted
292,2018-03-15 18:21:07.124723,,,,,,f,,33IZTU6J82U63EBHYQ6EMNM6Q89SXZ,AssignmentAbandoned
293,2018-03-15 18:21:46.098481,,,,,,f,,3VHP9MDGROD9WBV01AAS1BIH01YCF7,AssignmentAccepted
294,2018-03-15 18:34:33.90108,,,,,,f,,3VHP9MDGROD9WBV01AAS1BIH01YCF7,AssignmentSubmitted
295,2018-03-15 18:34:44.581837,,,,,,f,,3I33IC7ZWGV122MQT1ZUBXY4RU92AC,AssignmentAccepted
296,2018-03-15 19:22:23.978976,,,,,,f,,3I33IC7ZWGV122MQT1ZUBXY4RU92AC,AssignmentSubmitted
297,2018-03-15 19:22:34.555275,,,,,,f,,3W8CV64QJ3SRC9F3KGO126TMAVCH9X,AssignmentAccepted
298,2018-03-15 19:30:32.551818,,,,,,f,,3W8CV64QJ3SRC9F3KGO126TMAVCH9X,AssignmentReturned
299,2018-03-15 19:30:50.630888,,,,,,f,,3W8CV64QJ3SRC9F3KGO126TMAVCH9X,AssignmentAccepted
300,2018-03-15 20:04:26.668066,,,,,,f,,3W8CV64QJ3SRC9F3KGO126TMAVCH9X,AssignmentSubmitted
301,2018-03-15 20:04:46.5325,,,,,,f,,3RSDURM96BFUT0W92R8BGKP0RO9YER,AssignmentAccepted
302,2018-03-15 20:41:38.668247,,,,,,f,,3RSDURM96BFUT0W92R8BGKP0RO9YER,AssignmentSubmitted
303,2018-03-15 20:41:43.413266,,,,,,f,,33SA9F9TRYNQ4V19NQQNVN4KGGEWEV,AssignmentAccepted
304,2018-03-15 20:54:17.216156,,,,,,f,,33SA9F9TRYNQ4V19NQQNVN4KGGEWEV,AssignmentSubmitted
305,2018-03-15 20:54:29.774803,,,,,,f,,39K0FND3AI8R96QJ3JIEQ6C2XZ6MA3,AssignmentAccepted
306,2018-03-15 21:12:47.863589,,,,,,f,,39K0FND3AI8R96QJ3JIEQ6C2XZ6MA3,AssignmentSubmitted
307,2018-03-15 21:13:00.465315,,,,,,f,,38YMOXR4MVSMRG8UH87PJZC7ZIZ6WT,AssignmentAccepted
308,2018-03-15 21:48:11.841762,,,,,,f,,38YMOXR4MVSMRG8UH87PJZC7ZIZ6WT,AssignmentReturned
309,2018-03-15 21:48:16.905758,,,,,,f,,38YMOXR4MVSMRG8UH87PJZC7ZIZ6WT,AssignmentAccepted
310,2018-03-15 22:01:38.228652,,,,,,f,,38YMOXR4MVSMRG8UH87PJZC7ZIZ6WT,AssignmentSubmitted
311,2018-03-15 22:02:52.367195,,,,,,f,,308Q0PEVB96R84QNQY6M2IU1A8CI9C,AssignmentAccepted
312,2018-03-15 22:20:16.671482,,,,,,f,,308Q0PEVB96R84QNQY6M2IU1A8CI9C,AssignmentSubmitted
313,2018-03-15 22:20:27.281983,,,,,,f,,3KAKFY4PGVV5T2179P5CB5RFAG3I3W,AssignmentAccepted
314,2018-03-15 23:01:42.871913,,,,,,f,,3KAKFY4PGVV5T2179P5CB5RFAG3I3W,AssignmentSubmitted
315,2018-03-15 23:02:03.083152,,,,,,f,,3ERMJ6L4DZL9Q4SLWG6UGFACWSEM7S,AssignmentAccepted
316,2018-03-15 23:15:31.571753,,,,,,f,,3ERMJ6L4DZL9Q4SLWG6UGFACWSEM7S,AssignmentSubmitted
317,2018-03-15 23:15:36.793551,,,,,,f,,3FE7TXL1LJGTPIT7IXWG1XD9VDR2QH,AssignmentAccepted
318,2018-03-15 23:51:35.695086,,,,,,f,,3FE7TXL1LJGTPIT7IXWG1XD9VDR2QH,AssignmentSubmitted
319,2018-03-15 23:51:47.529141,,,,,,f,,31IBVUNM9TS5VK10SR5XR366L9GFVD,AssignmentAccepted
320,2018-03-16 00:51:44.337975,,,,,,f,,31IBVUNM9TS5VK10SR5XR366L9GFVD,AssignmentAbandoned
321,2018-03-16 00:51:56.532594,,,,,,f,,31IBVUNM9TS5VK10SR5XR366L9GFVD,AssignmentAccepted
322,2018-03-16 01:16:29.892945,,,,,,f,,31IBVUNM9TS5VK10SR5XR366L9GFVD,AssignmentSubmitted
323,2018-03-16 01:16:47.81866,,,,,,f,,3SKRO2GZ72K0PUDGMOC50SRV41WK11,AssignmentAccepted
324,2018-03-16 01:17:18.840208,,,,,,f,,3SKRO2GZ72K0PUDGMOC50SRV41WK11,AssignmentReturned
325,2018-03-16 01:18:17.733279,,,,,,f,,3AQF3RZ559BKGUMZRJXPFBQ74GVF6S,AssignmentAccepted
326,2018-03-16 01:24:00.892276,,,,,,f,,3AQF3RZ559BKGUMZRJXPFBQ74GVF6S,AssignmentSubmitted
327,2018-03-16 01:24:31.190019,,,,,,f,,3ZY8KE4ISKW2M9R967GR32AKSBVVQT,AssignmentAccepted
328,2018-03-16 01:43:16.610999,,,,,,f,,3ZY8KE4ISKW2M9R967GR32AKSBVVQT,AssignmentSubmitted
329,2018-03-16 01:43:26.389207,,,,,,f,,3OUYGIZWR8R1TWPE3XDDI4UKTJY0PH,AssignmentAccepted
330,2018-03-16 02:13:30.133414,,,,,,f,,3OUYGIZWR8R1TWPE3XDDI4UKTJY0PH,AssignmentSubmitted
331,2018-03-16 02:13:39.677352,,,,,,f,,3LQ8PUHQFMLKNA86OAUEFZSPTM6HIP,AssignmentAccepted
332,2018-03-16 02:32:00.534435,,,,,,f,,3LQ8PUHQFMLKNA86OAUEFZSPTM6HIP,AssignmentReturned
333,2018-03-16 02:32:52.949509,,,,,,f,,3P4RDNWND6ZGEG3WCAXZRC846EBJIX,AssignmentAccepted
334,2018-03-16 02:43:54.705394,,,,,,f,,3P4RDNWND6ZGEG3WCAXZRC846EBJIX,AssignmentSubmitted
335,2018-03-16 02:44:04.320033,,,,,,f,,3GLB5JMZFYOPF3X9CQBL320BMHMDGL,AssignmentAccepted
336,2018-03-16 02:51:46.087853,,,,,,f,,3GLB5JMZFYOPF3X9CQBL320BMHMDGL,AssignmentSubmitted
337,2018-03-16 02:52:09.117277,,,,,,f,,3ZQIG0FLQF9766NVIGFXVRS6GCGVW1,AssignmentAccepted
338,2018-03-16 02:58:21.265682,,,,,,f,,3ZQIG0FLQF9766NVIGFXVRS6GCGVW1,AssignmentSubmitted
339,2018-03-16 02:58:34.1442,,,,,,f,,3PZDLQMM0UEPVHJODFVLHSOSRY6C22,AssignmentAccepted
340,2018-03-16 03:10:54.787197,,,,,,f,,3PZDLQMM0UEPVHJODFVLHSOSRY6C22,AssignmentSubmitted
341,2018-03-16 03:10:58.418694,,,,,,f,,3EWIJTFFVP0XW50OUJX2OSVGFC00E0,AssignmentAccepted
342,2018-03-16 03:27:15.632279,,,,,,f,,3EWIJTFFVP0XW50OUJX2OSVGFC00E0,AssignmentSubmitted
343,2018-03-16 03:27:29.355223,,,,,,f,,34S9DKFK74IYN69MVQBU67J95HGNYD,AssignmentAccepted
344,2018-03-16 03:43:53.49578,,,,,,f,,34S9DKFK74IYN69MVQBU67J95HGNYD,AssignmentSubmitted
345,2018-03-16 03:43:58.453582,,,,,,f,,3WMINLGALCWE0KESQUO0NA7Q3M1CAC,AssignmentAccepted
346,2018-03-16 04:28:49.113412,,,,,,f,,3WMINLGALCWE0KESQUO0NA7Q3M1CAC,AssignmentSubmitted
347,2018-03-16 04:28:56.285149,,,,,,f,,30OG32W0SV40H1SVVPZ0Z4RTN5GENU,AssignmentAccepted
348,2018-03-16 04:48:17.956576,,,,,,f,,30OG32W0SV40H1SVVPZ0Z4RTN5GENU,AssignmentSubmitted
349,2018-03-16 04:48:36.477279,,,,,,f,,3WRFBPLXRBHX73CY65I4GDNWWGR3NT,AssignmentAccepted
350,2018-03-16 05:37:10.087197,,,,,,f,,3WRFBPLXRBHX73CY65I4GDNWWGR3NT,AssignmentSubmitted
351,2018-03-16 05:37:24.44654,,,,,,f,,3CFVK00FWME6GMWVDU0NAOVR1CWL6I,AssignmentAccepted
352,2018-03-16 05:52:00.142216,,,,,,f,,3CFVK00FWME6GMWVDU0NAOVR1CWL6I,AssignmentSubmitted
353,2018-03-16 05:52:10.301777,,,,,,f,,37TRT2X24RK6R8PQ605I5P4RBO3BJS,AssignmentAccepted
354,2018-03-16 06:19:41.412663,,,,,,f,,37TRT2X24RK6R8PQ605I5P4RBO3BJS,AssignmentSubmitted
355,2018-03-16 06:20:57.265721,,,,,,f,,3G2UL9A02E77117T90ZDRJDQ6SU67X,AssignmentAccepted
356,2018-03-16 06:30:28.080072,,,,,,f,,3G2UL9A02E77117T90ZDRJDQ6SU67X,AssignmentSubmitted
357,2018-03-16 06:30:43.826315,,,,,,f,,34MAJL3QP5GBLV2SO038H4HW5Z3345,AssignmentAccepted
358,2018-03-16 06:45:45.168747,,,,,,f,,34MAJL3QP5GBLV2SO038H4HW5Z3345,AssignmentSubmitted
359,2018-03-16 06:45:50.516356,,,,,,f,,3A1COHJ8NKORY4WTFOIN2AYBQQIH8Y,AssignmentAccepted
360,2018-03-16 06:56:42.85651,,,,,,f,,3A1COHJ8NKORY4WTFOIN2AYBQQIH8Y,AssignmentSubmitted
361,2018-03-16 06:59:19.174616,,,,,,f,,3GU1KF0O4JU2DJSO1DA22LQ3KNEBPX,AssignmentAccepted
362,2018-03-16 07:55:42.728646,,,,,,f,,3GU1KF0O4JU2DJSO1DA22LQ3KNEBPX,AssignmentReturned
363,2018-03-16 08:02:12.519281,,,,,,f,,31N2WW6R9SJLJBZH8HZR88ENUQHF3C,AssignmentAccepted
364,2018-03-16 08:12:51.009528,,,,,,f,,31N2WW6R9SJLJBZH8HZR88ENUQHF3C,AssignmentSubmitted
365,2018-03-16 08:14:02.714735,,,,,,f,,31N2WW6R9SJLJBZH8HZR88ENUQI3F1,AssignmentAccepted
366,2018-03-16 08:21:23.278606,,,,,,f,,31N2WW6R9SJLJBZH8HZR88ENUQI3F1,AssignmentSubmitted
367,2018-03-16 08:23:22.072594,,,,,,f,,3LJ7UR74RI6IPZV26JNNQIF2AH0N4D,AssignmentAccepted
368,2018-03-16 08:30:28.995339,,,,,,f,,3LJ7UR74RI6IPZV26JNNQIF2AH0N4D,AssignmentSubmitted
369,2018-03-16 08:30:38.035214,,,,,,f,,3F6KKYWMNCUVPVEVZUOGTM98NUUDNH,AssignmentAccepted
370,2018-03-16 08:47:00.186233,,,,,,f,,3F6KKYWMNCUVPVEVZUOGTM98NUUDNH,AssignmentSubmitted
371,2018-03-16 08:49:13.370729,,,,,,f,,3DH6GAKTYZIS4VN5YEMO1UQIFW8ZYS,AssignmentAccepted
372,2018-03-16 09:06:28.252664,,,,,,f,,3DH6GAKTYZIS4VN5YEMO1UQIFW8ZYS,AssignmentSubmitted
373,2018-03-16 09:15:31.167218,,,,,,f,,30LB5CDZND3V70RKQ6BF92WY3JTZ0R,AssignmentAccepted
374,2018-03-16 09:20:14.731255,,,,,,f,,30LB5CDZND3V70RKQ6BF92WY3JTZ0R,AssignmentSubmitted
375,2018-03-16 09:25:04.167522,,,,,,f,,34YB12FSQZHSJX3MPJAOMSN5VW1GMV,AssignmentAccepted
376,2018-03-16 09:32:59.161722,,,,,,f,,34YB12FSQZHSJX3MPJAOMSN5VW1GMV,AssignmentSubmitted
377,2018-03-16 09:36:48.363227,,,,,,f,,3UWN2HHPUZY1RKXDWKJ5OLV8OX5NSM,AssignmentAccepted
378,2018-03-16 09:41:54.458711,,,,,,f,,3UWN2HHPUZY1RKXDWKJ5OLV8OX5NSM,AssignmentSubmitted
379,2018-03-16 09:53:23.287981,,,,,,f,,36DSNE9QZ6RQA2EZA5A4B94QIOYJOI,AssignmentAccepted
380,2018-03-16 10:18:15.532592,,,,,,f,,36DSNE9QZ6RQA2EZA5A4B94QIOYJOI,AssignmentSubmitted
381,2018-03-16 10:19:11.053696,,,,,,f,,33JKGHPFYDNYTPK8CNNJCCW2W8OMNA,AssignmentAccepted
382,2018-03-16 11:19:23.424813,,,,,,f,,33JKGHPFYDNYTPK8CNNJCCW2W8OMNA,AssignmentAbandoned
383,2018-03-16 11:24:25.557082,,,,,,f,,3UWN2HHPUZY1RKXDWKJ5OLV8OX9NSQ,AssignmentAccepted
384,2018-03-16 11:38:24.885171,,,,,,f,,3UWN2HHPUZY1RKXDWKJ5OLV8OX9NSQ,AssignmentSubmitted
385,2018-03-16 11:38:39.590384,,,,,,f,,3OJSZ2ATDTPBIX7F4HP8ZDZQAYX57W,AssignmentAccepted
386,2018-03-16 12:06:20.600084,,,,,,f,,3OJSZ2ATDTPBIX7F4HP8ZDZQAYX57W,AssignmentSubmitted
387,2018-03-16 12:06:35.278759,,,,,,f,,3ZAZR5XV02BF1SM02M4Z43YZC8WZCQ,AssignmentAccepted
388,2018-03-16 12:19:43.311117,,,,,,f,,3ZAZR5XV02BF1SM02M4Z43YZC8WZCQ,AssignmentSubmitted
389,2018-03-16 12:20:09.391562,,,,,,f,,379J5II41P9AT1PAJCJLMCN4IB2LEN,AssignmentAccepted
390,2018-03-16 12:26:43.129941,,,,,,f,,379J5II41P9AT1PAJCJLMCN4IB2LEN,AssignmentSubmitted
391,2018-03-16 12:26:55.74053,,,,,,f,,3TY7ZAOG5GD0I5SYQ585MN8LZAO0KE,AssignmentAccepted
392,2018-03-16 12:39:51.068078,,,,,,f,,3TY7ZAOG5GD0I5SYQ585MN8LZAO0KE,AssignmentSubmitted
393,2018-03-16 12:40:07.724161,,,,,,f,,3R6BYFZZP85XZ96VS66FFO3R1LRXF3,AssignmentAccepted
394,2018-03-16 12:49:08.929163,,,,,,f,,3R6BYFZZP85XZ96VS66FFO3R1LRXF3,AssignmentSubmitted
395,2018-03-16 12:49:13.660655,,,,,,f,,3SKEMFQBZ4YI0UX1L9LKF2E3I80K8L,AssignmentAccepted
396,2018-03-16 13:25:03.399219,,,,,,f,,3SKEMFQBZ4YI0UX1L9LKF2E3I80K8L,AssignmentSubmitted
397,2018-03-16 13:25:13.9846,,,,,,f,,3FE7TXL1LJGTPIT7IXWG1XD9VE12QT,AssignmentAccepted
398,2018-03-16 14:25:16.387378,,,,,,f,,3FE7TXL1LJGTPIT7IXWG1XD9VE12QT,AssignmentAbandoned
399,2018-03-16 14:25:56.95953,,,,,,f,,3VW04L3ZLUZEZVXGS0C1LV3Y5QQXXX,AssignmentAccepted
400,2018-03-16 14:37:00.727131,,,,,,f,,3VW04L3ZLUZEZVXGS0C1LV3Y5QQXXX,AssignmentSubmitted
401,2018-03-16 14:37:12.18568,,,,,,f,,3S96KQ6I9NXTK8JFWQAS2LF0CCRTD9,AssignmentAccepted
402,2018-03-16 15:19:51.16604,,,,,,f,,3S96KQ6I9NXTK8JFWQAS2LF0CCRTD9,AssignmentReturned
403,2018-03-16 15:20:13.833888,,,,,,f,,3S96KQ6I9NXTK8JFWQAS2LF0CCRTD9,AssignmentAccepted
404,2018-03-16 15:41:32.742805,,,,,,f,,3S96KQ6I9NXTK8JFWQAS2LF0CCRTD9,AssignmentReturned
405,2018-03-16 15:41:38.566796,,,,,,f,,3S96KQ6I9NXTK8JFWQAS2LF0CCRTD9,AssignmentAccepted
406,2018-03-16 16:10:26.792114,,,,,,f,,3S96KQ6I9NXTK8JFWQAS2LF0CCRTD9,AssignmentSubmitted
407,2018-03-16 16:10:37.99914,,,,,,f,,3Q5C1WP23NUX7BSDF18ZY38D7CA51C,AssignmentAccepted
408,2018-03-16 16:30:56.646072,,,,,,f,,3Q5C1WP23NUX7BSDF18ZY38D7CA51C,AssignmentSubmitted
409,2018-03-16 16:31:08.357681,,,,,,f,,3F0BG9B9MQG9KLHZFJU5AAXJ53EY7I,AssignmentAccepted
410,2018-03-16 17:18:54.844116,,,,,,f,,3F0BG9B9MQG9KLHZFJU5AAXJ53EY7I,AssignmentSubmitted
411,2018-03-16 17:19:47.831079,,,,,,f,,3U5JL4WY5L2N1T968PAWOK60CVZX4W,AssignmentAccepted
412,2018-03-16 17:43:20.007295,,,,,,f,,3U5JL4WY5L2N1T968PAWOK60CVZX4W,AssignmentSubmitted
413,2018-03-16 17:43:24.927704,,,,,,f,,3OSWBBLG1FQ01PSZ10BPRO06P8VDXS,AssignmentAccepted
414,2018-03-16 17:55:39.373673,,,,,,f,,3OSWBBLG1FQ01PSZ10BPRO06P8VDXS,AssignmentSubmitted
415,2018-03-16 17:56:50.864044,,,,,,f,,3LWJHTCVCDFDQC5J6SBNLG7Y4IPQFK,AssignmentAccepted
416,2018-03-16 18:14:02.213066,,,,,,f,,3LWJHTCVCDFDQC5J6SBNLG7Y4IPQFK,AssignmentSubmitted
417,2018-03-16 18:14:20.397647,,,,,,f,,3ERET4BTVN2IEZGBQ1RYFY9E2E4K9W,AssignmentAccepted
418,2018-03-16 18:27:07.466292,,,,,,f,,3ERET4BTVN2IEZGBQ1RYFY9E2E4K9W,AssignmentSubmitted
419,2018-03-16 18:27:23.191543,,,,,,f,,3YJ6NA41JC98V2Q0P5NJ099GSTNJPS,AssignmentAccepted
420,2018-03-16 18:41:30.425821,,,,,,f,,3YJ6NA41JC98V2Q0P5NJ099GSTNJPS,AssignmentSubmitted
421,2018-03-16 18:41:42.891918,,,,,,f,,3M68NM076I0HJKR8IEXJW04Q76SR6P,AssignmentAccepted
422,2018-03-16 19:02:15.730811,,,,,,f,,3M68NM076I0HJKR8IEXJW04Q76SR6P,AssignmentSubmitted
423,2018-03-16 19:02:24.811691,,,,,,f,,32KTQ2V7RE8D4NGEBD4EUB1IRK3M99,AssignmentAccepted
424,2018-03-16 19:11:52.155464,,,,,,f,,32KTQ2V7RE8D4NGEBD4EUB1IRK3M99,AssignmentSubmitted
425,2018-03-16 19:12:07.684532,,,,,,f,,3SNVL38CI5LKCXNE2L1PHOAM80CKCK,AssignmentAccepted
426,2018-03-16 19:20:45.740438,,,,,,f,,3SNVL38CI5LKCXNE2L1PHOAM80CKCK,AssignmentSubmitted
427,2018-03-16 19:20:53.570344,,,,,,f,,3BEFOD78W7MC7HA2UI8ND3Q25SQM4E,AssignmentAccepted
428,2018-03-16 19:29:05.422614,,,,,,f,,3BEFOD78W7MC7HA2UI8ND3Q25SQM4E,AssignmentSubmitted
429,2018-03-16 19:29:17.855948,,,,,,f,,3Q5ZZ9ZEVP8FIBCYEMHEDDVLLJX58F,AssignmentAccepted
430,2018-03-16 19:47:56.305766,,,,,,f,,3Q5ZZ9ZEVP8FIBCYEMHEDDVLLJX58F,AssignmentReturned
431,2018-03-16 19:48:51.505922,,,,,,f,,34T446B1C17IZ7GAYSR7Y4VDU28C08,AssignmentAccepted
432,2018-03-16 20:49:04.689619,,,,,,f,,34T446B1C17IZ7GAYSR7Y4VDU28C08,AssignmentAbandoned
433,2018-03-16 20:49:22.328609,,,,,,f,,34T446B1C17IZ7GAYSR7Y4VDU28C08,AssignmentAccepted
434,2018-03-16 21:22:02.814853,,,,,,f,,34T446B1C17IZ7GAYSR7Y4VDU28C08,AssignmentSubmitted
435,2018-03-16 21:22:39.694081,,,,,,f,,3D4CH1LGEBMDCDKS0A6JH6HLVYZ9GW,AssignmentAccepted
436,2018-03-16 21:36:23.080467,,,,,,f,,3D4CH1LGEBMDCDKS0A6JH6HLVYZ9GW,AssignmentSubmitted
437,2018-03-16 21:36:30.390851,,,,,,f,,3L4D84MIL0LGILSC6SFER07P63PHJZ,AssignmentAccepted
438,2018-03-16 21:45:40.562193,,,,,,f,,3L4D84MIL0LGILSC6SFER07P63PHJZ,AssignmentSubmitted
439,2018-03-16 21:45:52.141569,,,,,,f,,3LOZAJ85YE6DYFUJ4BR8V592SIN2XR,AssignmentAccepted
440,2018-03-16 21:48:52.109271,,,,,,f,,3LOZAJ85YE6DYFUJ4BR8V592SIN2XR,AssignmentReturned
441,2018-03-16 21:49:00.605123,,,,,,f,,3LOZAJ85YE6DYFUJ4BR8V592SIN2XR,AssignmentAccepted
442,2018-03-16 22:02:24.529231,,,,,,f,,3LOZAJ85YE6DYFUJ4BR8V592SIN2XR,AssignmentReturned
443,2018-03-16 22:03:03.691615,,,,,,f,,3LOZAJ85YE6DYFUJ4BR8V592SIN2XR,AssignmentAccepted
444,2018-03-16 22:36:10.262202,,,,,,f,,3LOZAJ85YE6DYFUJ4BR8V592SIN2XR,AssignmentSubmitted
445,2018-03-16 22:36:19.148415,,,,,,f,,3R5F3LQFV3DGAHJ3SRDQZ3SG1NJOZI,AssignmentAccepted
446,2018-03-16 23:19:18.40198,,,,,,f,,3R5F3LQFV3DGAHJ3SRDQZ3SG1NJOZI,AssignmentReturned
447,2018-03-16 23:19:36.313907,,,,,,f,,3R5F3LQFV3DGAHJ3SRDQZ3SG1NJOZI,AssignmentAccepted
448,2018-03-16 23:34:21.637868,,,,,,f,,3R5F3LQFV3DGAHJ3SRDQZ3SG1NJOZI,AssignmentSubmitted
449,2018-03-16 23:34:29.144824,,,,,,f,,373ERPL3YP1NLI2KER5C7AW4REJRTG,AssignmentAccepted
450,2018-03-16 23:46:56.525135,,,,,,f,,373ERPL3YP1NLI2KER5C7AW4REJRTG,AssignmentSubmitted
451,2018-03-16 23:48:23.537117,,,,,,f,,30JNVC0ORADX48WP1IZNO1JBKYMQH4,AssignmentAccepted
452,2018-03-17 00:04:36.911973,,,,,,f,,30JNVC0ORADX48WP1IZNO1JBKYMQH4,AssignmentSubmitted
453,2018-03-17 00:04:55.174529,,,,,,f,,38F71OA9GUPM5X7REZ4647NTUIDMFG,AssignmentAccepted
454,2018-03-17 00:17:53.859243,,,,,,f,,38F71OA9GUPM5X7REZ4647NTUIDMFG,AssignmentSubmitted
455,2018-03-17 00:18:08.073254,,,,,,f,,3I3WADAZ9RXI33ZEL36AAZLL0OEO5E,AssignmentAccepted
456,2018-03-17 00:27:18.553193,,,,,,f,,3I3WADAZ9RXI33ZEL36AAZLL0OEO5E,AssignmentReturned
457,2018-03-17 00:28:41.500064,,,,,,f,,3YMTUJH0DT9GKC0M3F9ZZHLUZ014TC,AssignmentAccepted
458,2018-03-17 01:11:01.247227,,,,,,f,,3YMTUJH0DT9GKC0M3F9ZZHLUZ014TC,AssignmentSubmitted
459,2018-03-17 01:11:10.616848,,,,,,f,,3KGTPGBS6YELHB0OZ6GLBYAYY0F2U8,AssignmentAccepted
460,2018-03-17 02:11:25.717907,,,,,,f,,3KGTPGBS6YELHB0OZ6GLBYAYY0F2U8,AssignmentAbandoned
461,2018-03-17 02:12:09.983011,,,,,,f,,3AQF3RZ559BKGUMZRJXPFBQ74I3F64,AssignmentAccepted
462,2018-03-17 02:21:24.143259,,,,,,f,,3AQF3RZ559BKGUMZRJXPFBQ74I3F64,AssignmentSubmitted
463,2018-03-17 02:21:33.805564,,,,,,f,,3JWH6J9I9T62AYGBLYXAYWL8KA0NB4,AssignmentAccepted
464,2018-03-17 03:21:47.352804,,,,,,f,,3JWH6J9I9T62AYGBLYXAYWL8KA0NB4,AssignmentAbandoned
465,2018-03-17 03:22:18.098894,,,,,,f,,3HVVDCPGTFLWIJE6SMX6F6P1U16YTX,AssignmentAccepted
466,2018-03-17 03:24:59.065238,,,,,,f,,3HVVDCPGTFLWIJE6SMX6F6P1U16YTX,AssignmentReturned
467,2018-03-17 03:25:09.112926,,,,,,f,,3HVVDCPGTFLWIJE6SMX6F6P1U16YTX,AssignmentAccepted
468,2018-03-17 03:41:19.845164,,,,,,f,,3HVVDCPGTFLWIJE6SMX6F6P1U16YTX,AssignmentReturned
469,2018-03-17 03:41:56.241648,,,,,,f,,3Q5ZZ9ZEVP8FIBCYEMHEDDVLLJI853,AssignmentAccepted
470,2018-03-17 03:54:51.779496,,,,,,f,,3Q5ZZ9ZEVP8FIBCYEMHEDDVLLJI853,AssignmentSubmitted
471,2018-03-17 03:55:05.327992,,,,,,f,,3L4D84MIL0LGILSC6SFER07P633JHF,AssignmentAccepted
472,2018-03-17 04:55:04.784603,,,,,,f,,3L4D84MIL0LGILSC6SFER07P633JHF,AssignmentAbandoned
473,2018-03-17 04:56:00.297874,,,,,,f,,3NXNZ5RS1BQUJK9R772PBT4SWV079B,AssignmentAccepted
474,2018-03-17 05:06:30.037293,,,,,,f,,3NXNZ5RS1BQUJK9R772PBT4SWV079B,AssignmentSubmitted
475,2018-03-17 05:06:42.457778,,,,,,f,,39JEC7537VUYS8HQ1PFWJXL3OY9VC7,AssignmentAccepted
476,2018-03-17 06:06:50.792139,,,,,,f,,39JEC7537VUYS8HQ1PFWJXL3OY9VC7,AssignmentAbandoned
477,2018-03-17 06:07:36.450457,,,,,,f,,33PPO7FECW83BU342EBOOEDR1WRIDZ,AssignmentAccepted
478,2018-03-17 07:07:45.858778,,,,,,f,,33PPO7FECW83BU342EBOOEDR1WRIDZ,AssignmentAbandoned
479,2018-03-17 07:08:28.154483,,,,,,f,,32M8BPYGAUF6NEDV44CWUZGOEO8GI8,AssignmentAccepted
480,2018-03-17 07:51:29.074394,,,,,,f,,32M8BPYGAUF6NEDV44CWUZGOEO8GI8,AssignmentReturned
481,2018-03-17 07:52:25.354642,,,,,,f,,3A1COHJ8NKORY4WTFOIN2AYBQSHH81,AssignmentAccepted
482,2018-03-17 08:00:31.45421,,,,,,f,,3A1COHJ8NKORY4WTFOIN2AYBQSHH81,AssignmentSubmitted
483,2018-03-17 08:00:43.083837,,,,,,f,,3A4NIXBJ77S85PHN0A74ZKSDREFML1,AssignmentAccepted
484,2018-03-17 08:14:06.744608,,,,,,f,,3A4NIXBJ77S85PHN0A74ZKSDREFML1,AssignmentReturned
485,2018-03-17 08:14:31.831819,,,,,,f,,3A4NIXBJ77S85PHN0A74ZKSDREFML1,AssignmentAccepted
486,2018-03-17 08:37:50.236996,,,,,,f,,3A4NIXBJ77S85PHN0A74ZKSDREFML1,AssignmentReturned
487,2018-03-17 08:38:26.989625,,,,,,f,,38BQUHLA9XTGBAKKD2NWR1W7MJLOML,AssignmentAccepted
488,2018-03-17 09:38:28.361427,,,,,,f,,38BQUHLA9XTGBAKKD2NWR1W7MJLOML,AssignmentAbandoned
489,2018-03-17 09:39:50.567421,,,,,,f,,3V0Z7YWSIZTLUQPO4WQQ7KCHC72V24,AssignmentAccepted
490,2018-03-17 09:52:38.498956,,,,,,f,,3V0Z7YWSIZTLUQPO4WQQ7KCHC72V24,AssignmentSubmitted
491,2018-03-17 09:52:52.738446,,,,,,f,,3RANCT1ZVGAF5O0KIZ9WCRD2S77UBJ,AssignmentAccepted
492,2018-03-17 10:01:58.328261,,,,,,f,,3RANCT1ZVGAF5O0KIZ9WCRD2S77UBJ,AssignmentSubmitted
493,2018-03-17 10:02:07.711506,,,,,,f,,3ZSANO2JCG0P3SKWYW0SGGMZM8ESFJ,AssignmentAccepted
494,2018-03-17 10:25:13.222831,,,,,,f,,3ZSANO2JCG0P3SKWYW0SGGMZM8ESFJ,AssignmentReturned
495,2018-03-17 10:25:41.829496,,,,,,f,,39GXDJN2OU7WG5RDKDZRHBPKY8W8VO,AssignmentAccepted
496,2018-03-17 11:25:46.442163,,,,,,f,,39GXDJN2OU7WG5RDKDZRHBPKY8W8VO,AssignmentAbandoned
497,2018-03-17 11:26:23.955832,,,,,,f,,34X6J5FLPURTVERFPI280EZQXRBQJW,AssignmentAccepted
498,2018-03-17 11:43:14.919165,,,,,,f,,34X6J5FLPURTVERFPI280EZQXRBQJW,AssignmentSubmitted
499,2018-03-17 11:43:20.897728,,,,,,f,,308XBLVESJXNPW83E5ER7GQIL85BRY,AssignmentAccepted
500,2018-03-17 11:56:33.33599,,,,,,f,,308XBLVESJXNPW83E5ER7GQIL85BRY,AssignmentSubmitted
501,2018-03-17 11:57:02.647265,,,,,,f,,3ZOTGHDK5J4J95XPXZJI3AVDE97OS3,AssignmentAccepted
502,2018-03-17 12:01:53.466855,,,,,,f,,3ZOTGHDK5J4J95XPXZJI3AVDE97OS3,AssignmentSubmitted
503,2018-03-17 12:02:11.679516,,,,,,f,,3MH9DQ757X5BW58VYL1AD24Z8K1UG2,AssignmentAccepted
504,2018-03-17 12:10:49.075076,,,,,,f,,3MH9DQ757X5BW58VYL1AD24Z8K1UG2,AssignmentSubmitted
505,2018-03-17 12:11:06.505408,,,,,,f,,31QTRG6Q2U6YQRLZB5OMAWO45ZZPYZ,AssignmentAccepted
506,2018-03-17 12:41:23.267062,,,,,,f,,31QTRG6Q2U6YQRLZB5OMAWO45ZZPYZ,AssignmentSubmitted
507,2018-03-17 12:41:37.228363,,,,,,f,,39N5ACM9HFGJPQDR3TW6BFVDWQFP9B,AssignmentAccepted
508,2018-03-17 13:15:03.941338,,,,,,f,,39N5ACM9HFGJPQDR3TW6BFVDWQFP9B,AssignmentReturned
509,2018-03-17 13:15:50.588158,,,,,,f,,3180JW2OT5542S8H5QE5234Z1VRJ5F,AssignmentAccepted
510,2018-03-17 13:29:41.410449,,,,,,f,,3180JW2OT5542S8H5QE5234Z1VRJ5F,AssignmentSubmitted
511,2018-03-17 13:30:03.617572,,,,,,f,,3AAJC4I4FHL296S6CELLR7BU2UZZJ2,AssignmentAccepted
512,2018-03-17 13:38:41.660732,,,,,,f,,3AAJC4I4FHL296S6CELLR7BU2UZZJ2,AssignmentSubmitted
513,2018-03-17 13:38:58.697202,,,,,,f,,3DBQWDE4Y7R0LIZ2KO6XVALGAFX5N6,AssignmentAccepted
514,2018-03-17 14:02:39.939358,,,,,,f,,3DBQWDE4Y7R0LIZ2KO6XVALGAFX5N6,AssignmentSubmitted
515,2018-03-17 14:02:57.903891,,,,,,f,,3L4D84MIL0LGILSC6SFER07P64JHJV,AssignmentAccepted
516,2018-03-17 14:12:37.59284,,,,,,f,,3L4D84MIL0LGILSC6SFER07P64JHJV,AssignmentSubmitted
517,2018-03-17 14:12:43.241429,,,,,,f,,3X73LLYYQ27C1BJXLQ76K7O6FOONH5,AssignmentAccepted
518,2018-03-17 14:37:49.997583,,,,,,f,,3X73LLYYQ27C1BJXLQ76K7O6FOONH5,AssignmentSubmitted
519,2018-03-17 14:37:58.679573,,,,,,f,,3HUTX6F6VVGQ46GR3K4CCSI9GFE2OK,AssignmentAccepted
520,2018-03-17 14:46:48.141166,,,,,,f,,3HUTX6F6VVGQ46GR3K4CCSI9GFE2OK,AssignmentSubmitted
521,2018-03-17 14:46:58.98668,,,,,,f,,3GFK2QRXXAAQ8C8GCPXKRTY73R3W5Q,AssignmentAccepted
522,2018-03-17 15:02:35.673014,,,,,,f,,3GFK2QRXXAAQ8C8GCPXKRTY73R3W5Q,AssignmentSubmitted
523,2018-03-17 15:03:03.814243,,,,,,f,,36PW28KO40PTXIY6MLUVDY7TO10AEV,AssignmentAccepted
524,2018-03-17 15:17:29.397902,,,,,,f,,36PW28KO40PTXIY6MLUVDY7TO10AEV,AssignmentSubmitted
525,2018-03-17 15:17:44.698286,,,,,,f,,37QW5D2ZRHFGODA9QIUM6O5DZ4A8SR,AssignmentAccepted
526,2018-03-17 16:02:18.608589,,,,,,f,,37QW5D2ZRHFGODA9QIUM6O5DZ4A8SR,AssignmentSubmitted
527,2018-03-17 16:02:24.936898,,,,,,f,,3HMVI3QICKLV9Z2XQ3DW90662J21YG,AssignmentAccepted
528,2018-03-17 16:20:55.407218,,,,,,f,,3HMVI3QICKLV9Z2XQ3DW90662J21YG,AssignmentSubmitted
529,2018-03-17 16:21:03.380597,,,,,,f,,3RKNTXVS3NRB5G1DXFII4CV2BCAA4T,AssignmentAccepted
530,2018-03-17 16:55:48.710727,,,,,,f,,3RKNTXVS3NRB5G1DXFII4CV2BCAA4T,AssignmentSubmitted
531,2018-03-17 16:55:54.9822,,,,,,f,,3EFVCAY5L42NPARJ3OL8ENEQ3L2J8R,AssignmentAccepted
532,2018-03-17 17:04:04.652112,,,,,,f,,3EFVCAY5L42NPARJ3OL8ENEQ3L2J8R,AssignmentSubmitted
533,2018-03-17 17:04:09.79834,,,,,,f,,3WRFBPLXRBHX73CY65I4GDNWWJGN38,AssignmentAccepted
534,2018-03-17 17:11:16.103516,,,,,,f,,3WRFBPLXRBHX73CY65I4GDNWWJGN38,AssignmentReturned
535,2018-03-17 17:11:42.183511,,,,,,f,,3M0BCWMB8WPSXSPPDZOXUFYZDNXWBZ,AssignmentAccepted
536,2018-03-17 17:22:36.80316,,,,,,f,,3M0BCWMB8WPSXSPPDZOXUFYZDNXWBZ,AssignmentSubmitted
