id,creation_time,property1,property2,property3,property4,property5,failed,time_of_death,type,worker_id,assignment_id,unique_id,hit_id,mode,end_time,base_pay,bonus,status
30,2018-03-13 17:28:01.80437,,,,,,f,,participant,30,3VA45EW49OGJFLYVKG4Y7984OYPO1S,30:3VA45EW49OGJFLYVKG4Y7984OYPO1S,30Z7M1Q8UYD91XQLJG3TX4FMCL8A8X,live,2018-03-13 17:31:32.486992,1.8,0,approved
1,2018-03-13 05:55:51.632855,,,,,,f,,participant,1,3TY7ZAOG5GD0I5SYQ585MN8LZ000K6,1:3TY7ZAOG5GD0I5SYQ585MN8LZ000K6,3HO4MYYR12H6CSLVW6NMDRVPDT2U6Z,live,2018-03-13 06:02:52.69493,1.8,0,approved
2,2018-03-13 06:45:06.128925,,,,,,f,,participant,2,33L7PJKHCHRH3DNOFIZCGT1Z1B4T8T,2:33L7PJKHCHRH3DNOFIZCGT1Z1B4T8T,371DNNCG44VEGTPUPGUAS95E0AN8TA,live,2018-03-13 07:03:19.404321,,,abandoned
31,2018-03-13 18:17:07.604169,,,,,,f,,participant,31,3ITXP059PXC58U6SHMRDVEERF51SJ8,31:3ITXP059PXC58U6SHMRDVEERF51SJ8,3OLZC0DJ8J8MIR5W3X6G6GND0REIVE,live,2018-03-13 18:19:28.98393,,,returned
32,2018-03-13 18:26:05.836485,,,,,,f,,participant,32,3ZPBJO59KQU3FZSKWWT3O2CC1ATHD4,32:3ZPBJO59KQU3FZSKWWT3O2CC1ATHD4,3OLZC0DJ8J8MIR5W3X6G6GND0REIVE,live,2018-03-13 18:36:29.170579,1.8,0,approved
3,2018-03-13 07:36:39.307618,,,,,,f,,participant,3,33L7PJKHCHRH3DNOFIZCGT1Z1B4T8T,3:33L7PJKHCHRH3DNOFIZCGT1Z1B4T8T,371DNNCG44VEGTPUPGUAS95E0AN8TA,live,2018-03-13 07:41:06.67501,1.8,0,approved
10,2018-03-13 10:46:28.867804,,,,,,f,,participant,10,32UTUBMZ7HPFI3PKNPJ18DFL63OBVB,10:32UTUBMZ7HPFI3PKNPJ18DFL63OBVB,38LRF35D5LP7F9YDD4PO6OJ53233U5,live,2018-03-13 10:56:46.33729,1.8,0,approved
4,2018-03-13 07:48:21.970022,,,,,,f,,participant,4,33UKMF931AD01XFCIGA77PXMFP0TTV,4:33UKMF931AD01XFCIGA77PXMFP0TTV,3FI30CQHVKCRGTCPWF6R8131O8X6BW,live,2018-03-13 07:55:44.975786,1.8,0,approved
33,2018-03-13 18:47:25.921261,,,,,,f,,participant,33,3IUZPWIU1P0TQVTJJC1QTIHP075KWM,33:3IUZPWIU1P0TQVTJJC1QTIHP075KWM,338GLSUI434MG8M28UVQSWQELVUFSH,live,2018-03-13 18:53:55.820343,1.8,0,approved
5,2018-03-13 07:58:19.250854,,,,,,f,,participant,5,320DUZ38G8F2IPX1MMXW60VORT2JG8,5:320DUZ38G8F2IPX1MMXW60VORT2JG8,3M7OI89LVYHAQY4VAF2MJL9J6TX6C3,live,2018-03-13 08:06:42.224227,1.8,0,approved
34,2018-03-13 18:56:46.971967,,,,,,f,,participant,34,33PPO7FECW83BU342EBOOEDR1NDDIY,34:33PPO7FECW83BU342EBOOEDR1NDDIY,3ZZAYRN1I6KH1LCAWXJ6PVVEFFZTO6,live,2018-03-13 19:05:34.410858,1.8,0,approved
6,2018-03-13 08:08:44.610541,,,,,,f,,participant,6,3HHRAGRYX9Y14Q1QOTJRMFQNMAI9OR,6:3HHRAGRYX9Y14Q1QOTJRMFQNMAI9OR,31KSVEGZ34LCQF8KJU5L6A7IUWSWRZ,live,2018-03-13 08:16:24.330283,1.8,0,approved
7,2018-03-13 08:21:24.557991,,,,,,f,,participant,7,3MRNMEIQW6Z51VBANH81GU5JIQTDLW,7:3MRNMEIQW6Z51VBANH81GU5JIQTDLW,3GITHABACYE5Z1ILC3ZX9JMJPS92N0,live,2018-03-13 08:28:24.725345,1.8,0,approved
11,2018-03-13 10:57:46.932403,,,,,,f,,participant,11,3G0WWMR1UWDPE4I04GU0TLG760NNQI,11:3G0WWMR1UWDPE4I04GU0TLG760NNQI,311HQEI8RS962RTAL3RM0XA0AM3Z7U,live,2018-03-13 11:02:02.615221,1.8,0,approved
8,2018-03-13 08:29:14.425255,,,,,,f,,participant,8,354P56DE9LWCOZ5QGD2GSO9IO9YS7W,8:354P56DE9LWCOZ5QGD2GSO9IO9YS7W,3R0WOCG21M25X10A6TV0JX5HUFRUDT,live,2018-03-13 09:04:21.898321,1.8,0,approved
9,2018-03-13 10:20:54.981654,,,,,,f,,participant,9,3CFJTT4SXUJNUL2UB182OM3VFB0I7Y,9:3CFJTT4SXUJNUL2UB182OM3VFB0I7Y,3IH9TRB0FBS6WFPYWJMRZSGXBN21I3,live,2018-03-13 10:41:14.084667,1.8,0,approved
12,2018-03-13 11:03:25.351649,,,,,,f,,participant,12,3WEV0KO0ONLS58607Q52SGJEAK6DSF,12:3WEV0KO0ONLS58607Q52SGJEAK6DSF,3MDKGGG61QGRCF66W1XC8V9NUFY6TN,live,2018-03-13 11:08:02.148085,1.8,0,approved
16,2018-03-13 11:47:22.40334,,,,,,f,,participant,16,3EG49X351V51GGDKRD3BLIQE8DN6XQ,16:3EG49X351V51GGDKRD3BLIQE8DN6XQ,31D0ZWOD0ASRJ8LIOCQE4P94TNRA05,live,2018-03-13 11:57:13.071335,1.8,0,approved
13,2018-03-13 11:09:35.349427,,,,,,f,,participant,13,32SVAV9L3G2QNKI9X1DZU73WX1B3AC,13:32SVAV9L3G2QNKI9X1DZU73WX1B3AC,3TCFMTM8HEH2LUBW7G1ZCC9GMR521T,live,2018-03-13 11:31:14.754174,1.8,0,approved
14,2018-03-13 11:31:37.496782,,,,,,f,,participant,14,3GNCZX450JGXU9NWVZA67A6X2X3PAA,14:3GNCZX450JGXU9NWVZA67A6X2X3PAA,3URJ6VVYUPGXK0XKHWIYHNJMZGB4OE,live,2018-03-13 11:35:05.771739,1.8,0,approved
20,2018-03-13 13:00:32.996596,,,,,,f,,participant,20,3B3WTRP3DCVNXJCL1VLUF2NKL5V29N,20:3B3WTRP3DCVNXJCL1VLUF2NKL5V29N,3UQVX1UPFSA2E5QEBXXZY7Q6HZZ02O,live,2018-03-13 13:06:27.578864,1.8,0,approved
15,2018-03-13 11:39:23.399241,,,,,,f,,participant,15,38F71OA9GUPM5X7REZ4647NTU85MFO,15:38F71OA9GUPM5X7REZ4647NTU85MFO,33NKDW9FFXBN9DORB2BCJYM33XWXCO,live,2018-03-13 11:46:22.565184,1.8,0,approved
17,2018-03-13 11:58:43.976595,,,,,,f,,participant,17,3HSYG7LRBKR2VVZ2UYIN57NUDZSKKK,17:3HSYG7LRBKR2VVZ2UYIN57NUDZSKKK,31MBOZ6PAOKS9J72XJ8O84RGWONCLI,live,2018-03-13 12:17:52.302633,1.8,0,approved
18,2018-03-13 12:20:27.406929,,,,,,f,,participant,18,3AUQQEL7U6MEYGMAP9MCOWJ2FZU0VH,18:3AUQQEL7U6MEYGMAP9MCOWJ2FZU0VH,3E9ZFLPWOYLEMGAR3C7YU1KYG2GXIQ,live,2018-03-13 12:25:37.219986,1.8,0,approved
23,2018-03-13 13:29:02.386404,,,,,,f,,participant,23,392CY0QWG2KQBYKB93AVLAJLO9G4I6,23:392CY0QWG2KQBYKB93AVLAJLO9G4I6,3URJ6VVYUPGXK0XKHWIYHNJMZGC4OF,live,2018-03-13 13:37:30.58968,1.8,0,approved
19,2018-03-13 12:26:11.489842,,,,,,f,,participant,19,30OG32W0SV40H1SVVPZ0Z4RTNX2EN0,19:30OG32W0SV40H1SVVPZ0Z4RTNX2EN0,3YD0MU1NC2U51JL29BBNJ4JR11XA75,live,2018-03-13 12:30:39.304104,1.8,0,approved
21,2018-03-13 13:11:39.069577,,,,,,f,,participant,21,3IRIK4HM3BDDDI2P0H7O75547V16CQ,21:3IRIK4HM3BDDDI2P0H7O75547V16CQ,3ATYLI1PRTVNNIG5K352NP85HD1OJP,live,2018-03-13 13:14:35.283009,1.8,0,approved
22,2018-03-13 13:21:11.510751,,,,,,f,,participant,22,3N1FSUEFL6T93N4PHP9KUD38W47D4C,22:3N1FSUEFL6T93N4PHP9KUD38W47D4C,335VBRURDJTC5FQ74DBTTJ0OH6K9EC,live,2018-03-13 13:27:41.538831,1.8,0,approved
27,2018-03-13 14:52:47.515031,,,,,,f,,participant,27,3Y5140Z9DY9C0R6U7N2JO8UGF5HIPG,27:3Y5140Z9DY9C0R6U7N2JO8UGF5HIPG,3G9UA71JVVNG2CO63HO0C3MAROT7JK,live,2018-03-13 14:59:08.297481,1.8,0,approved
24,2018-03-13 13:46:36.911499,,,,,,f,,participant,24,3MB8LZR5BGMDF1HKFYUOK7092Z0LKR,24:3MB8LZR5BGMDF1HKFYUOK7092Z0LKR,3QD8LUVX4XR2ASFCWSO45SGTBGBX5H,live,2018-03-13 13:58:10.554816,1.8,0,approved
25,2018-03-13 13:59:23.277061,,,,,,f,,participant,25,3BF51CHDTW39GFRQKK589VST7KP0HX,25:3BF51CHDTW39GFRQKK589VST7KP0HX,368IUKXGA51TKNDZFKOS3L8Q5CF6PK,live,2018-03-13 14:05:43.959226,1.8,0,approved
26,2018-03-13 14:06:49.020969,,,,,,f,,participant,26,34J10VATJGRX037970H8ODKQK12QIE,26:34J10VATJGRX037970H8ODKQK12QIE,3MDKGGG61QGRCF66W1XC8V9NUF06TP,live,2018-03-13 14:21:47.533066,1.8,0,approved
28,2018-03-13 16:06:35.080698,,,,,,f,,participant,28,3ZAK8W07I57EL1XAKJC7SAHJ1SUU0V,28:3ZAK8W07I57EL1XAKJC7SAHJ1SUU0V,3OID399FXG0GEJ3KB401XX4EKSFDFG,live,2018-03-13 16:12:25.103581,1.8,0,approved
29,2018-03-13 16:33:39.461418,,,,,,f,,participant,29,3QUO65DNQVHZOIPTM4EIIBD1ZVKOUP,29:3QUO65DNQVHZOIPTM4EIIBD1ZVKOUP,3Z56AA6EK4TNZKGMN4W0MHEV0776MR,live,2018-03-13 16:41:26.201363,1.8,0,approved
60,2018-03-14 10:47:36.102343,,,,,,f,,participant,60,3DR23U6WE67YCEXFSLLC83XLCIHTEF,60:3DR23U6WE67YCEXFSLLC83XLCIHTEF,3IKMEYR0LWO4RVXIFQ7HHR5FVXHK2Q,live,2018-03-14 10:58:25.084646,1.8,0,approved
36,2018-03-13 19:10:01.396177,,,,,,f,,participant,36,3V0Z7YWSIZTLUQPO4WQQ7KCHCYLV25,36:3V0Z7YWSIZTLUQPO4WQQ7KCHCYLV25,3BFF0DJK8X5WZD433E0F905FC42TS3,live,2018-03-13 19:22:22.713289,1.8,0,approved
91,2018-03-15 00:41:41.282384,,,,,,f,,participant,91,3E13VNJ1NOO9JZNSMLRTNCCICU71I1,91:3E13VNJ1NOO9JZNSMLRTNCCICU71I1,3ECKRY5B1QP3RBA64UVJRM09O23ZIE,live,2018-03-15 00:47:36.763013,1.8,0,approved
62,2018-03-14 14:04:59.263748,,,,,,f,,participant,62,3NPI0JQDAPY295M51Z1N2FWPQPWTPD,62:3NPI0JQDAPY295M51Z1N2FWPQPWTPD,3MGHRFQY2LISFQJL4I4U7BRBWE8Y0H,live,2018-03-14 14:10:15.717027,1.8,0,approved
37,2018-03-13 19:27:50.811729,,,,,,f,,participant,37,3J88R45B2HR9QMVP692KRIHV3JNXPZ,37:3J88R45B2HR9QMVP692KRIHV3JNXPZ,3PA41K45VNXCONR4YUTK9Z8M0N4P77,live,2018-03-13 19:35:40.229308,1.8,0,approved
65,2018-03-14 14:47:56.396773,,,,,,f,,participant,65,3WYGZ5XF3X80JECAZ7RPWTE4UWIKSK,65:3WYGZ5XF3X80JECAZ7RPWTE4UWIKSK,306W7JMRYYREK7VDPU3PSFZSU348B1,live,2018-03-14 14:57:46.016242,1.8,0,approved
38,2018-03-13 19:36:28.449468,,,,,,f,,participant,38,31QNSG6A5SMU5FQH2FWBBX9HCGA78W,38:31QNSG6A5SMU5FQH2FWBBX9HCGA78W,32ZCLEW0BZD58IS6Z3IHCPDVRI4JP8,live,2018-03-13 19:45:20.241838,1.8,0,approved
93,2018-03-15 01:02:06.436036,,,,,,f,,participant,93,3VP0C6EFSHPQM4EGD612A1AG1E7M60,93:3VP0C6EFSHPQM4EGD612A1AG1E7M60,391JB9X4ZY1UYZ1BP8Q1W0JD13FKM0,live,2018-03-15 01:11:43.399242,1.8,0,approved
39,2018-03-13 20:09:10.031201,,,,,,f,,participant,39,3OUYGIZWR8R1TWPE3XDDI4UKTC4P0Y,39:3OUYGIZWR8R1TWPE3XDDI4UKTC4P0Y,3WA2XVDZEMAPNWO9668H999MR5IE6C,live,2018-03-13 20:18:47.099069,1.8,0,approved
68,2018-03-14 15:32:24.090041,,,,,,f,,participant,68,3VELCLL3GLCP98L2LDL8KFZQW0UF1Z,68:3VELCLL3GLCP98L2LDL8KFZQW0UF1Z,3RBI0I35XEWOWIIIN5MD99PIZQUY3E,live,2018-03-14 15:42:16.251181,1.8,0,approved
95,2018-03-15 01:49:27.623607,,,,,,f,,participant,95,3FIJLY1B6VXSQ0446FWYLBHOZIMPF3,95:3FIJLY1B6VXSQ0446FWYLBHOZIMPF3,3G4VVJO6PZ90J2YOHOITD4D868QKPW,live,2018-03-15 01:56:10.382418,1.8,0,approved
100,2018-03-15 04:27:59.906385,,,,,,f,,participant,100,38F5OAUN5O5NYQRA5JQHOA2GF3A7HT,100:38F5OAUN5O5NYQRA5JQHOA2GF3A7HT,3GMLHYZ0LEQ8VCV12PIEWIFIC4RUYX,live,2018-03-15 04:36:24.077528,1.8,0,approved
73,2018-03-14 16:32:16.929251,,,,,,f,,participant,73,3LEIZ60CDKSD3UFXQ2U82DXR6ILZ9R,73:3LEIZ60CDKSD3UFXQ2U82DXR6ILZ9R,3H5TOKO3D9C7VURGH0W40NXVEGZ467,live,2018-03-14 16:43:46.435279,1.8,0,approved
97,2018-03-15 02:50:02.180775,,,,,,f,,participant,97,3KYQYYSHYW0D7GE709OT8B9DD0HODH,97:3KYQYYSHYW0D7GE709OT8B9DD0HODH,3YKP7CX6G28AKTQUFPBJEF3XJKBB7W,live,2018-03-15 02:59:52.87658,1.8,0,approved
75,2018-03-14 16:57:06.676911,,,,,,f,,participant,75,3LOZAJ85YE6DYFUJ4BR8V592SCIX25,75:3LOZAJ85YE6DYFUJ4BR8V592SCIX25,3BCRDCM0ODNS9WGJ2SJK74MRB2Q6K0,live,2018-03-14 17:03:40.521581,1.8,0,approved
101,2018-03-15 04:47:37.288811,,,,,,f,,participant,101,3J88R45B2HR9QMVP692KRIHV3N0PXC,101:3J88R45B2HR9QMVP692KRIHV3N0PXC,3G5RUKN2ECWGZL3KXCECJ6UXVZG9NY,live,2018-03-15 04:53:37.544793,1.8,0,approved
77,2018-03-14 18:53:53.933937,,,,,,f,,participant,77,3O7L7BFSHFI830H4Y9M8UWVC12BIEZ,77:3O7L7BFSHFI830H4Y9M8UWVC12BIEZ,3N7PQ0KLI5IQQD1RN4AJ26X2HESE3I,live,2018-03-14 18:59:28.093254,1.8,0,approved
83,2018-03-14 20:04:00.635987,,,,,,f,,participant,83,3LQ8PUHQFMLKNA86OAUEFZSPTIEIHQ,83:3LQ8PUHQFMLKNA86OAUEFZSPTIEIHQ,3D06DR5225COMMSPDHDC2MGHWQEMAE,live,2018-03-14 20:15:09.536158,1.8,0,approved
103,2018-03-15 06:32:37.702261,,,,,,f,,participant,103,3DL65MZB8E8HQXV46ZQMJTXHOZFECL,103:3DL65MZB8E8HQXV46ZQMJTXHOZFECL,3ZXV7Q5FJBH69RX6B85QDRMWZTXFCE,live,2018-03-15 06:44:08.758836,1.8,0,approved
79,2018-03-14 19:08:29.004692,,,,,,f,,participant,79,3PM8NZGV8Z9UQYW46MH9RN758I8QXO,79:3PM8NZGV8Z9UQYW46MH9RN758I8QXO,38VTL6WC4A6RAX5M1OA6O6N2DMP5YF,live,2018-03-14 19:15:27.691933,1.8,0,approved
102,2018-03-15 04:54:38.180596,,,,,,f,,participant,102,3E47SOBEYRPT62XQ2IGD48V9GRJCIN,102:3E47SOBEYRPT62XQ2IGD48V9GRJCIN,3S8APUMBJXCNZM50X89V27GEH8XFB7,live,2018-03-15 05:04:05.563713,1.8,0,approved
85,2018-03-14 21:55:42.979415,,,,,,f,,participant,85,351SEKWQS1AP7DTVNT9GG7K8IZFMDB,85:351SEKWQS1AP7DTVNT9GG7K8IZFMDB,3D3B8GE892KG26FXDRR4NVZSVD89PJ,live,2018-03-14 22:04:17.894222,1.8,0,approved
106,2018-03-15 07:38:38.507392,,,,,,f,,participant,106,3UN61F00HXIL0GRUDVNE4UQQB7LR55,106:3UN61F00HXIL0GRUDVNE4UQQB7LR55,3Y7LTZE0YTF80256YBKXAPOKIYYZUW,live,2018-03-15 07:48:33.128873,1.8,0,approved
105,2018-03-15 07:18:46.808104,,,,,,f,,participant,105,3CTOC39K38JJPWM0TJT20NIVSWM7J8,105:3CTOC39K38JJPWM0TJT20NIVSWM7J8,37MQ8Z1JQEPZB0MZJ588QZKQTDA2YP,live,2018-03-15 07:32:13.302324,1.8,0,approved
86,2018-03-14 22:08:57.277902,,,,,,f,,participant,86,3T111IHZ5FJ413T6GL0VGAVSX20R9Q,86:3T111IHZ5FJ413T6GL0VGAVSX20R9Q,3YO4AH2FPDDJ6OSZD8N0UPO9X510QQ,live,2018-03-14 22:18:02.134155,1.8,0,approved
88,2018-03-14 22:51:18.967814,,,,,,f,,participant,88,3D3VGR7TA18IM14QZCZLPXS6XAWR3F,88:3D3VGR7TA18IM14QZCZLPXS6XAWR3F,3IWA71V4TI9YTWFQ1BY9XYUT7BA6XU,live,2018-03-14 22:58:21.022316,1.8,0,approved
107,2018-03-15 08:16:38.685277,,,,,,f,,participant,107,3NGI5ARFTUY10LAWZGHDW9DUY9T1P6,107:3NGI5ARFTUY10LAWZGHDW9DUY9T1P6,3P7RGTLO6E6TWYSMS50WN9OD7MUAKA,live,2018-03-15 08:24:01.874381,1.8,0,approved
89,2018-03-14 23:06:06.527687,,,,,,f,,participant,89,3PS7W85Z80VHHI6YKA5QGPWALN49TS,89:3PS7W85Z80VHHI6YKA5QGPWALN49TS,3BKZLF990ZSG3JOKLGY9MHIT9IFYQO,live,2018-03-14 23:12:09.46011,1.8,0,approved
108,2018-03-15 08:24:36.343436,,,,,,f,,participant,108,36DSNE9QZ6RQA2EZA5A4B94QILXJOB,108:36DSNE9QZ6RQA2EZA5A4B94QILXJOB,3BAWBGQGYLSPT7O0K62JFRX4MCV7V2,live,2018-03-15 08:38:09.981567,1.8,0,approved
109,2018-03-15 08:49:11.963324,,,,,,f,,participant,109,31T4R4OBOT9WHIGUJRCGDJ502CF7CW,109:31T4R4OBOT9WHIGUJRCGDJ502CF7CW,3HUR21WDDUI0CGPW7UT1GPEM6MBXYV,live,2018-03-15 08:52:27.661015,1.8,0,approved
110,2018-03-15 10:22:29.299183,,,,,,f,,participant,110,3QAPZX2QN5651PO81Z21MRMRI7Y02I,110:3QAPZX2QN5651PO81Z21MRMRI7Y02I,3IVEC1GSLPS2RQ94E17RBTVXO3OJ1W,live,2018-03-15 10:28:45.779397,1.8,0,approved
111,2018-03-15 10:35:16.72292,,,,,,f,,participant,111,33F859I5676A02U0I02XTCOCYUDHB3,111:33F859I5676A02U0I02XTCOCYUDHB3,3EAWOID6MTQBBWOGZ7HA0CNHEYPV0Q,live,2018-03-15 10:42:35.025353,1.8,0,approved
112,2018-03-15 11:17:57.898285,,,,,,f,,participant,112,3300DTYQT3ALKY5NBHRH3YMYSEMQE8,112:3300DTYQT3ALKY5NBHRH3YMYSEMQE8,3EGKVCRQFWLTZDMV2Y1JRSNUNJOYBO,live,2018-03-15 11:26:55.112168,1.8,0,approved
113,2018-03-15 11:41:57.643367,,,,,,f,,participant,113,32EYX73OY122LVH9EWVMC6I6AOJRUS,113:32EYX73OY122LVH9EWVMC6I6AOJRUS,3YCT0L9OMM2Y40ZJ6IE301ZNNN6SNT,live,2018-03-15 11:52:19.491797,1.8,0,approved
67,2018-03-14 15:26:17.166971,,,,,,f,,participant,67,3R5F3LQFV3DGAHJ3SRDQZ3SG1GWOZH,67:3R5F3LQFV3DGAHJ3SRDQZ3SG1GWOZH,3ZQA3IO31BKGS101UEZWJPCJNWHO11,live,2018-03-14 15:31:41.588743,1.8,0,approved
92,2018-03-15 00:49:00.145068,,,,,,f,,participant,92,3R6BYFZZP85XZ96VS66FFO3R1HUFXG,92:3R6BYFZZP85XZ96VS66FFO3R1HUFXG,3J94SKDEKIIOCMAV5SNSBLD1VZSD5Q,live,2018-03-15 00:54:12.364631,1.8,0,approved
40,2018-03-14 00:41:42.946869,,,,,,f,,participant,40,3MB8LZR5BGMDF1HKFYUOK70920MLKF,40:3MB8LZR5BGMDF1HKFYUOK70920MLKF,3126F2F5F8WXX26EL27QF903MA8PET,live,2018-03-14 00:51:47.455995,1.8,0,approved
61,2018-03-14 13:52:34.079125,,,,,,f,,participant,61,3N8OEVH1FSJ4BD5WQI29J5LCHCJOO5,61:3N8OEVH1FSJ4BD5WQI29J5LCHCJOO5,368IUKXGA51TKNDZFKOS3L8Q5CPP6D,live,2018-03-14 13:58:14.676263,1.8,0,approved
49,2018-03-14 03:11:15.490027,,,,,,f,,participant,49,3HQUKB7LNG7KRFXMISCTFNRAT3HHHA,49:3HQUKB7LNG7KRFXMISCTFNRAT3HHHA,3WYZV0QBFJ64Z8WLX2FH8EGLLC6XBR,live,2018-03-14 03:21:12.746524,1.8,0,approved
41,2018-03-14 01:00:02.484331,,,,,,f,,participant,41,3IGI0VL648DMTS5KP32W4GL7R10ONA,41:3IGI0VL648DMTS5KP32W4GL7R10ONA,3P0I4CQYVY09T2G4R2OHCF2DJ9JOWT,live,2018-03-14 01:04:44.954892,1.8,0,approved
96,2018-03-15 02:02:22.509767,,,,,,f,,participant,96,3HMVI3QICKLV9Z2XQ3DW90662D9Y18,96:3HMVI3QICKLV9Z2XQ3DW90662D9Y18,34HEO7RUG6NFJ25HIP9TOLAR2EKARZ,live,2018-03-15 02:49:20.345525,1.8,0,approved
42,2018-03-14 01:15:02.077244,,,,,,f,,participant,42,3M1CVSFP61YIULOBVCPV7FW77VKAQL,42:3M1CVSFP61YIULOBVCPV7FW77VKAQL,3BPP3MA3TCD76HRGTAEJYSRJH09ELM,live,2018-03-14 01:27:02.668549,1.8,0,approved
64,2018-03-14 14:32:24.139643,,,,,,f,,participant,64,3H7XDTSHKDKOO9X0TLGBVQPWTSVGWQ,64:3H7XDTSHKDKOO9X0TLGBVQPWTSVGWQ,31KPKEKW4A6W2IQAUQQAZ0TAB5S0B6,live,2018-03-14 14:45:35.579366,1.8,0,approved
74,2018-03-14 16:46:07.944225,,,,,,f,,participant,74,3KB8R4ZV1F0W06ZPYUKF8CCBJSYGBX,74:3KB8R4ZV1F0W06ZPYUKF8CCBJSYGBX,36JW4WBR06DXQZ8MX0JROIJCCKOFH7,live,2018-03-14 16:55:44.990915,1.8,0,approved
43,2018-03-14 01:39:45.70959,,,,,,f,,participant,43,3VP0C6EFSHPQM4EGD612A1AG1BXM6K,43:3VP0C6EFSHPQM4EGD612A1AG1BXM6K,32W3UF2EZOEWBB0HRR97MNP5A224CR,live,2018-03-14 01:52:06.792237,1.8,0,approved
66,2018-03-14 15:12:10.960036,,,,,,f,,participant,66,35USIKEBNS9W4MZGP7G2NGZG62S6NR,66:35USIKEBNS9W4MZGP7G2NGZG62S6NR,3G4VVJO6PZ90J2YOHOITD4D867DPKM,live,2018-03-14 15:22:35.861082,1.8,0,approved
98,2018-03-15 03:18:29.066656,,,,,,f,,participant,98,3RXCAC0YISIDY81IVI05HAMABNUG8H,98:3RXCAC0YISIDY81IVI05HAMABNUG8H,3LVTFB9DE5BGHS3KRAC3FHBP4NVGQG,live,2018-03-15 03:30:10.561208,1.8,0,approved
44,2018-03-14 01:52:52.018047,,,,,,f,,participant,44,3S96KQ6I9NXTK8JFWQAS2LF0C5GTDK,44:3S96KQ6I9NXTK8JFWQAS2LF0C5GTDK,3VADEH0UHCQY7LBWMXRV4Q4IN1JPSW,live,2018-03-14 02:07:18.843667,1.8,0,approved
50,2018-03-14 03:22:01.40113,,,,,,f,,participant,50,30MVJZJNHN6N3FAT8GRMEJ91NIEJ9S,50:30MVJZJNHN6N3FAT8GRMEJ91NIEJ9S,3VADEH0UHCQY7LBWMXRV4Q4IN1JSPZ,live,2018-03-14 03:28:32.206974,1.8,0,approved
45,2018-03-14 02:15:46.006614,,,,,,f,,participant,45,3NPI0JQDAPY295M51Z1N2FWPQOKPTV,45:3NPI0JQDAPY295M51Z1N2FWPQOKPTV,3CZH926SIC7B89KVNIF2CBP8VEF4EK,live,2018-03-14 02:26:48.898491,1.8,0,approved
70,2018-03-14 15:55:26.616812,,,,,,f,,participant,70,3TPWUS5F8AUB7XHVRZKS5Z4HV0CWC5,70:3TPWUS5F8AUB7XHVRZKS5Z4HV0CWC5,3ECKRY5B1QP3RBA64UVJRM09O2WIZQ,live,2018-03-14 16:07:03.242449,1.8,0,approved
46,2018-03-14 02:29:43.849765,,,,,,f,,participant,46,3WR9XG3T644TME3FQC6YULTCAVY478,46:3WR9XG3T644TME3FQC6YULTCAVY478,307L9TDWJYLUKJE4G3D2STRBV6JN36,live,2018-03-14 02:39:19.534497,1.8,0,approved
104,2018-03-15 06:44:43.103589,,,,,,f,,participant,104,3EG49X351V51GGDKRD3BLIQE8JG6XV,104:3EG49X351V51GGDKRD3BLIQE8JG6XV,3GV1I4SEO9I3T2Y1NSVLM4Z6038L6X,live,2018-03-15 06:53:05.150225,1.8,0,approved
71,2018-03-14 16:07:25.034296,,,,,,f,,participant,71,3CCZ6YKWR8CFWGV8JENSD9QW5JC59P,71:3CCZ6YKWR8CFWGV8JENSD9QW5JC59P,3KVQ0UJWPXENLSAMMNSI392M2EN5WE,live,2018-03-14 16:16:46.448706,1.8,0,approved
80,2018-03-14 19:32:23.939292,,,,,,f,,participant,80,35DR22AR5ED2JXQ28B5DEFEUYQW3X0,80:35DR22AR5ED2JXQ28B5DEFEUYQW3X0,33BFF6QPI14K7DNI844POC42OIY3WO,live,2018-03-14 19:42:45.823712,1.8,0,approved
48,2018-03-14 02:48:35.094744,,,,,,f,,participant,48,36U2A8VAG2SXF0OJYDJEEF25BGXYKT,48:36U2A8VAG2SXF0OJYDJEEF25BGXYKT,33K3E8REWWOLXAYEUQV7HCQKD6LX8S,live,2018-03-14 02:58:02.814394,1.8,0,approved
56,2018-03-14 07:06:14.470682,,,,,,f,,participant,56,3LUY3GC630TFB7PYOWYMXJ471RJP79,56:3LUY3GC630TFB7PYOWYMXJ471RJP79,3QGHA0EA0JTPA8RVNXJV6V2ECA2WBZ,live,2018-03-14 07:13:27.566804,1.8,0,approved
76,2018-03-14 17:42:07.195441,,,,,,f,,participant,76,32EYX73OY122LVH9EWVMC6I6AMIURQ,76:32EYX73OY122LVH9EWVMC6I6AMIURQ,3H1C3QRA01CE3DXAGXLKV91WNR5CEE,live,2018-03-14 17:50:17.094667,1.8,0,approved
52,2018-03-14 04:48:24.7807,,,,,,f,,participant,52,3WS1NTTKEZ5P2J0KPUH86AGGR740FV,52:3WS1NTTKEZ5P2J0KPUH86AGGR740FV,3EFNPKWBMSHRZNMXFXB4HHVYND9039,live,2018-03-14 04:53:06.908443,1.8,0,approved
53,2018-03-14 05:13:03.168072,,,,,,f,,participant,53,3KYQYYSHYW0D7GE709OT8B9DDXCOD6,53:3KYQYYSHYW0D7GE709OT8B9DDXCOD6,3CVBMEMMXB9KB6TGFHLF0Q6VEWX7HN,live,2018-03-14 05:24:10.808158,1.8,0,approved
54,2018-03-14 06:25:19.058963,,,,,,f,,participant,54,3P529IW9KZE2ZFP6EN3R4U84U5QLF0,54:3P529IW9KZE2ZFP6EN3R4U84U5QLF0,38XPGNCKHTTSAK6HI84CCFDUV9I4VQ,live,2018-03-14 06:30:40.465494,1.8,0,approved
82,2018-03-14 19:48:49.870751,,,,,,f,,participant,82,34S9DKFK74IYN69MVQBU67J95DJYNJ,82:34S9DKFK74IYN69MVQBU67J95DJYNJ,3Y40HMYLL1BJV75RXTWCD489AXPXUK,live,2018-03-14 20:00:41.235747,1.8,0,approved
87,2018-03-14 22:41:24.910268,,,,,,f,,participant,87,3LEIZ60CDKSD3UFXQ2U82DXR6JNZ9V,87:3LEIZ60CDKSD3UFXQ2U82DXR6JNZ9V,3T2HW4QDUV0X8H6T8M5Y3V0LWUU9C6,live,2018-03-14 22:50:03.149134,1.8,0,approved
55,2018-03-14 06:58:40.486133,,,,,,f,,participant,55,3R08VXYT7DO5VGMZ0ICHPDC3UOLW7A,55:3R08VXYT7DO5VGMZ0ICHPDC3UOLW7A,35U0MRQMUJ0WEDGZ1SJLQDJZC0IVOR,live,2018-03-14 07:02:32.356883,1.8,0,approved
84,2018-03-14 21:33:06.231208,,,,,,f,,participant,84,3M0BCWMB8WPSXSPPDZOXUFYZDG8BWB,84:3M0BCWMB8WPSXSPPDZOXUFYZDG8BWB,3HFWPF5AK9CR0W69OZUORN1HI54S30,live,2018-03-14 21:45:15.159004,1.8,0,approved
58,2018-03-14 10:22:25.999958,,,,,,f,,participant,58,3R3YRB5GRGWAMEVSCL90HGTWAGLAUL,58:3R3YRB5GRGWAMEVSCL90HGTWAGLAUL,366FYU4PTGIWMB9Y8A2IJSE4S06EKL,live,2018-03-14 10:33:14.181049,1.8,0,approved
90,2018-03-14 23:26:15.287632,,,,,,f,,participant,90,3TGOYF991YFU1N9QIQQRHH5QHMLUUV,90:3TGOYF991YFU1N9QIQQRHH5QHMLUUV,3UUIU9GZC5YVTB6SRIN7GPVNYKBT5I,live,2018-03-14 23:40:02.700796,1.8,0,approved
59,2018-03-14 10:43:11.243001,,,,,,f,,participant,59,3OJSZ2ATDTPBIX7F4HP8ZDZQASQ57D,59:3OJSZ2ATDTPBIX7F4HP8ZDZQASQ57D,3NQUW096N61QBL0ZLZYX6EQ8Q3W9LA,live,2018-03-14 10:47:03.09496,1.8,0,approved
121,2018-03-15 15:29:12.610487,,,,,,f,,participant,121,3JWH6J9I9T62AYGBLYXAYWL8K60BNK,121:3JWH6J9I9T62AYGBLYXAYWL8K60BNK,31KSVEGZ34LCQF8KJU5L6A7IUXURWY,live,2018-03-15 15:35:59.783153,1.8,0,approved
160,2018-03-16 08:02:30.95186,,,,,,f,,participant,160,31N2WW6R9SJLJBZH8HZR88ENUQHF3C,160:31N2WW6R9SJLJBZH8HZR88ENUQHF3C,3EPG8DX9LKJX1JDLA1ENBFUQ9ILP56,live,2018-03-16 08:12:51.018072,1.8,0,approved
114,2018-03-15 12:09:54.023408,,,,,,f,,participant,114,3I7DHKZYGOTOXQMLM0NKN5C78JGF54,114:3I7DHKZYGOTOXQMLM0NKN5C78JGF54,324N5FAHSX4DOMVK30RSJW2QSWWKVM,live,2018-03-15 12:19:19.262052,1.8,0,approved
123,2018-03-15 16:13:45.66701,,,,,,f,,participant,123,3DQQ64TANHEU1MQZW46YPZ3OUMQPWH,123:3DQQ64TANHEU1MQZW46YPZ3OUMQPWH,37OPIVELUUW2U8REMKXZAH8LF5VAHB,live,2018-03-15 16:23:48.910955,1.8,0,approved
198,2018-03-16 21:38:56.440174,,,,,,f,,participant,198,3L4D84MIL0LGILSC6SFER07P63PHJZ,198:3L4D84MIL0LGILSC6SFER07P63PHJZ,3A3KKYU7P3ALTZVSEM94KBD8OBSMW4,live,2018-03-16 21:45:40.57117,1.8,0,approved
162,2018-03-16 08:23:45.451138,,,,,,f,,participant,162,3LJ7UR74RI6IPZV26JNNQIF2AH0N4D,162:3LJ7UR74RI6IPZV26JNNQIF2AH0N4D,32CAVSKPCEIB56KYQ0B5IV485JC1U0,live,2018-03-16 08:30:29.005575,1.8,0,approved
115,2018-03-15 12:19:56.165658,,,,,,f,,participant,115,30MVJZJNHN6N3FAT8GRMEJ91NMHJ93,115:30MVJZJNHN6N3FAT8GRMEJ91NMHJ93,35F6NGNVM8CAGFKBFB24E99JPRG7TN,live,2018-03-15 12:26:13.629579,1.8,0,approved
126,2018-03-15 18:28:20.650442,,,,,,f,,participant,126,3VHP9MDGROD9WBV01AAS1BIH01YCF7,126:3VHP9MDGROD9WBV01AAS1BIH01YCF7,3EHVO81VN5E60KEEQ146ZGFIBBP1HE,live,2018-03-15 18:34:33.909918,1.8,0,approved
164,2018-03-16 08:56:47.705405,,,,,,f,,participant,164,3DH6GAKTYZIS4VN5YEMO1UQIFW8ZYS,164:3DH6GAKTYZIS4VN5YEMO1UQIFW8ZYS,306W7JMRYYREK7VDPU3PSFZSU4B8BA,live,2018-03-16 09:06:28.270889,1.8,0,approved
116,2018-03-15 12:35:51.267577,,,,,,f,,participant,116,3VJ40NV2QJGKO5A4MZO8DFRZGNUOTR,116:3VJ40NV2QJGKO5A4MZO8DFRZGNUOTR,3T6EIBTM9LHNKLJ0GEN7TVLH2A1AAW,live,2018-03-15 12:48:52.434296,1.8,0,approved
129,2018-03-15 19:52:28.733378,,,,,,f,,participant,129,3W8CV64QJ3SRC9F3KGO126TMAVCH9X,129:3W8CV64QJ3SRC9F3KGO126TMAVCH9X,371Q3BEXDH2SLPD296PXVO6WX1LZSO,live,2018-03-15 20:04:26.67749,1.8,0,approved
166,2018-03-16 09:25:34.302135,,,,,,f,,participant,166,34YB12FSQZHSJX3MPJAOMSN5VW1GMV,166:34YB12FSQZHSJX3MPJAOMSN5VW1GMV,3WRBLBQ2GR1STZYLACIO0BK7RJR0GW,live,2018-03-16 09:32:59.171187,1.8,0,approved
143,2018-03-16 02:25:45.004763,,,,,,f,,participant,143,3LQ8PUHQFMLKNA86OAUEFZSPTM6HIP,143:3LQ8PUHQFMLKNA86OAUEFZSPTM6HIP,3RZS0FBRWK3I04M0PB1VPL001Z5PCC,live,2018-03-16 02:32:00.546116,,,returned
131,2018-03-15 20:43:25.914894,,,,,,f,,participant,131,33SA9F9TRYNQ4V19NQQNVN4KGGEWEV,131:33SA9F9TRYNQ4V19NQQNVN4KGGEWEV,3GMLHYZ0LEQ8VCV12PIEWIFIC45YUF,live,2018-03-15 20:54:17.226143,1.8,0,approved
133,2018-03-15 21:13:12.016156,,,,,,f,,participant,133,38YMOXR4MVSMRG8UH87PJZC7ZIZ6WT,133:38YMOXR4MVSMRG8UH87PJZC7ZIZ6WT,3EKZL9T8Y8FQNNOC6YTQGCY9F8NHCR,live,2018-03-15 21:48:11.850134,,,returned
170,2018-03-16 11:55:26.350545,,,,,,f,,participant,170,3OJSZ2ATDTPBIX7F4HP8ZDZQAYX57W,170:3OJSZ2ATDTPBIX7F4HP8ZDZQAYX57W,38F60IALAGAWY4KRUCHVZUZWHD00T6,live,2018-03-16 12:06:20.611685,1.8,0,approved
171,2018-03-16 12:08:02.708296,,,,,,f,,participant,171,3ZAZR5XV02BF1SM02M4Z43YZC8WZCQ,171:3ZAZR5XV02BF1SM02M4Z43YZC8WZCQ,3WYZV0QBFJ64Z8WLX2FH8EGLLDLBXM,live,2018-03-16 12:19:43.320241,1.8,0,approved
135,2018-03-15 22:10:14.780273,,,,,,f,,participant,135,308Q0PEVB96R84QNQY6M2IU1A8CI9C,135:308Q0PEVB96R84QNQY6M2IU1A8CI9C,3BKZLF990ZSG3JOKLGY9MHIT9J3YQE,live,2018-03-15 22:20:16.684521,1.8,0,approved
153,2018-03-16 05:42:50.494323,,,,,,f,,participant,153,3CFVK00FWME6GMWVDU0NAOVR1CWL6I,153:3CFVK00FWME6GMWVDU0NAOVR1CWL6I,3SA4EMRVJVVY6CRKDV8BUKYZSA9P0K,live,2018-03-16 05:52:00.151966,1.8,0,approved
136,2018-03-15 22:54:27.8391,,,,,,f,,participant,136,3KAKFY4PGVV5T2179P5CB5RFAG3I3W,136:3KAKFY4PGVV5T2179P5CB5RFAG3I3W,3P4ZBJFX2VWFNP3BSZ5RPLTZR9UWFJ,live,2018-03-15 23:01:42.882417,1.8,0,approved
173,2018-03-16 12:32:24.573395,,,,,,f,,participant,173,3TY7ZAOG5GD0I5SYQ585MN8LZAO0KE,173:3TY7ZAOG5GD0I5SYQ585MN8LZAO0KE,3OCZWXS7ZO07AYYNI9LGUYL648PL59,live,2018-03-16 12:39:51.079533,1.8,0,approved
138,2018-03-15 23:41:44.80554,,,,,,f,,participant,138,3FE7TXL1LJGTPIT7IXWG1XD9VDR2QH,138:3FE7TXL1LJGTPIT7IXWG1XD9VDR2QH,362E9TQF2HJ30UF1E27U6FK3DD0IG1,live,2018-03-15 23:51:35.705882,1.8,0,approved
146,2018-03-16 02:52:18.653076,,,,,,f,,participant,146,3ZQIG0FLQF9766NVIGFXVRS6GCGVW1,146:3ZQIG0FLQF9766NVIGFXVRS6GCGVW1,3QX22DUVOOA8EAVNOC48Y9UUH1AMVC,live,2018-03-16 02:58:21.276298,1.8,0,approved
175,2018-03-16 13:08:11.192216,,,,,,f,,participant,175,3SKEMFQBZ4YI0UX1L9LKF2E3I80K8L,175:3SKEMFQBZ4YI0UX1L9LKF2E3I80K8L,32L724R85LD9D780HLXH0OYVE4WIPE,live,2018-03-16 13:25:03.407849,1.8,0,approved
140,2018-03-16 01:18:37.684982,,,,,,f,,participant,140,3AQF3RZ559BKGUMZRJXPFBQ74GVF6S,140:3AQF3RZ559BKGUMZRJXPFBQ74GVF6S,3BKZLF990ZSG3JOKLGY9MHIT9J9QYC,live,2018-03-16 01:24:00.904691,1.8,0,approved
177,2018-03-16 14:18:07.632951,,,,,,f,,participant,177,3FE7TXL1LJGTPIT7IXWG1XD9VE12QT,177:3FE7TXL1LJGTPIT7IXWG1XD9VE12QT,3NBFJK3IOHBDWGQ4CXKZQCGPPM8GO3,live,2018-03-16 14:25:16.402625,,,abandoned
148,2018-03-16 03:13:41.401953,,,,,,f,,participant,148,3EWIJTFFVP0XW50OUJX2OSVGFC00E0,148:3EWIJTFFVP0XW50OUJX2OSVGFC00E0,32ZCLEW0BZD58IS6Z3IHCPDVRJEPJQ,live,2018-03-16 03:27:15.642996,1.8,0,approved
179,2018-03-16 16:04:29.288626,,,,,,f,,participant,179,3S96KQ6I9NXTK8JFWQAS2LF0CCRTD9,179:3S96KQ6I9NXTK8JFWQAS2LF0CCRTD9,3WYZV0QBFJ64Z8WLX2FH8EGLLDLXB8,live,2018-03-16 16:10:26.802728,1.8,0,approved
150,2018-03-16 04:18:45.541895,,,,,,f,,participant,150,3WMINLGALCWE0KESQUO0NA7Q3M1CAC,150:3WMINLGALCWE0KESQUO0NA7Q3M1CAC,3G5RUKN2ECWGZL3KXCECJ6UXVZ29NK,live,2018-03-16 04:28:49.128243,1.8,0,approved
180,2018-03-16 16:19:12.977758,,,,,,f,,participant,180,3Q5C1WP23NUX7BSDF18ZY38D7CA51C,180:3Q5C1WP23NUX7BSDF18ZY38D7CA51C,3PKJ68EHDNPDV1UIGQAC3GB45SCHJL,live,2018-03-16 16:30:56.693706,1.8,0,approved
151,2018-03-16 04:30:43.366469,,,,,,f,,participant,151,30OG32W0SV40H1SVVPZ0Z4RTN5GENU,151:30OG32W0SV40H1SVVPZ0Z4RTN5GENU,33IXYHIZB5B15V58J4WEJWSAB1RE28,live,2018-03-16 04:48:17.965473,1.8,0,approved
182,2018-03-16 17:39:52.458537,,,,,,f,,participant,182,3U5JL4WY5L2N1T968PAWOK60CVZX4W,182:3U5JL4WY5L2N1T968PAWOK60CVZX4W,3GL25Y6843N0IZ0IOR5QMURFXCRXMZ,live,2018-03-16 17:43:20.019496,1.8,0,approved
184,2018-03-16 18:05:20.0452,,,,,,f,,participant,184,3LWJHTCVCDFDQC5J6SBNLG7Y4IPQFK,184:3LWJHTCVCDFDQC5J6SBNLG7Y4IPQFK,3126F2F5F8WXX26EL27QF903MCSEP6,live,2018-03-16 18:14:02.22224,1.8,0,approved
159,2018-03-16 06:52:00.040521,,,,,,f,,participant,159,3A1COHJ8NKORY4WTFOIN2AYBQQIH8Y,159:3A1COHJ8NKORY4WTFOIN2AYBQQIH8Y,33EEIIWHK70ZZPTFG5BPFIEZR29QV5,live,2018-03-16 06:56:42.890396,1.8,0,approved
185,2018-03-16 18:19:21.983846,,,,,,f,,participant,185,3ERET4BTVN2IEZGBQ1RYFY9E2E4K9W,185:3ERET4BTVN2IEZGBQ1RYFY9E2E4K9W,3ZXV7Q5FJBH69RX6B85QDRMWZUSCF8,live,2018-03-16 18:27:07.517934,1.8,0,approved
120,2018-03-15 15:05:34.333767,,,,,,f,,participant,120,3I02618YA1ZH9I1U14RX7BIR967PUA,120:3I02618YA1ZH9I1U14RX7BIR967PUA,32CXT5U14GWTG64JPLKKX5RGJPVU8Q,live,2018-03-15 15:14:08.809977,1.8,0,approved
118,2018-03-15 13:33:55.399027,,,,,,f,,participant,118,3OONKJ5DKDCKSJGNMDXNDLLDAGVBOP,118:3OONKJ5DKDCKSJGNMDXNDLLDAGVBOP,3IKDQS3DQETQJIZWCGBBGOZOFLRICA,live,2018-03-15 13:39:30.772125,1.8,0,approved
161,2018-03-16 08:15:32.027146,,,,,,f,,participant,161,31N2WW6R9SJLJBZH8HZR88ENUQI3F1,161:31N2WW6R9SJLJBZH8HZR88ENUQI3F1,3IVKZBIBJ026U4D83KJQVH2R1BMHSY,live,2018-03-16 08:21:23.288862,1.8,0,approved
122,2018-03-15 16:02:25.176639,,,,,,f,,participant,122,3WEV0KO0ONLS58607Q52SGJEAQNDS8,122:3WEV0KO0ONLS58607Q52SGJEAQNDS8,35A1YQPVFE95KXQHX6O32ITEN495IT,live,2018-03-15 16:07:46.899349,1.8,0,approved
119,2018-03-15 14:49:57.694753,,,,,,f,,participant,119,3JV9LGBJWU7GJ0OY2ZP1EWCAQTUOGQ,119:3JV9LGBJWU7GJ0OY2ZP1EWCAQTUOGQ,3FI30CQHVKCRGTCPWF6R8131O9X6BY,live,2018-03-15 14:58:51.634481,1.8,0,approved
149,2018-03-16 03:39:36.528118,,,,,,f,,participant,149,34S9DKFK74IYN69MVQBU67J95HGNYD,149:34S9DKFK74IYN69MVQBU67J95HGNYD,3TZ0XG8CBUDVWEGGRAPT194264398W,live,2018-03-16 03:43:53.505039,1.8,0,approved
163,2018-03-16 08:41:24.860493,,,,,,f,,participant,163,3F6KKYWMNCUVPVEVZUOGTM98NUUDNH,163:3F6KKYWMNCUVPVEVZUOGTM98NUUDNH,31D0ZWOD0ASRJ8LIOCQE4P94TOE0AK,live,2018-03-16 08:47:00.195212,1.8,0,approved
127,2018-03-15 19:14:38.619591,,,,,,f,,participant,127,3I33IC7ZWGV122MQT1ZUBXY4RU92AC,127:3I33IC7ZWGV122MQT1ZUBXY4RU92AC,374UMBUHN5IGSWF76SAFUV1XQ2DCTR,live,2018-03-15 19:22:23.997739,1.8,0,approved
128,2018-03-15 19:25:32.513299,,,,,,f,,participant,128,3W8CV64QJ3SRC9F3KGO126TMAVCH9X,128:3W8CV64QJ3SRC9F3KGO126TMAVCH9X,371Q3BEXDH2SLPD296PXVO6WX1LZSO,live,2018-03-15 19:30:32.563032,,,returned
165,2018-03-16 09:16:03.617288,,,,,,f,,participant,165,30LB5CDZND3V70RKQ6BF92WY3JTZ0R,165:30LB5CDZND3V70RKQ6BF92WY3JTZ0R,33NKDW9FFXBN9DORB2BCJYM33YKCXT,live,2018-03-16 09:20:14.740965,1.8,0,approved
130,2018-03-15 20:31:47.700643,,,,,,f,,participant,130,3RSDURM96BFUT0W92R8BGKP0RO9YER,130:3RSDURM96BFUT0W92R8BGKP0RO9YER,3S8A4GJRD3W6P7AV1WXR9DX8R1K6VB,live,2018-03-15 20:41:38.676812,1.8,0,approved
167,2018-03-16 09:37:10.631513,,,,,,f,,participant,167,3UWN2HHPUZY1RKXDWKJ5OLV8OX5NSM,167:3UWN2HHPUZY1RKXDWKJ5OLV8OX5NSM,335VBRURDJTC5FQ74DBTTJ0OH769E0,live,2018-03-16 09:41:54.470381,1.8,0,approved
141,2018-03-16 01:27:00.894562,,,,,,f,,participant,141,3ZY8KE4ISKW2M9R967GR32AKSBVVQT,141:3ZY8KE4ISKW2M9R967GR32AKSBVVQT,3T5ZXGO9DEHG89YPH20S0ORVFDDQZ3,live,2018-03-16 01:43:16.632787,1.8,0,approved
132,2018-03-15 21:01:46.841785,,,,,,f,,participant,132,39K0FND3AI8R96QJ3JIEQ6C2XZ6MA3,132:39K0FND3AI8R96QJ3JIEQ6C2XZ6MA3,3Z3R5YC0P3GNV8ZHXU0G21M0NF9FT9,live,2018-03-15 21:12:47.872394,1.8,0,approved
169,2018-03-16 11:30:36.688716,,,,,,f,,participant,169,3UWN2HHPUZY1RKXDWKJ5OLV8OX9NSQ,169:3UWN2HHPUZY1RKXDWKJ5OLV8OX9NSQ,3S4TINXCC0GH5ZITWBSLP1PS99FBOG,live,2018-03-16 11:38:24.894189,1.8,0,approved
168,2018-03-16 10:11:09.603148,,,,,,f,,participant,168,36DSNE9QZ6RQA2EZA5A4B94QIOYJOI,168:36DSNE9QZ6RQA2EZA5A4B94QIOYJOI,3HY86PZXPYBUGANC00W0EDI5JVIE1W,live,2018-03-16 10:18:15.542826,1.8,0,approved
134,2018-03-15 21:49:00.458675,,,,,,f,,participant,134,38YMOXR4MVSMRG8UH87PJZC7ZIZ6WT,134:38YMOXR4MVSMRG8UH87PJZC7ZIZ6WT,3EKZL9T8Y8FQNNOC6YTQGCY9F8NHCR,live,2018-03-15 22:01:38.243915,1.8,0,approved
137,2018-03-15 23:09:07.034838,,,,,,f,,participant,137,3ERMJ6L4DZL9Q4SLWG6UGFACWSEM7S,137:3ERMJ6L4DZL9Q4SLWG6UGFACWSEM7S,3K3G488TR21I1VE0AETCBKK0EE35Q9,live,2018-03-15 23:15:31.580989,1.8,0,approved
172,2018-03-16 12:22:26.04102,,,,,,f,,participant,172,379J5II41P9AT1PAJCJLMCN4IB2LEN,172:379J5II41P9AT1PAJCJLMCN4IB2LEN,3W0KKJIARR2FDAZ7V7GIRIIIHYL8KV,live,2018-03-16 12:26:43.139386,1.8,0,approved
139,2018-03-16 01:10:07.105548,,,,,,f,,participant,139,31IBVUNM9TS5VK10SR5XR366L9GFVD,139:31IBVUNM9TS5VK10SR5XR366L9GFVD,3PCPFX4U40JA3S7PGQ6LXWBD38IQFE,live,2018-03-16 01:16:29.904411,1.8,0,approved
142,2018-03-16 02:06:43.096059,,,,,,f,,participant,142,3OUYGIZWR8R1TWPE3XDDI4UKTJY0PH,142:3OUYGIZWR8R1TWPE3XDDI4UKTJY0PH,3JMNNNO3B1XVMVRZ44QK52ZAI5VW25,live,2018-03-16 02:13:30.144211,1.8,0,approved
157,2018-03-16 06:33:09.231739,,,,,,f,,participant,157,34MAJL3QP5GBLV2SO038H4HW5Z3345,157:34MAJL3QP5GBLV2SO038H4HW5Z3345,3CZH926SIC7B89KVNIF2CBP8VFOE45,live,2018-03-16 06:45:45.177661,1.8,0,approved
174,2018-03-16 12:42:10.908882,,,,,,f,,participant,174,3R6BYFZZP85XZ96VS66FFO3R1LRXF3,174:3R6BYFZZP85XZ96VS66FFO3R1LRXF3,31JUPBOORNXQXGHPG7SJ6IVX6YQL8B,live,2018-03-16 12:49:08.940587,1.8,0,approved
144,2018-03-16 02:34:00.890781,,,,,,f,,participant,144,3P4RDNWND6ZGEG3WCAXZRC846EBJIX,144:3P4RDNWND6ZGEG3WCAXZRC846EBJIX,3RZS0FBRWK3I04M0PB1VPL001Z5PCC,live,2018-03-16 02:43:54.713883,1.8,0,approved
178,2018-03-16 14:29:29.578989,,,,,,f,,participant,178,3VW04L3ZLUZEZVXGS0C1LV3Y5QQXXX,178:3VW04L3ZLUZEZVXGS0C1LV3Y5QQXXX,3NBFJK3IOHBDWGQ4CXKZQCGPPM8GO3,live,2018-03-16 14:37:00.745332,1.8,0,approved
145,2018-03-16 02:44:20.73458,,,,,,f,,participant,145,3GLB5JMZFYOPF3X9CQBL320BMHMDGL,145:3GLB5JMZFYOPF3X9CQBL320BMHMDGL,3FSEU3P2NRT7IJRYK0VFJBZ12IWRRC,live,2018-03-16 02:51:46.098466,1.8,0,approved
152,2018-03-16 05:11:19.661588,,,,,,f,,participant,152,3WRFBPLXRBHX73CY65I4GDNWWGR3NT,152:3WRFBPLXRBHX73CY65I4GDNWWGR3NT,3FJ2RVH25ZZKAZERBTGSRIRZK4B92T,live,2018-03-16 05:37:10.101222,1.8,0,approved
181,2018-03-16 17:13:14.707758,,,,,,f,,participant,181,3F0BG9B9MQG9KLHZFJU5AAXJ53EY7I,181:3F0BG9B9MQG9KLHZFJU5AAXJ53EY7I,32CXT5U14GWTG64JPLKKX5RGJPKU8F,live,2018-03-16 17:18:54.854815,1.8,0,approved
147,2018-03-16 03:00:57.81104,,,,,,f,,participant,147,3PZDLQMM0UEPVHJODFVLHSOSRY6C22,147:3PZDLQMM0UEPVHJODFVLHSOSRY6C22,3EHVO81VN5E60KEEQ146ZGFIBB51HU,live,2018-03-16 03:10:54.802763,1.8,0,approved
183,2018-03-16 17:44:22.662695,,,,,,f,,participant,183,3OSWBBLG1FQ01PSZ10BPRO06P8VDXS,183:3OSWBBLG1FQ01PSZ10BPRO06P8VDXS,31KPKEKW4A6W2IQAUQQAZ0TAB73B0W,live,2018-03-16 17:55:39.385402,1.8,0,approved
154,2018-03-16 06:03:14.489475,,,,,,f,,participant,154,37TRT2X24RK6R8PQ605I5P4RBO3BJS,154:37TRT2X24RK6R8PQ605I5P4RBO3BJS,31GN6YMHLPLORU8XYJ5QWKCEGZVWS9,live,2018-03-16 06:19:41.425831,1.8,0,approved
186,2018-03-16 18:28:10.275558,,,,,,f,,participant,186,3YJ6NA41JC98V2Q0P5NJ099GSTNJPS,186:3YJ6NA41JC98V2Q0P5NJ099GSTNJPS,3W0KKJIARR2FDAZ7V7GIRIIIHZPK8D,live,2018-03-16 18:41:30.450559,1.8,0,approved
156,2018-03-16 06:23:42.098611,,,,,,f,,participant,156,3G2UL9A02E77117T90ZDRJDQ6SU67X,156:3G2UL9A02E77117T90ZDRJDQ6SU67X,3ZVPAMTJWNWGTTIK4P13K7LU09NGR7,live,2018-03-16 06:30:28.09359,1.8,0,approved
187,2018-03-16 18:47:25.87906,,,,,,f,,participant,187,3M68NM076I0HJKR8IEXJW04Q76SR6P,187:3M68NM076I0HJKR8IEXJW04Q76SR6P,3RWSQDNYL9FDC3HG2AVRLX7ZW7LFFN,live,2018-03-16 19:02:15.769841,1.8,0,approved
188,2018-03-16 19:02:38.990091,,,,,,f,,participant,188,32KTQ2V7RE8D4NGEBD4EUB1IRK3M99,188:32KTQ2V7RE8D4NGEBD4EUB1IRK3M99,31KPKEKW4A6W2IQAUQQAZ0TAB78B01,live,2018-03-16 19:11:52.181881,1.8,0,approved
189,2018-03-16 19:13:32.974584,,,,,,f,,participant,189,3SNVL38CI5LKCXNE2L1PHOAM80CKCK,189:3SNVL38CI5LKCXNE2L1PHOAM80CKCK,3VP28W7DUNDJHK8G3MPYOPNH8CIZFY,live,2018-03-16 19:20:45.750473,1.8,0,approved
200,2018-03-16 22:28:43.448451,,,,,,f,,participant,200,3LOZAJ85YE6DYFUJ4BR8V592SIN2XR,200:3LOZAJ85YE6DYFUJ4BR8V592SIN2XR,338431Z1FL84L6ZIS8EBPGUWRWSROL,live,2018-03-16 22:36:10.274693,1.8,0,approved
201,2018-03-16 23:24:01.614323,,,,,,f,,participant,201,3R5F3LQFV3DGAHJ3SRDQZ3SG1NJOZI,201:3R5F3LQFV3DGAHJ3SRDQZ3SG1NJOZI,3P4C70TRMRA5QVN7Z547YVCVUIDGLY,live,2018-03-16 23:34:21.647152,1.8,0,approved
191,2018-03-16 19:23:22.50267,,,,,,f,,participant,191,3BEFOD78W7MC7HA2UI8ND3Q25SQM4E,191:3BEFOD78W7MC7HA2UI8ND3Q25SQM4E,3X2LT8FDHWB68ATOKLZLFTCD4628W1,live,2018-03-16 19:29:05.443845,1.8,0,approved
193,2018-03-16 19:32:24.313779,,,,,,f,,participant,193,3Q5ZZ9ZEVP8FIBCYEMHEDDVLLJX58F,193:3Q5ZZ9ZEVP8FIBCYEMHEDDVLLJX58F,3MJ9GGZYO3ZYFIOW3ZUSND2JQN72AH,live,2018-03-16 19:47:56.314961,,,returned
194,2018-03-16 19:52:41.207758,,,,,,f,,participant,194,34T446B1C17IZ7GAYSR7Y4VDU28C08,194:34T446B1C17IZ7GAYSR7Y4VDU28C08,3MJ9GGZYO3ZYFIOW3ZUSND2JQN72AH,live,2018-03-16 20:49:04.697685,,,abandoned
202,2018-03-16 23:35:43.012506,,,,,,f,,participant,202,373ERPL3YP1NLI2KER5C7AW4REJRTG,202:373ERPL3YP1NLI2KER5C7AW4REJRTG,3JVP4ZJHDPL6PQ4G00IRLNXN6XUI0J,live,2018-03-16 23:46:56.534856,1.8,0,approved
195,2018-03-16 21:11:25.65441,,,,,,f,,participant,195,34T446B1C17IZ7GAYSR7Y4VDU28C08,195:34T446B1C17IZ7GAYSR7Y4VDU28C08,3MJ9GGZYO3ZYFIOW3ZUSND2JQN72AH,live,2018-03-16 21:22:02.82631,1.8,0,approved
208,2018-03-17 03:42:32.92711,,,,,,f,,participant,208,3Q5ZZ9ZEVP8FIBCYEMHEDDVLLJI853,208:3Q5ZZ9ZEVP8FIBCYEMHEDDVLLJI853,3JGHED38EDK6X1J5PHP3MQ1Y4UZY76,live,2018-03-17 03:54:51.787908,1.8,0,approved
204,2018-03-16 23:52:52.223473,,,,,,f,,participant,204,30JNVC0ORADX48WP1IZNO1JBKYMQH4,204:30JNVC0ORADX48WP1IZNO1JBKYMQH4,30U1YOGZGAPPIO86HO004WNT9K5SDE,live,2018-03-17 00:04:36.921262,1.8,0,approved
196,2018-03-16 21:24:28.943428,,,,,,f,,participant,196,3D4CH1LGEBMDCDKS0A6JH6HLVYZ9GW,196:3D4CH1LGEBMDCDKS0A6JH6HLVYZ9GW,36GJS3V78VJZV5Z7WKSUIGZ3QT7GJV,live,2018-03-16 21:36:23.08863,1.8,0,approved
205,2018-03-17 00:06:57.639286,,,,,,f,,participant,205,38F71OA9GUPM5X7REZ4647NTUIDMFG,205:38F71OA9GUPM5X7REZ4647NTUIDMFG,338GLSUI434MG8M28UVQSWQELXLSFP,live,2018-03-17 00:17:53.867095,1.8,0,approved
213,2018-03-17 09:54:16.525802,,,,,,f,,participant,213,3RANCT1ZVGAF5O0KIZ9WCRD2S77UBJ,213:3RANCT1ZVGAF5O0KIZ9WCRD2S77UBJ,33QQ60S6ASBBYHZGUH754QLY0SMU08,live,2018-03-17 10:01:58.339362,1.8,0,approved
206,2018-03-17 01:05:21.772481,,,,,,f,,participant,206,3YMTUJH0DT9GKC0M3F9ZZHLUZ014TC,206:3YMTUJH0DT9GKC0M3F9ZZHLUZ014TC,3NRZ1LDP7WZV8XXAHPL30J1LAI8PZU,live,2018-03-17 01:11:01.255875,1.8,0,approved
207,2018-03-17 02:12:28.968449,,,,,,f,,participant,207,3AQF3RZ559BKGUMZRJXPFBQ74I3F64,207:3AQF3RZ559BKGUMZRJXPFBQ74I3F64,3IJ95K7NDX5VEVQSBIKMBNGKZDENG8,live,2018-03-17 02:21:24.151479,1.8,0,approved
209,2018-03-17 04:56:31.397599,,,,,,f,,participant,209,3NXNZ5RS1BQUJK9R772PBT4SWV079B,209:3NXNZ5RS1BQUJK9R772PBT4SWV079B,3YGE63DIN8QOQLOLPHM6ME6VL8V0WB,live,2018-03-17 05:06:30.052397,1.8,0,approved
210,2018-03-17 07:53:00.010818,,,,,,f,,participant,210,3A1COHJ8NKORY4WTFOIN2AYBQSHH81,210:3A1COHJ8NKORY4WTFOIN2AYBQSHH81,3IZPORCT1F2UTPDVOVJL57XVFAIRH1,live,2018-03-17 08:00:31.46555,1.8,0,approved
211,2018-03-17 09:40:50.063382,,,,,,f,,participant,211,3V0Z7YWSIZTLUQPO4WQQ7KCHC72V24,211:3V0Z7YWSIZTLUQPO4WQQ7KCHC72V24,3HY86PZXPYBUGANC00W0EDI5JWXE1D,live,2018-03-17 09:52:38.511559,1.8,0,approved
215,2018-03-17 11:35:29.072464,,,,,,f,,participant,215,34X6J5FLPURTVERFPI280EZQXRBQJW,215:34X6J5FLPURTVERFPI280EZQXRBQJW,3OEWW2KGQJ4AKWGDA7JRKRDSCV7ODI,live,2018-03-17 11:43:14.930452,1.8,0,approved
220,2018-03-17 13:17:49.444111,,,,,,f,,participant,220,3180JW2OT5542S8H5QE5234Z1VRJ5F,220:3180JW2OT5542S8H5QE5234Z1VRJ5F,3DGDV62G7O252MUYSICPD8REP9EP2R,live,2018-03-17 13:29:41.421675,1.8,0,approved
216,2018-03-17 11:44:45.553055,,,,,,f,,participant,216,308XBLVESJXNPW83E5ER7GQIL85BRY,216:308XBLVESJXNPW83E5ER7GQIL85BRY,3X2YVV51PUXOXA93L0Q60JP5Q03W1C,live,2018-03-17 11:56:33.349989,1.8,0,approved
217,2018-03-17 11:57:19.448685,,,,,,f,,participant,217,3ZOTGHDK5J4J95XPXZJI3AVDE97OS3,217:3ZOTGHDK5J4J95XPXZJI3AVDE97OS3,3421H3BM9AAKGVCZIEMKQZDGMGJ9J4,live,2018-03-17 12:01:53.478182,1.8,0,approved
218,2018-03-17 12:02:19.889659,,,,,,f,,participant,218,3MH9DQ757X5BW58VYL1AD24Z8K1UG2,218:3MH9DQ757X5BW58VYL1AD24Z8K1UG2,3JMNNNO3B1XVMVRZ44QK52ZAI6HW2T,live,2018-03-17 12:10:49.088268,1.8,0,approved
219,2018-03-17 12:32:54.365022,,,,,,f,,participant,219,31QTRG6Q2U6YQRLZB5OMAWO45ZZPYZ,219:31QTRG6Q2U6YQRLZB5OMAWO45ZZPYZ,3VI0PC2ZAYDOI2LU17K3EYGKSDJOXK,live,2018-03-17 12:41:23.280937,1.8,0,approved
222,2018-03-17 13:40:05.141536,,,,,,f,,participant,222,3DBQWDE4Y7R0LIZ2KO6XVALGAFX5N6,222:3DBQWDE4Y7R0LIZ2KO6XVALGAFX5N6,33N1S8XHHMESR5E8WNADZNJN727Z15,live,2018-03-17 14:02:39.950103,1.8,0,approved
221,2018-03-17 13:30:12.661593,,,,,,f,,participant,221,3AAJC4I4FHL296S6CELLR7BU2UZZJ2,221:3AAJC4I4FHL296S6CELLR7BU2UZZJ2,36MUZ9VAE6VO853OGTGVFFJE8T2ED5,live,2018-03-17 13:38:41.675704,1.8,0,approved
224,2018-03-17 14:08:41.661254,,,,,,f,,participant,224,3L4D84MIL0LGILSC6SFER07P64JHJV,224:3L4D84MIL0LGILSC6SFER07P64JHJV,3G9UA71JVVNG2CO63HO0C3MARQV7JQ,live,2018-03-17 14:12:37.603529,1.8,0,approved
225,2018-03-17 14:25:27.044966,,,,,,f,,participant,225,3X73LLYYQ27C1BJXLQ76K7O6FOONH5,225:3X73LLYYQ27C1BJXLQ76K7O6FOONH5,366FYU4PTGIWMB9Y8A2IJSE4S2ZEKI,live,2018-03-17 14:37:50.00901,1.8,0,approved
226,2018-03-17 14:38:32.619367,,,,,,f,,participant,226,3HUTX6F6VVGQ46GR3K4CCSI9GFE2OK,226:3HUTX6F6VVGQ46GR3K4CCSI9GFE2OK,3UEDKCTP9VJBDWUOL2OCDIMN6FVK72,live,2018-03-17 14:46:48.155742,1.8,0,approved
227,2018-03-17 14:50:22.982111,,,,,,f,,participant,227,3GFK2QRXXAAQ8C8GCPXKRTY73R3W5Q,227:3GFK2QRXXAAQ8C8GCPXKRTY73R3W5Q,3JU8CV4BRL5J9TJ3FGAMKLUHQEBPOY,live,2018-03-17 15:02:35.684546,1.8,0,approved
228,2018-03-17 15:07:08.932839,,,,,,f,,participant,228,36PW28KO40PTXIY6MLUVDY7TO10AEV,228:36PW28KO40PTXIY6MLUVDY7TO10AEV,366FYU4PTGIWMB9Y8A2IJSE4S2ZKEO,live,2018-03-17 15:17:29.409453,1.8,0,approved
229,2018-03-17 15:56:06.742626,,,,,,f,,participant,229,37QW5D2ZRHFGODA9QIUM6O5DZ4A8SR,229:37QW5D2ZRHFGODA9QIUM6O5DZ4A8SR,3D42WVSDH8OJCUYB70NFAIEF2INFYW,live,2018-03-17 16:02:18.619289,1.8,0,approved
230,2018-03-17 16:03:18.732569,,,,,,f,,participant,230,3HMVI3QICKLV9Z2XQ3DW90662J21YG,230:3HMVI3QICKLV9Z2XQ3DW90662J21YG,35YHTYFL1GW280362P0V3JALK1LVF3,live,2018-03-17 16:20:55.419515,1.8,0,approved
231,2018-03-17 16:49:48.758824,,,,,,f,,participant,231,3RKNTXVS3NRB5G1DXFII4CV2BCAA4T,231:3RKNTXVS3NRB5G1DXFII4CV2BCAA4T,3EHVO81VN5E60KEEQ146ZGFIBCRH1Y,live,2018-03-17 16:55:48.721527,1.8,0,approved
232,2018-03-17 16:56:42.561904,,,,,,f,,participant,232,3EFVCAY5L42NPARJ3OL8ENEQ3L2J8R,232:3EFVCAY5L42NPARJ3OL8ENEQ3L2J8R,3B9J25CZ256FDW2SHS5PKQ5BOK6SCR,live,2018-03-17 17:04:04.664745,1.8,0,approved
233,2018-03-17 17:13:52.680694,,,,,,f,,participant,233,3M0BCWMB8WPSXSPPDZOXUFYZDNXWBZ,233:3M0BCWMB8WPSXSPPDZOXUFYZDNXWBZ,3W5PY7V3UP0ZHWK7QQE0PG67VPBJYA,live,2018-03-17 17:22:36.814645,1.8,0,approved
