id,creation_time,property1,property2,property3,property4,property5,failed,time_of_death,type,participant_id,number,question,response
1,2018-03-13 06:02:27.976023,,,,,,f,,question,1,1,time,0
2,2018-03-13 06:02:28.144614,,,,,,f,,question,1,2,multi-confusing,"Yes, I was not sure if I could/should select all the parts, or whether the type of parts put in the ship mattered. As I didn't play with others, I think I felt like the game wasn't exactly a game."
3,2018-03-13 06:02:28.2382,,,,,,f,,question,1,3,"",""
4,2018-03-13 06:02:28.356898,,,,,,f,,question,1,4,"",""
5,2018-03-13 07:40:46.85494,,,,,,f,,question,3,1,time,7
6,2018-03-13 07:40:46.953078,,,,,,f,,question,3,2,multi-confusing,No
7,2018-03-13 07:40:47.051273,,,,,,f,,question,3,3,"",""
8,2018-03-13 07:40:47.146308,,,,,,f,,question,3,4,"",""
9,2018-03-13 07:54:33.071492,,,,,,f,,question,4,1,time,5
10,2018-03-13 07:54:33.232021,,,,,,f,,question,4,2,multi-confusing,It wasn't clear what (if any) strategy there was for this
11,2018-03-13 07:54:33.331435,,,,,,f,,question,4,3,"",""
12,2018-03-13 07:54:33.416552,,,,,,f,,question,4,4,"",""
13,2018-03-13 08:06:21.701664,,,,,,f,,question,5,1,time,5
14,2018-03-13 08:06:21.790279,,,,,,f,,question,5,2,multi-confusing,No.
15,2018-03-13 08:06:21.876661,,,,,,f,,question,5,3,"",""
16,2018-03-13 08:06:21.974966,,,,,,f,,question,5,4,"",""
17,2018-03-13 08:15:56.727845,,,,,,f,,question,6,1,time,10
18,2018-03-13 08:15:57.597872,,,,,,f,,question,6,2,multi-confusing,No
19,2018-03-13 08:15:58.483223,,,,,,f,,question,6,3,"",""
20,2018-03-13 08:15:59.355029,,,,,,f,,question,6,4,"",""
21,2018-03-13 08:16:01.083572,,,,,,f,,question,6,1,time,10
22,2018-03-13 08:16:02.483244,,,,,,f,,question,6,2,multi-confusing,No
23,2018-03-13 08:27:49.622918,,,,,,f,,question,7,1,time,10
24,2018-03-13 08:27:49.699587,,,,,,f,,question,7,2,multi-confusing,"Yes, I thought I would be able to select / deselect parts between ships.  I read the instructions carefully and think it was because there were no other participants before me.  In any case, thanks for being one of the best requesters on MTURK.  I always enjoy your experiments.  Ever play the Amiga game called Star Control?  One of the best of all time!  This experiment reminded me of it.  Thanks for the HIT!  I did my best and hope the data is useful!"
25,2018-03-13 08:27:49.775374,,,,,,f,,question,7,3,"",""
26,2018-03-13 08:27:49.844509,,,,,,f,,question,7,4,"",""
27,2018-03-13 09:03:59.945088,,,,,,f,,question,8,1,time,15
28,2018-03-13 09:04:00.092717,,,,,,f,,question,8,2,multi-confusing,""
29,2018-03-13 09:04:00.28971,,,,,,f,,question,8,3,"",""
30,2018-03-13 09:04:00.429109,,,,,,f,,question,8,4,"",""
31,2018-03-13 10:40:44.129243,,,,,,f,,question,9,1,time,12
32,2018-03-13 10:40:44.279627,,,,,,f,,question,9,2,multi-confusing,I wasn't sure why parts were failing or not.
33,2018-03-13 10:40:44.409431,,,,,,f,,question,9,3,"",""
34,2018-03-13 10:40:44.543694,,,,,,f,,question,9,4,"",""
35,2018-03-13 10:48:50.288021,,,,,,f,,question,10,1,time,15
36,2018-03-13 10:48:50.443235,,,,,,f,,question,10,2,multi-confusing,"I wasn't sure if i had the option to pick nothing. I did so on one of the trials but I wasn't so sure if this was allowed, so to speak. Thanks!"
37,2018-03-13 10:48:50.582314,,,,,,f,,question,10,3,"",""
38,2018-03-13 10:48:50.729977,,,,,,f,,question,10,4,"",""
39,2018-03-13 11:01:33.023932,,,,,,f,,question,11,1,time,5
40,2018-03-13 11:01:33.103958,,,,,,f,,question,11,2,multi-confusing,no
41,2018-03-13 11:01:33.198724,,,,,,f,,question,11,3,"",""
42,2018-03-13 11:01:33.275788,,,,,,f,,question,11,4,"",""
43,2018-03-13 11:07:53.603338,,,,,,f,,question,12,1,time,5
44,2018-03-13 11:07:53.8672,,,,,,f,,question,12,2,multi-confusing,""
45,2018-03-13 11:07:54.023791,,,,,,f,,question,12,3,"",""
46,2018-03-13 11:07:54.273162,,,,,,f,,question,12,4,"",""
47,2018-03-13 11:30:56.03836,,,,,,f,,question,13,1,time,12
48,2018-03-13 11:30:56.136583,,,,,,f,,question,13,2,multi-confusing,"Yes.  I didn't see the point of the game because in order to figure out which parts would fail and which would succeed the only logical thing to do in my opionion was to use them all in the first flights.  But then, after the first few flights, I couldn't figure out a way to stop using the bad parts.  In addition, I don't think the subsequent games used the same parts as the other games - if they did, the parts were really hard to recognize because I tried and couldn't recognize parts that were used in the previous games.  So I think that prevents participants to develop any type of successful strategy.  Also, I couldn't see any other participant's built at all.  All that made the experiment only somewhat enganging in my opinion, but it was fun and the pay rate is really good as well."
49,2018-03-13 11:30:56.229133,,,,,,f,,question,13,3,"",""
50,2018-03-13 11:30:56.32086,,,,,,f,,question,13,4,"",""
51,2018-03-13 11:34:42.259839,,,,,,f,,question,14,1,time,0
52,2018-03-13 11:34:42.309933,,,,,,f,,question,14,2,multi-confusing,"Not sure why even bother talking about other participants, when I was always the first to go."
53,2018-03-13 11:34:42.36195,,,,,,f,,question,14,3,"",""
54,2018-03-13 11:34:42.461869,,,,,,f,,question,14,4,"",""
55,2018-03-13 11:45:54.691541,,,,,,f,,question,15,1,time,5
56,2018-03-13 11:45:54.873743,,,,,,f,,question,15,2,multi-confusing,no
57,2018-03-13 11:45:54.943431,,,,,,f,,question,15,3,"",""
58,2018-03-13 11:45:55.060784,,,,,,f,,question,15,4,"",""
59,2018-03-13 11:56:30.848116,,,,,,f,,question,16,1,time,7
60,2018-03-13 11:56:31.114284,,,,,,f,,question,16,2,multi-confusing,"Yes, I thought I was going to be able to change the items before each flight, but all I could do was hit the flight button. "
61,2018-03-13 11:56:31.373907,,,,,,f,,question,16,1,time,7
62,2018-03-13 11:56:31.492373,,,,,,f,,question,16,3,"",""
63,2018-03-13 11:56:31.493967,,,,,,f,,question,16,2,multi-confusing,"Yes, I thought I was going to be able to change the items before each flight, but all I could do was hit the flight button. "
64,2018-03-13 11:56:31.819281,,,,,,f,,question,16,3,"",""
65,2018-03-13 11:56:31.99738,,,,,,f,,question,16,4,"",""
66,2018-03-13 11:56:32.391377,,,,,,f,,question,16,4,"",""
67,2018-03-13 12:17:09.361875,,,,,,f,,question,17,1,time,12
68,2018-03-13 12:17:09.429337,,,,,,f,,question,17,2,multi-confusing,The directions were vague and I was always the first one to build the spaceship.  I also could not figure out a strategy that would help me.  It appeared it was just luck on when I would hit the next button. 
69,2018-03-13 12:17:09.492711,,,,,,f,,question,17,3,"",""
70,2018-03-13 12:17:09.565857,,,,,,f,,question,17,4,"",""
71,2018-03-13 12:24:44.671629,,,,,,f,,question,18,1,time,7
72,2018-03-13 12:24:44.746382,,,,,,f,,question,18,2,multi-confusing,The whole thing was confusing.
73,2018-03-13 12:24:44.820305,,,,,,f,,question,18,3,"",""
76,2018-03-13 12:30:05.283461,,,,,,f,,question,19,2,multi-confusing,I didn't see a connection between each of the ships.
74,2018-03-13 12:24:44.926221,,,,,,f,,question,18,4,"",""
75,2018-03-13 12:30:05.199685,,,,,,f,,question,19,1,time,5
77,2018-03-13 12:30:05.355768,,,,,,f,,question,19,3,"",""
78,2018-03-13 12:30:05.42357,,,,,,f,,question,19,4,"",""
79,2018-03-13 13:06:00.411331,,,,,,f,,question,20,1,time,15
80,2018-03-13 13:06:00.81326,,,,,,f,,question,20,2,multi-confusing,no
86,2018-03-13 13:14:27.683619,,,,,,f,,question,21,4,"",""
90,2018-03-13 13:27:17.920789,,,,,,f,,question,22,4,"",""
93,2018-03-13 13:37:12.9204,,,,,,f,,question,23,3,"",""
94,2018-03-13 13:37:13.000731,,,,,,f,,question,23,4,"",""
98,2018-03-13 13:57:38.295254,,,,,,f,,question,24,4,"",""
104,2018-03-13 14:21:32.942128,,,,,,f,,question,26,2,multi-confusing,"It was difficult to dial in a good combination of parts since the failure rate was random, but the task was not confusing."
81,2018-03-13 13:06:01.193148,,,,,,f,,question,20,3,"",""
82,2018-03-13 13:06:01.660852,,,,,,f,,question,20,4,"",""
83,2018-03-13 13:14:27.407435,,,,,,f,,question,21,1,time,10
84,2018-03-13 13:14:27.504717,,,,,,f,,question,21,2,multi-confusing,not really
85,2018-03-13 13:14:27.601312,,,,,,f,,question,21,3,"",""
87,2018-03-13 13:27:17.491831,,,,,,f,,question,22,1,time,10
88,2018-03-13 13:27:17.634718,,,,,,f,,question,22,2,multi-confusing,No 
89,2018-03-13 13:27:17.755852,,,,,,f,,question,22,3,"",""
91,2018-03-13 13:37:12.765211,,,,,,f,,question,23,1,time,7
95,2018-03-13 13:57:37.947642,,,,,,f,,question,24,1,time,10
99,2018-03-13 14:05:03.689086,,,,,,f,,question,25,1,time,5
102,2018-03-13 14:05:06.204914,,,,,,f,,question,25,4,"",""
105,2018-03-13 14:21:33.025832,,,,,,f,,question,26,3,"",""
106,2018-03-13 14:21:33.137783,,,,,,f,,question,26,4,"",""
107,2018-03-13 14:58:40.412003,,,,,,f,,question,27,1,time,15
110,2018-03-13 14:58:40.730519,,,,,,f,,question,27,4,"",""
92,2018-03-13 13:37:12.846824,,,,,,f,,question,23,2,multi-confusing,no
96,2018-03-13 13:57:38.064055,,,,,,f,,question,24,2,multi-confusing,No.  Thanks!
97,2018-03-13 13:57:38.178186,,,,,,f,,question,24,3,"",""
100,2018-03-13 14:05:04.812728,,,,,,f,,question,25,2,multi-confusing,No
101,2018-03-13 14:05:05.52958,,,,,,f,,question,25,3,"",""
103,2018-03-13 14:21:32.848392,,,,,,f,,question,26,1,time,10
108,2018-03-13 14:58:40.49696,,,,,,f,,question,27,2,multi-confusing,the shapes never appeared twice 
109,2018-03-13 14:58:40.632026,,,,,,f,,question,27,3,"",""
111,2018-03-13 16:12:05.228398,,,,,,f,,question,28,1,time,7
112,2018-03-13 16:12:05.310575,,,,,,f,,question,28,2,multi-confusing,"no, it was very clear"
113,2018-03-13 16:12:05.387209,,,,,,f,,question,28,3,"",""
114,2018-03-13 16:12:05.46427,,,,,,f,,question,28,4,"",""
115,2018-03-13 16:40:55.385969,,,,,,f,,question,29,1,time,5
116,2018-03-13 16:40:55.521043,,,,,,f,,question,29,2,multi-confusing,nothing confusing
117,2018-03-13 16:40:55.625225,,,,,,f,,question,29,3,"",""
118,2018-03-13 16:40:55.733937,,,,,,f,,question,29,4,"",""
119,2018-03-13 17:31:09.829192,,,,,,f,,question,30,1,time,12
120,2018-03-13 17:31:09.901821,,,,,,f,,question,30,2,multi-confusing,NO
121,2018-03-13 17:31:09.972483,,,,,,f,,question,30,3,"",""
122,2018-03-13 17:31:10.060385,,,,,,f,,question,30,4,"",""
123,2018-03-13 18:36:00.782144,,,,,,f,,question,32,1,time,12
124,2018-03-13 18:36:01.049913,,,,,,f,,question,32,2,multi-confusing,No.
125,2018-03-13 18:36:01.461461,,,,,,f,,question,32,3,"",""
126,2018-03-13 18:36:01.740663,,,,,,f,,question,32,4,"",""
127,2018-03-13 18:53:32.853614,,,,,,f,,question,33,1,time,10
128,2018-03-13 18:53:32.941218,,,,,,f,,question,33,2,multi-confusing,""
129,2018-03-13 18:53:33.028497,,,,,,f,,question,33,3,"",""
130,2018-03-13 18:53:33.10848,,,,,,f,,question,33,4,"",""
131,2018-03-13 19:05:03.75609,,,,,,f,,question,34,1,time,10
132,2018-03-13 19:05:03.869436,,,,,,f,,question,34,2,multi-confusing,Yeah I couldn't figure out which parts to use I tried to get creative but parts still failed
133,2018-03-13 19:05:04.004473,,,,,,f,,question,34,3,"",""
134,2018-03-13 19:05:04.130273,,,,,,f,,question,34,4,"",""
135,2018-03-13 19:21:50.288726,,,,,,f,,question,36,1,time,12
136,2018-03-13 19:21:50.424282,,,,,,f,,question,36,2,multi-confusing,no
137,2018-03-13 19:21:50.537532,,,,,,f,,question,36,3,"",""
138,2018-03-13 19:21:50.6623,,,,,,f,,question,36,4,"",""
139,2018-03-13 19:35:28.861012,,,,,,f,,question,37,1,time,12
140,2018-03-13 19:35:28.976042,,,,,,f,,question,37,2,multi-confusing,no
141,2018-03-13 19:35:29.102932,,,,,,f,,question,37,3,"",""
142,2018-03-13 19:35:29.235678,,,,,,f,,question,37,4,"",""
143,2018-03-13 19:44:46.6246,,,,,,f,,question,38,1,time,7
144,2018-03-13 19:44:46.723543,,,,,,f,,question,38,2,multi-confusing,The experiment was clear and straightforward.
145,2018-03-13 19:44:46.859232,,,,,,f,,question,38,3,"",""
146,2018-03-13 19:44:46.925675,,,,,,f,,question,38,4,"",""
147,2018-03-13 20:18:35.987479,,,,,,f,,question,39,1,time,5
148,2018-03-13 20:18:36.108498,,,,,,f,,question,39,2,multi-confusing,""
149,2018-03-13 20:18:36.210011,,,,,,f,,question,39,3,"",""
150,2018-03-13 20:18:36.31765,,,,,,f,,question,39,4,"",""
151,2018-03-14 00:51:24.002653,,,,,,f,,question,40,1,time,15
152,2018-03-14 00:51:24.06725,,,,,,f,,question,40,2,multi-confusing,no
153,2018-03-14 00:51:24.12748,,,,,,f,,question,40,3,"",""
154,2018-03-14 00:51:24.21102,,,,,,f,,question,40,4,"",""
155,2018-03-14 01:04:22.246957,,,,,,f,,question,41,1,time,7
156,2018-03-14 01:04:22.381028,,,,,,f,,question,41,2,multi-confusing,a little
157,2018-03-14 01:04:22.45961,,,,,,f,,question,41,3,"",""
158,2018-03-14 01:04:22.566165,,,,,,f,,question,41,4,"",""
159,2018-03-14 01:26:44.545006,,,,,,f,,question,42,1,time,12
160,2018-03-14 01:26:45.042121,,,,,,f,,question,42,2,multi-confusing,no
161,2018-03-14 01:26:45.342362,,,,,,f,,question,42,3,"",""
162,2018-03-14 01:26:45.712145,,,,,,f,,question,42,4,"",""
163,2018-03-14 01:51:58.26531,,,,,,f,,question,43,1,time,15
250,2018-03-14 15:41:47.282901,,,,,,f,,question,68,2,multi-confusing,Nothing confusing 
164,2018-03-14 01:51:58.393317,,,,,,f,,question,43,2,multi-confusing,"It was a bit confusing because I could not find a reason for it. I picked the parts at the beginning of each round, but feel I should have been able to replace the parts that were failing before each test flight. "
165,2018-03-14 01:51:58.51635,,,,,,f,,question,43,3,"",""
166,2018-03-14 01:51:58.670146,,,,,,f,,question,43,4,"",""
167,2018-03-14 02:06:49.632744,,,,,,f,,question,44,1,time,12
168,2018-03-14 02:06:49.7911,,,,,,f,,question,44,2,multi-confusing,"No, thank you "
169,2018-03-14 02:06:49.924164,,,,,,f,,question,44,3,"",""
170,2018-03-14 02:06:50.053397,,,,,,f,,question,44,4,"",""
171,2018-03-14 02:26:29.381366,,,,,,f,,question,45,1,time,12
172,2018-03-14 02:26:29.545365,,,,,,f,,question,45,2,multi-confusing,No
173,2018-03-14 02:26:29.706462,,,,,,f,,question,45,3,"",""
174,2018-03-14 02:26:29.86601,,,,,,f,,question,45,4,"",""
175,2018-03-14 02:39:09.529141,,,,,,f,,question,46,1,time,12
176,2018-03-14 02:39:09.678564,,,,,,f,,question,46,2,multi-confusing,yes
177,2018-03-14 02:39:09.828578,,,,,,f,,question,46,3,"",""
178,2018-03-14 02:39:09.975293,,,,,,f,,question,46,4,"",""
179,2018-03-14 02:57:46.722464,,,,,,f,,question,48,1,time,10
180,2018-03-14 02:57:46.843079,,,,,,f,,question,48,2,multi-confusing,"I was confused by the probabilities overall. I felt like no one part really was more or less prone to failure - they all seemed equally likely to fail, and at a pretty high rate of failure, at that. Through all experiments, I don't think a single part worked all 4 times. So I guess that confused me because it made me feel like I was doing something wrong. I also began to wonder if parts working in conjunction with each other affected overall failure rate, but none of this data was shown, so I felt blind here."
181,2018-03-14 02:57:46.965363,,,,,,f,,question,48,3,"",""
182,2018-03-14 02:57:47.093615,,,,,,f,,question,48,4,"",""
183,2018-03-14 03:20:42.107941,,,,,,f,,question,49,1,time,10
184,2018-03-14 03:20:42.226526,,,,,,f,,question,49,2,multi-confusing,no
185,2018-03-14 03:20:42.351619,,,,,,f,,question,49,3,"",""
186,2018-03-14 03:20:42.484938,,,,,,f,,question,49,4,"",""
187,2018-03-14 03:28:04.092304,,,,,,f,,question,50,1,time,7
188,2018-03-14 03:28:04.265742,,,,,,f,,question,50,2,multi-confusing,""
189,2018-03-14 03:28:04.435205,,,,,,f,,question,50,3,"",""
190,2018-03-14 03:28:04.581367,,,,,,f,,question,50,4,"",""
194,2018-03-14 04:52:43.842677,,,,,,f,,question,52,2,multi-confusing,No
191,2018-03-14 03:28:04.725335,,,,,,f,,question,50,5,"",""
193,2018-03-14 04:52:43.77978,,,,,,f,,question,52,1,time,12
195,2018-03-14 04:52:43.907416,,,,,,f,,question,52,3,"",""
196,2018-03-14 04:52:43.975983,,,,,,f,,question,52,4,"",""
197,2018-03-14 05:23:53.000071,,,,,,f,,question,53,1,time,10
198,2018-03-14 05:23:53.137165,,,,,,f,,question,53,2,multi-confusing,No this task was very straight forward and fun to participate in.
199,2018-03-14 05:23:53.273106,,,,,,f,,question,53,3,"",""
192,2018-03-14 03:28:04.876482,,,,,,f,,question,50,6,"",""
200,2018-03-14 05:23:53.406936,,,,,,f,,question,53,4,"",""
201,2018-03-14 06:30:31.144888,,,,,,f,,question,54,1,time,7
202,2018-03-14 06:30:31.285011,,,,,,f,,question,54,2,multi-confusing,""
203,2018-03-14 06:30:31.421745,,,,,,f,,question,54,3,"",""
204,2018-03-14 06:30:31.556739,,,,,,f,,question,54,4,"",""
205,2018-03-14 07:02:16.749888,,,,,,f,,question,55,1,time,12
206,2018-03-14 07:02:16.805072,,,,,,f,,question,55,2,multi-confusing,Not at all
207,2018-03-14 07:02:16.858699,,,,,,f,,question,55,3,"",""
208,2018-03-14 07:02:16.923098,,,,,,f,,question,55,4,"",""
209,2018-03-14 07:12:53.633492,,,,,,f,,question,56,1,time,10
210,2018-03-14 07:12:54.055837,,,,,,f,,question,56,2,multi-confusing,I don't understand how to choose if the parts fail at random.
211,2018-03-14 07:12:54.272551,,,,,,f,,question,56,3,"",""
212,2018-03-14 07:12:54.344975,,,,,,f,,question,56,4,"",""
213,2018-03-14 10:32:40.471749,,,,,,f,,question,58,1,time,12
214,2018-03-14 10:32:40.601629,,,,,,f,,question,58,2,multi-confusing,No
215,2018-03-14 10:32:40.727036,,,,,,f,,question,58,3,"",""
216,2018-03-14 10:32:40.856284,,,,,,f,,question,58,4,"",""
217,2018-03-14 10:46:40.490591,,,,,,f,,question,59,1,time,5
218,2018-03-14 10:46:40.570006,,,,,,f,,question,59,2,multi-confusing,yes everything
219,2018-03-14 10:46:40.680968,,,,,,f,,question,59,3,"",""
220,2018-03-14 10:46:40.81213,,,,,,f,,question,59,4,"",""
221,2018-03-14 10:58:03.861559,,,,,,f,,question,60,1,time,10
222,2018-03-14 10:58:03.921011,,,,,,f,,question,60,2,multi-confusing,I think it's very strange that I did the task despite how obvious it is that the task is not ready to be published yet.
223,2018-03-14 10:58:03.992953,,,,,,f,,question,60,3,"",""
224,2018-03-14 10:58:04.05919,,,,,,f,,question,60,4,"",""
225,2018-03-14 13:57:57.058793,,,,,,f,,question,61,1,time,7
226,2018-03-14 13:57:57.141753,,,,,,f,,question,61,2,multi-confusing,no
227,2018-03-14 13:57:57.225966,,,,,,f,,question,61,3,"",""
228,2018-03-14 13:57:57.295378,,,,,,f,,question,61,4,"",""
229,2018-03-14 14:10:06.841597,,,,,,f,,question,62,1,time,0
230,2018-03-14 14:10:06.921921,,,,,,f,,question,62,2,multi-confusing,no
231,2018-03-14 14:10:07.002994,,,,,,f,,question,62,3,"",""
232,2018-03-14 14:10:07.083301,,,,,,f,,question,62,4,"",""
233,2018-03-14 14:45:21.273768,,,,,,f,,question,64,1,time,10
234,2018-03-14 14:45:21.387983,,,,,,f,,question,64,2,multi-confusing,no
235,2018-03-14 14:45:21.496364,,,,,,f,,question,64,3,"",""
236,2018-03-14 14:45:21.591091,,,,,,f,,question,64,4,"",""
237,2018-03-14 14:57:34.796122,,,,,,f,,question,65,1,time,10
238,2018-03-14 14:57:34.841759,,,,,,f,,question,65,2,multi-confusing,Not confusing but difficult to identify patterns with small sample size of data
239,2018-03-14 14:57:34.893454,,,,,,f,,question,65,3,"",""
240,2018-03-14 14:57:34.939705,,,,,,f,,question,65,4,"",""
241,2018-03-14 15:22:02.121722,,,,,,f,,question,66,1,time,15
242,2018-03-14 15:22:02.26931,,,,,,f,,question,66,2,multi-confusing,No
243,2018-03-14 15:22:02.374827,,,,,,f,,question,66,3,"",""
244,2018-03-14 15:22:02.500993,,,,,,f,,question,66,4,"",""
245,2018-03-14 15:31:24.886466,,,,,,f,,question,67,1,time,10
246,2018-03-14 15:31:25.022552,,,,,,f,,question,67,2,multi-confusing,no
247,2018-03-14 15:31:25.127296,,,,,,f,,question,67,3,"",""
248,2018-03-14 15:31:25.268268,,,,,,f,,question,67,4,"",""
249,2018-03-14 15:41:47.211699,,,,,,f,,question,68,1,time,10
251,2018-03-14 15:41:47.335892,,,,,,f,,question,68,3,"",""
252,2018-03-14 15:41:47.386565,,,,,,f,,question,68,4,"",""
253,2018-03-14 16:06:56.267866,,,,,,f,,question,70,1,time,7
254,2018-03-14 16:06:56.377479,,,,,,f,,question,70,2,multi-confusing,none
255,2018-03-14 16:06:56.498399,,,,,,f,,question,70,3,"",""
256,2018-03-14 16:06:56.608476,,,,,,f,,question,70,4,"",""
257,2018-03-14 16:16:34.043084,,,,,,f,,question,71,1,time,7
258,2018-03-14 16:16:34.185191,,,,,,f,,question,71,2,multi-confusing,No not really.
259,2018-03-14 16:16:34.315856,,,,,,f,,question,71,3,"",""
260,2018-03-14 16:16:34.452049,,,,,,f,,question,71,4,"",""
261,2018-03-14 16:43:29.050972,,,,,,f,,question,73,1,time,12
262,2018-03-14 16:43:29.187076,,,,,,f,,question,73,2,multi-confusing,no
263,2018-03-14 16:43:29.318924,,,,,,f,,question,73,3,"",""
264,2018-03-14 16:43:29.448115,,,,,,f,,question,73,4,"",""
265,2018-03-14 16:55:24.020775,,,,,,f,,question,74,1,time,12
266,2018-03-14 16:55:24.094274,,,,,,f,,question,74,2,multi-confusing,None.
267,2018-03-14 16:55:24.162892,,,,,,f,,question,74,3,"",""
268,2018-03-14 16:55:24.240112,,,,,,f,,question,74,4,"",""
269,2018-03-14 17:03:11.721355,,,,,,f,,question,75,1,time,7
270,2018-03-14 17:03:11.817816,,,,,,f,,question,75,2,multi-confusing,No
271,2018-03-14 17:03:11.926994,,,,,,f,,question,75,3,"",onlhphabpmijgblopkcjmphbbmeliagn
272,2018-03-14 17:03:12.011585,,,,,,f,,question,75,4,"",""
273,2018-03-14 17:03:12.124207,,,,,,f,,question,75,5,"",""
274,2018-03-14 17:49:51.457806,,,,,,f,,question,76,1,time,10
275,2018-03-14 17:49:51.538441,,,,,,f,,question,76,2,multi-confusing,No.  
276,2018-03-14 17:49:51.62073,,,,,,f,,question,76,3,"",""
277,2018-03-14 17:49:51.705561,,,,,,f,,question,76,4,"",""
278,2018-03-14 18:59:07.504986,,,,,,f,,question,77,1,time,7
279,2018-03-14 18:59:07.583864,,,,,,f,,question,77,2,multi-confusing,no
280,2018-03-14 18:59:07.658599,,,,,,f,,question,77,3,"",""
281,2018-03-14 18:59:07.746582,,,,,,f,,question,77,4,"",""
282,2018-03-14 19:15:13.384016,,,,,,f,,question,79,1,time,12
283,2018-03-14 19:15:13.503073,,,,,,f,,question,79,2,multi-confusing,The parts were so small when they are covered in red it was hard to tell which failed
284,2018-03-14 19:15:13.618085,,,,,,f,,question,79,3,"",""
285,2018-03-14 19:15:13.729356,,,,,,f,,question,79,4,"",""
286,2018-03-14 19:42:26.731596,,,,,,f,,question,80,1,time,10
287,2018-03-14 19:42:26.853846,,,,,,f,,question,80,2,multi-confusing,no
288,2018-03-14 19:42:26.978997,,,,,,f,,question,80,3,"",""
289,2018-03-14 19:42:27.101065,,,,,,f,,question,80,4,"",""
290,2018-03-14 19:59:30.252272,,,,,,f,,question,82,1,time,12
291,2018-03-14 19:59:30.399165,,,,,,f,,question,82,2,multi-confusing,no
292,2018-03-14 19:59:30.514063,,,,,,f,,question,82,3,"",""
293,2018-03-14 19:59:30.642779,,,,,,f,,question,82,4,"",""
320,2018-03-14 23:12:02.939924,,,,,,f,,question,89,3,"",""
294,2018-03-14 20:15:01.550896,,,,,,f,,question,83,1,time,12
295,2018-03-14 20:15:01.693388,,,,,,f,,question,83,2,multi-confusing,It wouldn't let me change my design after I submitted my first one....
312,2018-03-14 22:49:51.192642,,,,,,f,,question,87,3,"",""
296,2018-03-14 20:15:01.827868,,,,,,f,,question,83,3,"",""
297,2018-03-14 20:15:01.978242,,,,,,f,,question,83,4,"",""
298,2018-03-14 21:44:58.205547,,,,,,f,,question,84,1,time,7
299,2018-03-14 21:44:58.312779,,,,,,f,,question,84,2,multi-confusing,No
301,2018-03-14 21:44:58.54797,,,,,,f,,question,84,4,"",""
303,2018-03-14 22:03:28.299997,,,,,,f,,question,85,2,multi-confusing,No.
306,2018-03-14 22:17:43.176463,,,,,,f,,question,86,1,time,12
310,2018-03-14 22:49:50.843293,,,,,,f,,question,87,1,time,12
311,2018-03-14 22:49:51.006976,,,,,,f,,question,87,2,multi-confusing,No
314,2018-03-14 22:57:59.941062,,,,,,f,,question,88,1,time,7
300,2018-03-14 21:44:58.420288,,,,,,f,,question,84,3,"",""
302,2018-03-14 22:03:28.19783,,,,,,f,,question,85,1,time,15
315,2018-03-14 22:58:00.002628,,,,,,f,,question,88,2,multi-confusing,No
319,2018-03-14 23:12:02.877994,,,,,,f,,question,89,2,multi-confusing,NO
304,2018-03-14 22:03:28.403855,,,,,,f,,question,85,3,"",""
316,2018-03-14 22:58:00.0636,,,,,,f,,question,88,3,"",""
305,2018-03-14 22:03:28.516254,,,,,,f,,question,85,4,"",""
308,2018-03-14 22:17:43.315207,,,,,,f,,question,86,3,"",""
309,2018-03-14 22:17:43.384203,,,,,,f,,question,86,4,"",""
307,2018-03-14 22:17:43.243355,,,,,,f,,question,86,2,multi-confusing,no
313,2018-03-14 22:49:51.348085,,,,,,f,,question,87,4,"",""
317,2018-03-14 22:58:00.125965,,,,,,f,,question,88,4,"",""
318,2018-03-14 23:12:02.800317,,,,,,f,,question,89,1,time,5
321,2018-03-14 23:12:03.012757,,,,,,f,,question,89,4,"",""
322,2018-03-14 23:39:45.238651,,,,,,f,,question,90,1,time,7
323,2018-03-14 23:39:45.281482,,,,,,f,,question,90,2,multi-confusing,""
324,2018-03-14 23:39:45.330476,,,,,,f,,question,90,3,"",""
325,2018-03-14 23:39:45.372345,,,,,,f,,question,90,4,"",""
326,2018-03-15 00:47:13.026506,,,,,,f,,question,91,1,time,5
327,2018-03-15 00:47:13.101164,,,,,,f,,question,91,2,multi-confusing,No everything was fine.
328,2018-03-15 00:47:13.176693,,,,,,f,,question,91,3,"",""
329,2018-03-15 00:47:13.263918,,,,,,f,,question,91,4,"",""
330,2018-03-15 00:54:00.369258,,,,,,f,,question,92,1,time,7
331,2018-03-15 00:54:00.43628,,,,,,f,,question,92,2,multi-confusing,Didnt really see the meaning of the parts?
332,2018-03-15 00:54:00.500492,,,,,,f,,question,92,3,"",""
333,2018-03-15 00:54:00.565491,,,,,,f,,question,92,4,"",""
334,2018-03-15 01:11:21.846095,,,,,,f,,question,93,1,time,12
335,2018-03-15 01:11:21.980725,,,,,,f,,question,93,2,multi-confusing,no
336,2018-03-15 01:11:22.132439,,,,,,f,,question,93,3,"",""
337,2018-03-15 01:11:22.311778,,,,,,f,,question,93,4,"",""
338,2018-03-15 01:55:58.818069,,,,,,f,,question,95,1,time,10
339,2018-03-15 01:55:58.896556,,,,,,f,,question,95,2,multi-confusing,"It was a little hard to distinguish what the red highlighted parts were, and they were a little small."
340,2018-03-15 01:55:58.972237,,,,,,f,,question,95,3,"",""
341,2018-03-15 01:55:59.053096,,,,,,f,,question,95,4,"",""
342,2018-03-15 02:48:56.633138,,,,,,f,,question,96,1,time,7
343,2018-03-15 02:48:56.676674,,,,,,f,,question,96,2,multi-confusing,N/A
344,2018-03-15 02:48:56.722177,,,,,,f,,question,96,3,"",""
345,2018-03-15 02:48:56.769306,,,,,,f,,question,96,4,"",""
346,2018-03-15 02:59:38.304954,,,,,,f,,question,97,1,time,7
347,2018-03-15 02:59:38.358495,,,,,,f,,question,97,2,multi-confusing,""
348,2018-03-15 02:59:38.423814,,,,,,f,,question,97,3,"",""
349,2018-03-15 02:59:38.482728,,,,,,f,,question,97,4,"",""
350,2018-03-15 03:29:52.384684,,,,,,f,,question,98,1,time,12
351,2018-03-15 03:29:52.472739,,,,,,f,,question,98,2,multi-confusing,no
352,2018-03-15 03:29:52.552156,,,,,,f,,question,98,3,"",""
353,2018-03-15 03:29:52.628463,,,,,,f,,question,98,4,"",""
354,2018-03-15 04:35:59.829581,,,,,,f,,question,100,1,time,10
355,2018-03-15 04:35:59.94489,,,,,,f,,question,100,2,multi-confusing,no
356,2018-03-15 04:36:00.059375,,,,,,f,,question,100,3,"",""
357,2018-03-15 04:36:00.176958,,,,,,f,,question,100,4,"",""
358,2018-03-15 04:52:55.522475,,,,,,f,,question,101,1,time,0
359,2018-03-15 04:52:55.613242,,,,,,f,,question,101,2,multi-confusing,no
360,2018-03-15 04:52:55.705407,,,,,,f,,question,101,3,"",""
361,2018-03-15 04:52:55.799163,,,,,,f,,question,101,4,"",""
362,2018-03-15 05:03:37.639005,,,,,,f,,question,102,1,time,15
363,2018-03-15 05:03:37.723477,,,,,,f,,question,102,2,multi-confusing,Having extra parts that weren't tested to choose from.
364,2018-03-15 05:03:37.811283,,,,,,f,,question,102,3,"",""
365,2018-03-15 05:03:37.90207,,,,,,f,,question,102,4,"",""
366,2018-03-15 06:43:51.426543,,,,,,f,,question,103,1,time,12
367,2018-03-15 06:43:51.564565,,,,,,f,,question,103,2,multi-confusing,I did find the amount of parts I could use confusing. I wasn't sure if I had a limited or unlimited amount so I based it on the number of parts each round on the previous designs.
368,2018-03-15 06:43:51.675422,,,,,,f,,question,103,3,"",""
369,2018-03-15 06:43:51.834577,,,,,,f,,question,103,4,"",""
370,2018-03-15 06:52:22.910963,,,,,,f,,question,104,1,time,5
371,2018-03-15 06:52:23.048594,,,,,,f,,question,104,2,multi-confusing,not really. it was just hard trying to figure out if there was any type of pattern between the items that were faulty and the items that weren't
372,2018-03-15 06:52:23.162925,,,,,,f,,question,104,3,"",""
373,2018-03-15 06:52:23.278033,,,,,,f,,question,104,4,"",""
374,2018-03-15 07:29:12.458535,,,,,,f,,question,105,1,time,12
375,2018-03-15 07:29:12.950027,,,,,,f,,question,105,2,multi-confusing,None
376,2018-03-15 07:29:13.724311,,,,,,f,,question,105,3,"",""
377,2018-03-15 07:29:14.263206,,,,,,f,,question,105,4,"",""
378,2018-03-15 07:48:00.779397,,,,,,f,,question,106,1,time,12
379,2018-03-15 07:48:00.922845,,,,,,f,,question,106,2,multi-confusing,No. Once I did the first test task I understood it.
380,2018-03-15 07:48:01.112619,,,,,,f,,question,106,3,"",""
381,2018-03-15 07:48:01.241267,,,,,,f,,question,106,4,"",""
382,2018-03-15 08:23:00.992366,,,,,,f,,question,107,1,time,10
383,2018-03-15 08:23:01.041525,,,,,,f,,question,107,2,multi-confusing,""
384,2018-03-15 08:23:01.094875,,,,,,f,,question,107,3,"",""
385,2018-03-15 08:23:01.142629,,,,,,f,,question,107,4,"",""
386,2018-03-15 08:37:44.953204,,,,,,f,,question,108,1,time,10
387,2018-03-15 08:37:45.063469,,,,,,f,,question,108,2,multi-confusing,"no,but it was difficult"
388,2018-03-15 08:37:45.153903,,,,,,f,,question,108,3,"",""
389,2018-03-15 08:37:45.239062,,,,,,f,,question,108,4,"",""
390,2018-03-15 08:52:13.789527,,,,,,f,,question,109,1,time,10
391,2018-03-15 08:52:14.066157,,,,,,f,,question,109,2,multi-confusing,""
392,2018-03-15 08:52:14.288051,,,,,,f,,question,109,3,"",""
393,2018-03-15 08:52:14.476582,,,,,,f,,question,109,4,"",""
394,2018-03-15 10:28:15.458446,,,,,,f,,question,110,1,time,10
395,2018-03-15 10:28:15.5344,,,,,,f,,question,110,2,multi-confusing,As long as failure rate < 1/2 why not choose all parts? 
396,2018-03-15 10:28:15.607965,,,,,,f,,question,110,3,"",""
397,2018-03-15 10:28:15.693958,,,,,,f,,question,110,4,"",""
398,2018-03-15 10:42:02.304213,,,,,,f,,question,111,1,time,10
399,2018-03-15 10:42:02.37699,,,,,,f,,question,111,2,multi-confusing,no
400,2018-03-15 10:42:02.445787,,,,,,f,,question,111,3,"",""
401,2018-03-15 10:42:02.50926,,,,,,f,,question,111,4,"",""
402,2018-03-15 11:26:41.861156,,,,,,f,,question,112,1,time,15
403,2018-03-15 11:26:41.936754,,,,,,f,,question,112,2,multi-confusing,No
404,2018-03-15 11:26:42.013323,,,,,,f,,question,112,3,"",""
405,2018-03-15 11:26:42.076344,,,,,,f,,question,112,4,"",""
406,2018-03-15 11:51:59.134746,,,,,,f,,question,113,1,time,10
407,2018-03-15 11:51:59.249598,,,,,,f,,question,113,2,multi-confusing,i wasn't sure how many parts were supposed to be added
408,2018-03-15 11:51:59.419915,,,,,,f,,question,113,3,"",""
409,2018-03-15 11:51:59.585349,,,,,,f,,question,113,4,"",""
410,2018-03-15 12:18:54.779928,,,,,,f,,question,114,1,time,12
411,2018-03-15 12:18:54.840313,,,,,,f,,question,114,2,multi-confusing,Nothing was confusing. It was enjoyable! 
412,2018-03-15 12:18:54.901766,,,,,,f,,question,114,3,"",""
413,2018-03-15 12:18:54.951406,,,,,,f,,question,114,4,"",""
418,2018-03-15 12:48:38.619405,,,,,,f,,question,116,1,time,15
420,2018-03-15 12:48:38.774902,,,,,,f,,question,116,3,"",""
423,2018-03-15 13:39:17.733173,,,,,,f,,question,118,2,multi-confusing,no
425,2018-03-15 13:39:17.916599,,,,,,f,,question,118,4,"",""
446,2018-03-15 18:34:18.548957,,,,,,f,,question,126,1,time,5
447,2018-03-15 18:34:18.690077,,,,,,f,,question,126,2,multi-confusing,Nothing
451,2018-03-15 19:22:11.762675,,,,,,f,,question,127,2,multi-confusing,There seemed to be no point. I couuld have never used any tools and there would have been no penalty. I needed a goal to strive for rather than my own intrigue. 
468,2018-03-15 21:12:23.771684,,,,,,f,,question,132,3,"",""
476,2018-03-15 22:20:05.6422,,,,,,f,,question,135,3,"",""
477,2018-03-15 22:20:05.754331,,,,,,f,,question,135,4,"",""
487,2018-03-15 23:50:52.575624,,,,,,f,,question,138,2,multi-confusing,No.
488,2018-03-15 23:50:52.705489,,,,,,f,,question,138,3,"",""
496,2018-03-16 01:23:39.36258,,,,,,f,,question,140,3,"",""
414,2018-03-15 12:26:01.889926,,,,,,f,,question,115,1,time,7
415,2018-03-15 12:26:02.011592,,,,,,f,,question,115,2,multi-confusing,It was good
416,2018-03-15 12:26:02.154461,,,,,,f,,question,115,3,"",""
417,2018-03-15 12:26:02.278892,,,,,,f,,question,115,4,"",""
419,2018-03-15 12:48:38.698324,,,,,,f,,question,116,2,multi-confusing,no
421,2018-03-15 12:48:38.849111,,,,,,f,,question,116,4,"",""
424,2018-03-15 13:39:17.81928,,,,,,f,,question,118,3,"",""
422,2018-03-15 13:39:17.626237,,,,,,f,,question,118,1,time,7
426,2018-03-15 14:58:37.998676,,,,,,f,,question,119,1,time,10
427,2018-03-15 14:58:38.172748,,,,,,f,,question,119,2,multi-confusing,""
428,2018-03-15 14:58:38.321984,,,,,,f,,question,119,3,"",""
429,2018-03-15 14:58:38.467842,,,,,,f,,question,119,4,"",""
430,2018-03-15 15:13:42.637821,,,,,,f,,question,120,1,time,12
431,2018-03-15 15:13:42.69665,,,,,,f,,question,120,2,multi-confusing,""
432,2018-03-15 15:13:42.770904,,,,,,f,,question,120,3,"",""
433,2018-03-15 15:13:42.846959,,,,,,f,,question,120,4,"",""
434,2018-03-15 15:35:02.84392,,,,,,f,,question,121,1,time,7
435,2018-03-15 15:35:02.888049,,,,,,f,,question,121,2,multi-confusing,""
436,2018-03-15 15:35:02.932398,,,,,,f,,question,121,3,"",""
437,2018-03-15 15:35:02.976489,,,,,,f,,question,121,4,"",""
438,2018-03-15 16:07:17.7663,,,,,,f,,question,122,1,time,7
439,2018-03-15 16:07:17.854629,,,,,,f,,question,122,2,multi-confusing,Nope
440,2018-03-15 16:07:17.938384,,,,,,f,,question,122,3,"",""
441,2018-03-15 16:07:18.013965,,,,,,f,,question,122,4,"",""
442,2018-03-15 16:23:21.667193,,,,,,f,,question,123,1,time,12
443,2018-03-15 16:23:21.769945,,,,,,f,,question,123,2,multi-confusing,Nothing
444,2018-03-15 16:23:21.869401,,,,,,f,,question,123,3,"",""
445,2018-03-15 16:23:21.943971,,,,,,f,,question,123,4,"",""
448,2018-03-15 18:34:18.818214,,,,,,f,,question,126,3,"",""
449,2018-03-15 18:34:18.959276,,,,,,f,,question,126,4,"",""
450,2018-03-15 19:22:11.670831,,,,,,f,,question,127,1,time,5
452,2018-03-15 19:22:11.826937,,,,,,f,,question,127,3,"",""
453,2018-03-15 19:22:11.882754,,,,,,f,,question,127,4,"",""
454,2018-03-15 20:04:16.287108,,,,,,f,,question,129,1,time,10
455,2018-03-15 20:04:16.388289,,,,,,f,,question,129,2,multi-confusing,No. Everything was explained to me clearly.
456,2018-03-15 20:04:16.583942,,,,,,f,,question,129,3,"",""
457,2018-03-15 20:04:16.663276,,,,,,f,,question,129,4,"",""
458,2018-03-15 20:41:23.65857,,,,,,f,,question,130,1,time,10
459,2018-03-15 20:41:23.771917,,,,,,f,,question,130,2,multi-confusing,no
460,2018-03-15 20:41:23.880534,,,,,,f,,question,130,3,"",""
461,2018-03-15 20:41:24.004795,,,,,,f,,question,130,4,"",""
462,2018-03-15 20:53:50.531371,,,,,,f,,question,131,1,time,10
463,2018-03-15 20:53:50.597655,,,,,,f,,question,131,2,multi-confusing,"I wasn't sure how many parts I was supposed to use on each ship,  I don't know if mattered or not.  I did understand though to at least not pick parts that performed badly on the prior players ships."
464,2018-03-15 20:53:50.67006,,,,,,f,,question,131,3,"",""
465,2018-03-15 20:53:50.732594,,,,,,f,,question,131,4,"",""
466,2018-03-15 21:12:23.576412,,,,,,f,,question,132,1,time,10
467,2018-03-15 21:12:23.673767,,,,,,f,,question,132,2,multi-confusing,"No, I didn't find anything to be confusing. I think the instructions were clear."
469,2018-03-15 21:12:23.868109,,,,,,f,,question,132,4,"",""
470,2018-03-15 22:01:19.508254,,,,,,f,,question,134,1,time,10
471,2018-03-15 22:01:19.608207,,,,,,f,,question,134,2,multi-confusing,none
472,2018-03-15 22:01:19.721845,,,,,,f,,question,134,3,"",""
473,2018-03-15 22:01:19.838505,,,,,,f,,question,134,4,"",""
474,2018-03-15 22:20:05.046145,,,,,,f,,question,135,1,time,10
475,2018-03-15 22:20:05.180678,,,,,,f,,question,135,2,multi-confusing,"Each new set of parts, especially when not used by the last person, were hard to figure out whether or not they were reliable."
478,2018-03-15 23:01:11.910784,,,,,,f,,question,136,1,time,5
479,2018-03-15 23:01:12.018157,,,,,,f,,question,136,2,multi-confusing,Yes. Parts failed more often than expected even picking parts that seemed to do well on previous participants flights. The failure rates were entirely random and I did just as well selecting any old part.
480,2018-03-15 23:01:12.1217,,,,,,f,,question,136,3,"",""
481,2018-03-15 23:01:12.282923,,,,,,f,,question,136,4,"",""
482,2018-03-15 23:15:13.86466,,,,,,f,,question,137,1,time,12
483,2018-03-15 23:15:13.988498,,,,,,f,,question,137,2,multi-confusing,no
484,2018-03-15 23:15:14.107081,,,,,,f,,question,137,3,"",""
485,2018-03-15 23:15:14.221602,,,,,,f,,question,137,4,"",""
486,2018-03-15 23:50:52.405071,,,,,,f,,question,138,1,time,12
489,2018-03-15 23:50:52.894911,,,,,,f,,question,138,4,"",""
490,2018-03-16 01:16:11.391678,,,,,,f,,question,139,1,time,5
491,2018-03-16 01:16:11.457558,,,,,,f,,question,139,2,multi-confusing,No
492,2018-03-16 01:16:11.508139,,,,,,f,,question,139,3,"",""
493,2018-03-16 01:16:11.560947,,,,,,f,,question,139,4,"",""
494,2018-03-16 01:23:39.15018,,,,,,f,,question,140,1,time,5
495,2018-03-16 01:23:39.252542,,,,,,f,,question,140,2,multi-confusing,confused on how many things i was suppose to put on each spaceship
497,2018-03-16 01:23:39.458433,,,,,,f,,question,140,4,"",""
498,2018-03-16 01:40:55.78311,,,,,,f,,question,141,1,time,12
499,2018-03-16 01:40:55.936411,,,,,,f,,question,141,2,multi-confusing,No.
500,2018-03-16 01:40:56.065342,,,,,,f,,question,141,3,"",""
501,2018-03-16 01:40:56.184677,,,,,,f,,question,141,4,"",""
502,2018-03-16 02:13:17.752933,,,,,,f,,question,142,1,time,7
503,2018-03-16 02:13:17.856822,,,,,,f,,question,142,2,multi-confusing,No.
504,2018-03-16 02:13:17.944249,,,,,,f,,question,142,3,"",""
505,2018-03-16 02:13:18.028378,,,,,,f,,question,142,4,"",""
506,2018-03-16 02:43:37.808463,,,,,,f,,question,144,1,time,12
507,2018-03-16 02:43:37.893227,,,,,,f,,question,144,2,multi-confusing,""
508,2018-03-16 02:43:37.957069,,,,,,f,,question,144,3,"",""
509,2018-03-16 02:43:38.031518,,,,,,f,,question,144,4,"",""
510,2018-03-16 02:51:33.034825,,,,,,f,,question,145,1,time,7
511,2018-03-16 02:51:33.174019,,,,,,f,,question,145,2,multi-confusing,No
512,2018-03-16 02:51:33.356716,,,,,,f,,question,145,3,"",""
513,2018-03-16 02:51:33.514354,,,,,,f,,question,145,4,"",""
514,2018-03-16 02:57:52.789245,,,,,,f,,question,146,1,time,7
515,2018-03-16 02:57:52.883813,,,,,,f,,question,146,2,multi-confusing,no
516,2018-03-16 02:57:53.017475,,,,,,f,,question,146,3,"",""
517,2018-03-16 02:57:53.125536,,,,,,f,,question,146,4,"",""
518,2018-03-16 03:10:41.541954,,,,,,f,,question,147,1,time,12
519,2018-03-16 03:10:41.591542,,,,,,f,,question,147,2,multi-confusing,No.
520,2018-03-16 03:10:41.670442,,,,,,f,,question,147,3,"",""
521,2018-03-16 03:10:41.95495,,,,,,f,,question,147,4,"",""
522,2018-03-16 03:26:52.933193,,,,,,f,,question,148,1,time,15
523,2018-03-16 03:26:53.152514,,,,,,f,,question,148,2,multi-confusing,no
524,2018-03-16 03:26:53.275815,,,,,,f,,question,148,3,"",""
548,2018-03-16 06:19:15.20285,,,,,,f,,question,154,3,"",""
553,2018-03-16 06:30:12.062802,,,,,,f,,question,156,4,"",""
592,2018-03-16 09:41:36.89251,,,,,,f,,question,167,3,"",""
593,2018-03-16 09:41:36.938067,,,,,,f,,question,167,4,"",""
525,2018-03-16 03:26:53.39521,,,,,,f,,question,148,4,"",""
529,2018-03-16 03:43:41.660367,,,,,,f,,question,149,4,"",""
541,2018-03-16 05:36:35.176964,,,,,,f,,question,152,4,"",""
546,2018-03-16 06:19:14.983497,,,,,,f,,question,154,1,time,12
549,2018-03-16 06:19:15.31941,,,,,,f,,question,154,4,"",""
564,2018-03-16 08:12:12.74153,,,,,,f,,question,160,3,"",""
574,2018-03-16 08:46:50.54086,,,,,,f,,question,163,1,time,7
575,2018-03-16 08:46:50.643626,,,,,,f,,question,163,2,multi-confusing,No
577,2018-03-16 08:46:50.835499,,,,,,f,,question,163,4,"",""
597,2018-03-16 10:18:04.640718,,,,,,f,,question,168,4,"",""
526,2018-03-16 03:43:41.551707,,,,,,f,,question,149,1,time,12
532,2018-03-16 04:28:06.621278,,,,,,f,,question,150,3,"",""
533,2018-03-16 04:28:07.334257,,,,,,f,,question,150,4,"",""
527,2018-03-16 03:43:41.584979,,,,,,f,,question,149,2,multi-confusing,""
530,2018-03-16 04:28:02.718915,,,,,,f,,question,150,1,time,7
537,2018-03-16 04:47:54.753247,,,,,,f,,question,151,4,"",""
547,2018-03-16 06:19:15.08657,,,,,,f,,question,154,2,multi-confusing,Not really.
552,2018-03-16 06:30:11.968195,,,,,,f,,question,156,3,"",""
555,2018-03-16 06:45:23.522641,,,,,,f,,question,157,2,multi-confusing,no
559,2018-03-16 06:56:11.518875,,,,,,f,,question,159,2,multi-confusing,No
562,2018-03-16 08:12:12.536263,,,,,,f,,question,160,1,time,10
567,2018-03-16 08:21:11.695306,,,,,,f,,question,161,2,multi-confusing,no
589,2018-03-16 09:30:52.686124,,,,,,f,,question,166,4,"",""
528,2018-03-16 03:43:41.619364,,,,,,f,,question,149,3,"",""
536,2018-03-16 04:47:54.48822,,,,,,f,,question,151,3,"",""
551,2018-03-16 06:30:11.885527,,,,,,f,,question,156,2,multi-confusing,I initially didn't realize I would only get one set of testflights but I figured that out quick. 
566,2018-03-16 08:21:11.628777,,,,,,f,,question,161,1,time,5
571,2018-03-16 08:30:09.026502,,,,,,f,,question,162,2,multi-confusing,None
587,2018-03-16 09:30:52.524109,,,,,,f,,question,166,2,multi-confusing,no
531,2018-03-16 04:28:05.960824,,,,,,f,,question,150,2,multi-confusing,No
554,2018-03-16 06:45:23.443795,,,,,,f,,question,157,1,time,7
558,2018-03-16 06:56:11.048461,,,,,,f,,question,159,1,time,12
586,2018-03-16 09:30:52.401855,,,,,,f,,question,166,1,time,7
591,2018-03-16 09:41:36.851122,,,,,,f,,question,167,2,multi-confusing,No.
596,2018-03-16 10:18:04.519474,,,,,,f,,question,168,3,"",""
534,2018-03-16 04:47:53.943951,,,,,,f,,question,151,1,time,12
535,2018-03-16 04:47:54.234739,,,,,,f,,question,151,2,multi-confusing,no
538,2018-03-16 05:36:34.997826,,,,,,f,,question,152,1,time,10
539,2018-03-16 05:36:35.050012,,,,,,f,,question,152,2,multi-confusing,Nothing!
540,2018-03-16 05:36:35.112452,,,,,,f,,question,152,3,"",""
542,2018-03-16 05:51:48.05143,,,,,,f,,question,153,1,time,5
543,2018-03-16 05:51:48.161065,,,,,,f,,question,153,2,multi-confusing,no
544,2018-03-16 05:51:48.254359,,,,,,f,,question,153,3,"",""
545,2018-03-16 05:51:48.33625,,,,,,f,,question,153,4,"",""
578,2018-03-16 09:06:13.364042,,,,,,f,,question,164,1,time,12
579,2018-03-16 09:06:13.456057,,,,,,f,,question,164,2,multi-confusing,No
550,2018-03-16 06:30:11.79194,,,,,,f,,question,156,1,time,10
556,2018-03-16 06:45:23.603342,,,,,,f,,question,157,3,"",""
557,2018-03-16 06:45:23.704767,,,,,,f,,question,157,4,"",""
560,2018-03-16 06:56:12.01539,,,,,,f,,question,159,3,"",""
561,2018-03-16 06:56:12.516627,,,,,,f,,question,159,4,"",""
563,2018-03-16 08:12:12.650852,,,,,,f,,question,160,2,multi-confusing,No. It was clear and very interesting! 
565,2018-03-16 08:12:12.823191,,,,,,f,,question,160,4,"",""
568,2018-03-16 08:21:11.817412,,,,,,f,,question,161,3,"",""
569,2018-03-16 08:21:11.919803,,,,,,f,,question,161,4,"",""
573,2018-03-16 08:30:09.269739,,,,,,f,,question,162,4,"",""
583,2018-03-16 09:19:58.204644,,,,,,f,,question,165,2,multi-confusing,no
588,2018-03-16 09:30:52.61418,,,,,,f,,question,166,3,"",""
594,2018-03-16 10:18:04.258384,,,,,,f,,question,168,1,time,0
570,2018-03-16 08:30:08.889136,,,,,,f,,question,162,1,time,5
580,2018-03-16 09:06:13.552769,,,,,,f,,question,164,3,"",""
585,2018-03-16 09:19:58.788807,,,,,,f,,question,165,4,"",""
595,2018-03-16 10:18:04.378372,,,,,,f,,question,168,2,multi-confusing,ALL OF IT WAS CONFUSING AND NONE OF IT MADE SENSE
572,2018-03-16 08:30:09.126192,,,,,,f,,question,162,3,"",""
576,2018-03-16 08:46:50.740205,,,,,,f,,question,163,3,"",""
581,2018-03-16 09:06:13.700971,,,,,,f,,question,164,4,"",""
582,2018-03-16 09:19:57.91445,,,,,,f,,question,165,1,time,5
584,2018-03-16 09:19:58.495791,,,,,,f,,question,165,3,"",""
590,2018-03-16 09:41:36.816019,,,,,,f,,question,167,1,time,10
598,2018-03-16 11:38:03.387978,,,,,,f,,question,169,1,time,10
599,2018-03-16 11:38:03.455146,,,,,,f,,question,169,2,multi-confusing,no
600,2018-03-16 11:38:03.533876,,,,,,f,,question,169,3,"",""
601,2018-03-16 11:38:03.616061,,,,,,f,,question,169,4,"",""
602,2018-03-16 12:06:07.393657,,,,,,f,,question,170,1,time,15
603,2018-03-16 12:06:07.437974,,,,,,f,,question,170,2,multi-confusing,no
604,2018-03-16 12:06:07.482939,,,,,,f,,question,170,3,"",""
605,2018-03-16 12:06:07.561541,,,,,,f,,question,170,4,"",""
606,2018-03-16 12:19:33.969795,,,,,,f,,question,171,1,time,10
607,2018-03-16 12:19:34.027601,,,,,,f,,question,171,2,multi-confusing,Yes. I was having trouble deselecting or changing parts.
608,2018-03-16 12:19:34.078406,,,,,,f,,question,171,3,"",""
609,2018-03-16 12:19:34.148325,,,,,,f,,question,171,4,"",""
610,2018-03-16 12:26:20.247311,,,,,,f,,question,172,1,time,10
611,2018-03-16 12:26:20.331348,,,,,,f,,question,172,2,multi-confusing,Could not really see any pattern to it
612,2018-03-16 12:26:20.414991,,,,,,f,,question,172,3,"",""
613,2018-03-16 12:26:20.49368,,,,,,f,,question,172,4,"",""
614,2018-03-16 12:39:20.327963,,,,,,f,,question,173,1,time,7
615,2018-03-16 12:39:20.423874,,,,,,f,,question,173,2,multi-confusing,""
616,2018-03-16 12:39:20.513495,,,,,,f,,question,173,3,"",""
617,2018-03-16 12:39:20.578565,,,,,,f,,question,173,4,"",""
618,2018-03-16 12:48:51.302944,,,,,,f,,question,174,1,time,5
619,2018-03-16 12:48:51.348958,,,,,,f,,question,174,2,multi-confusing,""
620,2018-03-16 12:48:51.422687,,,,,,f,,question,174,3,"",""
621,2018-03-16 12:48:51.467386,,,,,,f,,question,174,4,"",""
622,2018-03-16 13:24:51.004406,,,,,,f,,question,175,1,time,15
623,2018-03-16 13:24:51.072987,,,,,,f,,question,175,2,multi-confusing,were part failures completely random or was previous behavior meant to be predictive?
624,2018-03-16 13:24:51.1206,,,,,,f,,question,175,3,"",""
625,2018-03-16 13:24:51.21319,,,,,,f,,question,175,4,"",""
626,2018-03-16 14:36:50.035246,,,,,,f,,question,178,1,time,10
627,2018-03-16 14:36:50.187884,,,,,,f,,question,178,2,multi-confusing,No
628,2018-03-16 14:36:50.32417,,,,,,f,,question,178,3,"",""
629,2018-03-16 14:36:50.485664,,,,,,f,,question,178,4,"",""
630,2018-03-16 16:10:11.654472,,,,,,f,,question,179,1,time,10
631,2018-03-16 16:10:11.771942,,,,,,f,,question,179,2,multi-confusing,no
632,2018-03-16 16:10:12.16401,,,,,,f,,question,179,3,"",""
633,2018-03-16 16:10:12.547492,,,,,,f,,question,179,4,"",""
634,2018-03-16 16:30:25.692491,,,,,,f,,question,180,1,time,12
635,2018-03-16 16:30:25.908418,,,,,,f,,question,180,2,multi-confusing,None
636,2018-03-16 16:30:26.390702,,,,,,f,,question,180,3,"",""
637,2018-03-16 16:30:26.754261,,,,,,f,,question,180,4,"",""
638,2018-03-16 17:18:43.875109,,,,,,f,,question,181,1,time,0
639,2018-03-16 17:18:43.951373,,,,,,f,,question,181,2,multi-confusing,not really - hard to determine which parts would work better than the examples shown
640,2018-03-16 17:18:44.027813,,,,,,f,,question,181,3,"",""
641,2018-03-16 17:18:44.088841,,,,,,f,,question,181,4,"",""
642,2018-03-16 17:42:52.043359,,,,,,f,,question,182,1,time,12
643,2018-03-16 17:42:52.136733,,,,,,f,,question,182,2,multi-confusing,""
644,2018-03-16 17:42:52.217572,,,,,,f,,question,182,3,"",""
645,2018-03-16 17:42:52.312958,,,,,,f,,question,182,4,"",""
646,2018-03-16 17:55:14.828816,,,,,,f,,question,183,1,time,5
647,2018-03-16 17:55:14.919221,,,,,,f,,question,183,2,multi-confusing,"No, it made sense. Have a great day! :)"
648,2018-03-16 17:55:15.017455,,,,,,f,,question,183,3,"",""
649,2018-03-16 17:55:15.096701,,,,,,f,,question,183,4,"",""
650,2018-03-16 18:13:51.384213,,,,,,f,,question,184,1,time,10
651,2018-03-16 18:13:51.45296,,,,,,f,,question,184,2,multi-confusing,""
652,2018-03-16 18:13:51.534337,,,,,,f,,question,184,3,"",""
653,2018-03-16 18:13:51.60606,,,,,,f,,question,184,4,"",""
654,2018-03-16 18:26:49.834841,,,,,,f,,question,185,1,time,12
655,2018-03-16 18:26:49.990413,,,,,,f,,question,185,2,multi-confusing,Yes. I couldn't figure out what the puzzle was. I kept trying to figure out a pattern.
656,2018-03-16 18:26:50.149752,,,,,,f,,question,185,3,"",""
657,2018-03-16 18:26:50.29657,,,,,,f,,question,185,4,"",""
658,2018-03-16 18:41:15.537682,,,,,,f,,question,186,1,time,12
659,2018-03-16 18:41:15.652679,,,,,,f,,question,186,2,multi-confusing,I thought I would be able to exchange out parts between each flight.
660,2018-03-16 18:41:15.766747,,,,,,f,,question,186,3,"",""
661,2018-03-16 18:41:15.885497,,,,,,f,,question,186,4,"",""
662,2018-03-16 18:53:22.87174,,,,,,f,,question,187,1,time,10
663,2018-03-16 18:53:22.943429,,,,,,f,,question,187,2,multi-confusing,Nothing like that
664,2018-03-16 18:53:23.029291,,,,,,f,,question,187,3,"",""
665,2018-03-16 18:53:23.165151,,,,,,f,,question,187,4,"",""
666,2018-03-16 19:10:59.91681,,,,,,f,,question,188,1,time,10
667,2018-03-16 19:11:00.028131,,,,,,f,,question,188,2,multi-confusing,No.
668,2018-03-16 19:11:00.152645,,,,,,f,,question,188,3,"",""
669,2018-03-16 19:11:00.253469,,,,,,f,,question,188,4,"",""
670,2018-03-16 19:20:24.500821,,,,,,f,,question,189,1,time,7
671,2018-03-16 19:20:24.59232,,,,,,f,,question,189,2,multi-confusing,""
672,2018-03-16 19:20:24.709565,,,,,,f,,question,189,3,"",""
673,2018-03-16 19:20:24.796477,,,,,,f,,question,189,4,"",""
674,2018-03-16 19:28:48.210238,,,,,,f,,question,191,1,time,10
675,2018-03-16 19:28:48.379981,,,,,,f,,question,191,2,multi-confusing,no
676,2018-03-16 19:28:48.526278,,,,,,f,,question,191,3,"",""
677,2018-03-16 19:28:48.652311,,,,,,f,,question,191,4,"",""
678,2018-03-16 21:21:49.35754,,,,,,f,,question,195,1,time,10
679,2018-03-16 21:21:49.452555,,,,,,f,,question,195,2,multi-confusing,"Nope, everything was pretty straightforward."
680,2018-03-16 21:21:49.546773,,,,,,f,,question,195,3,"",""
681,2018-03-16 21:21:49.634572,,,,,,f,,question,195,4,"",""
682,2018-03-16 21:31:00.697567,,,,,,f,,question,196,1,time,12
683,2018-03-16 21:31:00.798286,,,,,,f,,question,196,2,multi-confusing,no
684,2018-03-16 21:31:00.899463,,,,,,f,,question,196,3,"",""
685,2018-03-16 21:31:01.031243,,,,,,f,,question,196,4,"",""
686,2018-03-16 21:45:27.323207,,,,,,f,,question,198,1,time,10
688,2018-03-16 21:45:27.519107,,,,,,f,,question,198,3,"",""
699,2018-03-16 23:46:09.315547,,,,,,f,,question,202,2,multi-confusing,No
687,2018-03-16 21:45:27.42468,,,,,,f,,question,198,2,multi-confusing,no
689,2018-03-16 21:45:27.609272,,,,,,f,,question,198,4,"",""
690,2018-03-16 22:35:57.398968,,,,,,f,,question,200,1,time,5
705,2018-03-17 00:04:24.154187,,,,,,f,,question,204,4,"",""
707,2018-03-17 00:17:12.278793,,,,,,f,,question,205,2,multi-confusing,"Nope, thank you!"
691,2018-03-16 22:35:57.516548,,,,,,f,,question,200,2,multi-confusing,no
694,2018-03-16 23:34:08.073186,,,,,,f,,question,201,1,time,12
697,2018-03-16 23:34:08.268703,,,,,,f,,question,201,4,"",""
704,2018-03-17 00:04:24.039846,,,,,,f,,question,204,3,"",""
692,2018-03-16 22:35:57.588751,,,,,,f,,question,200,3,"",""
693,2018-03-16 22:35:57.683136,,,,,,f,,question,200,4,"",""
702,2018-03-17 00:04:23.813528,,,,,,f,,question,204,1,time,12
695,2018-03-16 23:34:08.143014,,,,,,f,,question,201,2,multi-confusing,No
696,2018-03-16 23:34:08.203786,,,,,,f,,question,201,3,"",""
698,2018-03-16 23:46:09.203714,,,,,,f,,question,202,1,time,10
700,2018-03-16 23:46:09.424302,,,,,,f,,question,202,3,"",""
701,2018-03-16 23:46:09.542648,,,,,,f,,question,202,4,"",""
703,2018-03-17 00:04:23.930733,,,,,,f,,question,204,2,multi-confusing,"Its hard to know if how I was doing was good or bad relative to ""normal"" performance"
706,2018-03-17 00:17:12.169088,,,,,,f,,question,205,1,time,10
708,2018-03-17 00:17:12.393273,,,,,,f,,question,205,3,"",""
709,2018-03-17 00:17:12.523875,,,,,,f,,question,205,4,"",""
710,2018-03-17 01:10:31.538086,,,,,,f,,question,206,1,time,15
711,2018-03-17 01:10:31.649976,,,,,,f,,question,206,2,multi-confusing,No
712,2018-03-17 01:10:31.767579,,,,,,f,,question,206,3,"",""
713,2018-03-17 01:10:31.884203,,,,,,f,,question,206,4,"",""
714,2018-03-17 02:20:17.575225,,,,,,f,,question,207,1,time,10
715,2018-03-17 02:20:17.695865,,,,,,f,,question,207,2,multi-confusing,no
716,2018-03-17 02:20:17.7896,,,,,,f,,question,207,3,"",""
717,2018-03-17 02:20:18.123443,,,,,,f,,question,207,4,"",""
718,2018-03-17 03:54:36.544443,,,,,,f,,question,208,1,time,7
719,2018-03-17 03:54:36.899397,,,,,,f,,question,208,2,multi-confusing,"No, I followed the directions and built my ships to my specifications using previous builds as a guide."
720,2018-03-17 03:54:36.999012,,,,,,f,,question,208,3,"",""
721,2018-03-17 03:54:37.512627,,,,,,f,,question,208,4,"",""
722,2018-03-17 05:05:56.457369,,,,,,f,,question,209,1,time,7
723,2018-03-17 05:05:56.758607,,,,,,f,,question,209,2,multi-confusing,No
724,2018-03-17 05:05:56.81382,,,,,,f,,question,209,3,"",""
725,2018-03-17 05:05:56.87249,,,,,,f,,question,209,4,"",""
726,2018-03-17 08:00:08.363386,,,,,,f,,question,210,1,time,5
727,2018-03-17 08:00:08.430643,,,,,,f,,question,210,2,multi-confusing,no
728,2018-03-17 08:00:08.492679,,,,,,f,,question,210,3,"",""
729,2018-03-17 08:00:08.557709,,,,,,f,,question,210,4,"",""
730,2018-03-17 09:52:08.986432,,,,,,f,,question,211,1,time,12
731,2018-03-17 09:52:08.994457,,,,,,f,,question,211,1,time,12
732,2018-03-17 09:52:09.072075,,,,,,f,,question,211,2,multi-confusing,I could not figure out the cause and effect of the the good versus bad space ship parts
733,2018-03-17 09:52:09.076599,,,,,,f,,question,211,2,multi-confusing,I could not figure out the cause and effect of the the good versus bad space ship parts
734,2018-03-17 09:52:09.160615,,,,,,f,,question,211,3,"",""
735,2018-03-17 09:52:09.16598,,,,,,f,,question,211,3,"",""
736,2018-03-17 09:52:09.248188,,,,,,f,,question,211,4,"",""
737,2018-03-17 09:52:09.255801,,,,,,f,,question,211,4,"",""
738,2018-03-17 10:01:26.893256,,,,,,f,,question,213,1,time,12
739,2018-03-17 10:01:26.954069,,,,,,f,,question,213,2,multi-confusing,No
740,2018-03-17 10:01:27.020232,,,,,,f,,question,213,3,"",""
741,2018-03-17 10:01:27.102654,,,,,,f,,question,213,4,"",""
742,2018-03-17 11:41:06.012304,,,,,,f,,question,215,1,time,12
743,2018-03-17 11:41:06.536174,,,,,,f,,question,215,2,multi-confusing,""
744,2018-03-17 11:41:06.615586,,,,,,f,,question,215,3,"",""
745,2018-03-17 11:41:06.700093,,,,,,f,,question,215,4,"",""
746,2018-03-17 11:55:51.667611,,,,,,f,,question,216,1,time,12
747,2018-03-17 11:55:51.792473,,,,,,f,,question,216,2,multi-confusing,No
748,2018-03-17 11:55:51.876713,,,,,,f,,question,216,3,"",""
749,2018-03-17 11:55:51.990295,,,,,,f,,question,216,4,"",""
750,2018-03-17 12:01:38.405847,,,,,,f,,question,217,1,time,5
751,2018-03-17 12:01:38.466097,,,,,,f,,question,217,2,multi-confusing,No.
752,2018-03-17 12:01:38.533283,,,,,,f,,question,217,3,"",""
753,2018-03-17 12:01:38.596315,,,,,,f,,question,217,4,"",""
754,2018-03-17 12:10:42.479529,,,,,,f,,question,218,1,time,10
755,2018-03-17 12:10:42.55612,,,,,,f,,question,218,2,multi-confusing,no
756,2018-03-17 12:10:42.629964,,,,,,f,,question,218,3,"",""
757,2018-03-17 12:10:42.688726,,,,,,f,,question,218,4,"",""
758,2018-03-17 12:41:07.308629,,,,,,f,,question,219,1,time,10
759,2018-03-17 12:41:07.366331,,,,,,f,,question,219,2,multi-confusing,""
760,2018-03-17 12:41:07.420471,,,,,,f,,question,219,3,"",""
761,2018-03-17 12:41:07.506533,,,,,,f,,question,219,4,"",""
762,2018-03-17 13:28:46.636215,,,,,,f,,question,220,1,time,12
763,2018-03-17 13:28:46.907528,,,,,,f,,question,220,2,multi-confusing,Nothing confusing.
764,2018-03-17 13:28:47.062266,,,,,,f,,question,220,3,"",""
765,2018-03-17 13:28:47.202894,,,,,,f,,question,220,4,"",""
766,2018-03-17 13:38:12.129151,,,,,,f,,question,221,1,time,10
767,2018-03-17 13:38:12.206248,,,,,,f,,question,221,2,multi-confusing,no
768,2018-03-17 13:38:12.303388,,,,,,f,,question,221,3,"",""
769,2018-03-17 13:38:12.37851,,,,,,f,,question,221,4,"",""
770,2018-03-17 14:01:51.051856,,,,,,f,,question,222,1,time,12
771,2018-03-17 14:01:51.100623,,,,,,f,,question,222,2,multi-confusing,I thought I could replace parts when they fail to improve next flight.
772,2018-03-17 14:01:51.148797,,,,,,f,,question,222,3,"",""
773,2018-03-17 14:01:51.210817,,,,,,f,,question,222,4,"",""
774,2018-03-17 14:12:30.995823,,,,,,f,,question,224,1,time,15
775,2018-03-17 14:12:31.091107,,,,,,f,,question,224,2,multi-confusing,""
776,2018-03-17 14:12:31.190118,,,,,,f,,question,224,3,"",""
777,2018-03-17 14:12:31.305717,,,,,,f,,question,224,4,"",""
778,2018-03-17 14:37:08.284424,,,,,,f,,question,225,1,time,15
779,2018-03-17 14:37:08.402087,,,,,,f,,question,225,2,multi-confusing,no
780,2018-03-17 14:37:08.521495,,,,,,f,,question,225,3,"",""
781,2018-03-17 14:37:08.639745,,,,,,f,,question,225,4,"",""
782,2018-03-17 14:46:32.844825,,,,,,f,,question,226,1,time,5
783,2018-03-17 14:46:32.933232,,,,,,f,,question,226,2,multi-confusing,no
784,2018-03-17 14:46:33.007793,,,,,,f,,question,226,3,"",""
785,2018-03-17 14:46:33.122822,,,,,,f,,question,226,4,"",""
786,2018-03-17 15:02:15.169013,,,,,,f,,question,227,1,time,12
787,2018-03-17 15:02:15.240617,,,,,,f,,question,227,2,multi-confusing,"No, I think I understood everything."
788,2018-03-17 15:02:15.349861,,,,,,f,,question,227,3,"",""
789,2018-03-17 15:02:15.468695,,,,,,f,,question,227,4,"",""
790,2018-03-17 15:17:21.775112,,,,,,f,,question,228,1,time,12
791,2018-03-17 15:17:21.961617,,,,,,f,,question,228,2,multi-confusing,I thought after each flight you could change your parts. It wouldn't let me change anything so I had to use the same parts for each flight.
792,2018-03-17 15:17:22.055095,,,,,,f,,question,228,3,"",""
793,2018-03-17 15:17:22.149947,,,,,,f,,question,228,4,"",""
794,2018-03-17 16:02:09.589095,,,,,,f,,question,229,1,time,10
795,2018-03-17 16:02:09.709319,,,,,,f,,question,229,2,multi-confusing,no
796,2018-03-17 16:02:09.796106,,,,,,f,,question,229,3,"",""
797,2018-03-17 16:02:09.863899,,,,,,f,,question,229,4,"",""
798,2018-03-17 16:20:29.092479,,,,,,f,,question,230,1,time,12
800,2018-03-17 16:20:29.214588,,,,,,f,,question,230,3,"",""
809,2018-03-17 17:03:53.567545,,,,,,f,,question,232,4,"",""
799,2018-03-17 16:20:29.154378,,,,,,f,,question,230,2,multi-confusing,"There seemed to be no information to go on besides the previous flights, and randomness, but I'll assume that's by design."
801,2018-03-17 16:20:29.272745,,,,,,f,,question,230,4,"",""
802,2018-03-17 16:55:34.40833,,,,,,f,,question,231,1,time,7
804,2018-03-17 16:55:34.551905,,,,,,f,,question,231,3,"",""
805,2018-03-17 16:55:34.621791,,,,,,f,,question,231,4,"",""
806,2018-03-17 17:03:53.223052,,,,,,f,,question,232,1,time,5
808,2018-03-17 17:03:53.457618,,,,,,f,,question,232,3,"",""
811,2018-03-17 17:22:21.9932,,,,,,f,,question,233,2,multi-confusing,no
803,2018-03-17 16:55:34.490214,,,,,,f,,question,231,2,multi-confusing,"Nothing about this experiment was coherent or seemed to have any basis in fact, any discernible statistical distribution, or any other quantitative measure. "
807,2018-03-17 17:03:53.341364,,,,,,f,,question,232,2,multi-confusing,No
812,2018-03-17 17:22:22.049376,,,,,,f,,question,233,3,"",""
810,2018-03-17 17:22:21.903362,,,,,,f,,question,233,1,time,7
813,2018-03-17 17:22:22.151676,,,,,,f,,question,233,4,"",""
