id,creation_time,property1,property2,property3,property4,property5,failed,time_of_death,type,participant_id,number,question,response
1,2018-01-29 00:59:30.838026,,,,,,f,,question,1,1,time,12
2,2018-01-29 00:59:31.001776,,,,,,f,,question,1,2,multi-confusing,no
3,2018-01-29 00:59:31.105895,,,,,,f,,question,1,3,"",""
4,2018-01-29 00:59:31.203915,,,,,,f,,question,1,4,"",""
5,2018-01-29 01:04:02.065988,,,,,,f,,question,2,1,time,5
6,2018-01-29 01:04:02.146349,,,,,,f,,question,2,2,multi-confusing,no
7,2018-01-29 01:04:02.276665,,,,,,f,,question,2,3,"",""
8,2018-01-29 01:04:02.34523,,,,,,f,,question,2,4,"",""
9,2018-01-29 01:09:50.087382,,,,,,f,,question,3,1,time,5
10,2018-01-29 01:09:50.22143,,,,,,f,,question,3,2,multi-confusing,I could not figure out a pattern or probability for how to choose parts.
11,2018-01-29 01:09:50.356474,,,,,,f,,question,3,3,"",""
12,2018-01-29 01:09:50.492705,,,,,,f,,question,3,4,"",""
13,2018-01-29 01:28:39.543404,,,,,,f,,question,4,1,time,12
14,2018-01-29 01:28:39.685474,,,,,,f,,question,4,2,multi-confusing,Not really
15,2018-01-29 01:28:39.762304,,,,,,f,,question,4,3,"",""
16,2018-01-29 01:28:39.845923,,,,,,f,,question,4,4,"",""
17,2018-01-29 01:36:33.199551,,,,,,f,,question,5,1,time,5
18,2018-01-29 01:36:33.310933,,,,,,f,,question,5,2,multi-confusing,I couldn't change any parts between flights.  I thought in the directions it said we could. 
19,2018-01-29 01:36:33.429223,,,,,,f,,question,5,3,"",""
20,2018-01-29 01:36:33.536854,,,,,,f,,question,5,4,"",""
21,2018-01-29 02:16:29.431049,,,,,,f,,question,6,1,time,12
22,2018-01-29 02:16:29.555443,,,,,,f,,question,6,2,multi-confusing,No
23,2018-01-29 02:16:29.63313,,,,,,f,,question,6,3,"",""
24,2018-01-29 02:16:29.689166,,,,,,f,,question,6,4,"",""
25,2018-01-29 02:55:34.972671,,,,,,f,,question,7,1,time,7
26,2018-01-29 02:55:35.180229,,,,,,f,,question,7,2,multi-confusing,Nope
27,2018-01-29 02:55:35.346502,,,,,,f,,question,7,3,"",""
28,2018-01-29 02:55:35.491107,,,,,,f,,question,7,4,"",""
29,2018-01-29 04:09:49.418064,,,,,,f,,question,8,1,time,12
30,2018-01-29 04:09:49.562762,,,,,,f,,question,8,2,multi-confusing,What the point of knowing what failed in the past if failures are completely random.
31,2018-01-29 04:09:49.670196,,,,,,f,,question,8,3,"",""
32,2018-01-29 04:09:49.774851,,,,,,f,,question,8,4,"",""
33,2018-01-29 04:27:03.108162,,,,,,f,,question,9,1,time,7
34,2018-01-29 04:27:03.19054,,,,,,f,,question,9,2,multi-confusing,Why do ALL of the parts fail at one point or another??
35,2018-01-29 04:27:03.263431,,,,,,f,,question,9,3,"",""
36,2018-01-29 04:27:03.360893,,,,,,f,,question,9,4,"",""
37,2018-01-29 06:00:19.818578,,,,,,f,,question,10,1,time,7
38,2018-01-29 06:00:19.895543,,,,,,f,,question,10,2,multi-confusing,N/A
39,2018-01-29 06:00:19.97003,,,,,,f,,question,10,3,"",""
40,2018-01-29 06:00:20.056795,,,,,,f,,question,10,4,"",""
41,2018-01-29 07:05:37.44409,,,,,,f,,question,11,1,time,5
42,2018-01-29 07:05:37.558397,,,,,,f,,question,11,2,multi-confusing,no
43,2018-01-29 07:05:37.680901,,,,,,f,,question,11,3,"",""
44,2018-01-29 07:05:37.806578,,,,,,f,,question,11,4,"",""
45,2018-01-29 10:51:29.502124,,,,,,f,,question,12,1,time,5
46,2018-01-29 10:51:29.568825,,,,,,f,,question,12,2,multi-confusing,""
47,2018-01-29 10:51:29.633668,,,,,,f,,question,12,3,"",""
48,2018-01-29 10:51:29.700347,,,,,,f,,question,12,4,"",""
49,2018-01-29 13:02:12.98869,,,,,,f,,question,13,1,time,7
50,2018-01-29 13:02:13.094548,,,,,,f,,question,13,2,multi-confusing,I didn't know how many to use - all none could I use the ones that previous people didn't use?  It was fun to think about. 
51,2018-01-29 13:02:13.193213,,,,,,f,,question,13,3,"",""
52,2018-01-29 13:02:13.297194,,,,,,f,,question,13,4,"",""
53,2018-01-29 14:37:23.088649,,,,,,f,,question,14,1,time,10
54,2018-01-29 14:37:23.149807,,,,,,f,,question,14,2,multi-confusing,no
55,2018-01-29 14:37:23.207357,,,,,,f,,question,14,3,"",""
56,2018-01-29 14:37:23.272278,,,,,,f,,question,14,4,"",""
57,2018-01-29 14:51:59.472503,,,,,,f,,question,16,1,time,7
58,2018-01-29 14:51:59.585695,,,,,,f,,question,16,2,multi-confusing,Yes i found it kind of hard to understand what you guys wanted 
59,2018-01-29 14:51:59.688442,,,,,,f,,question,16,3,"",""
60,2018-01-29 14:51:59.799412,,,,,,f,,question,16,4,"",""
61,2018-01-29 14:57:15.328252,,,,,,f,,question,18,1,time,5
62,2018-01-29 14:57:15.391702,,,,,,f,,question,18,2,multi-confusing,No
63,2018-01-29 14:57:15.500799,,,,,,f,,question,18,3,"",""
64,2018-01-29 14:57:15.61351,,,,,,f,,question,18,4,"",""
65,2018-01-29 15:07:19.517959,,,,,,f,,question,19,1,time,7
66,2018-01-29 15:07:19.560596,,,,,,f,,question,19,2,multi-confusing,adding and removing parts of the spaceship
67,2018-01-29 15:07:19.604392,,,,,,f,,question,19,3,"",""
68,2018-01-29 15:07:19.649422,,,,,,f,,question,19,4,"",""
69,2018-01-29 15:23:16.449587,,,,,,f,,question,20,1,time,12
70,2018-01-29 15:23:16.542362,,,,,,f,,question,20,2,multi-confusing,No
71,2018-01-29 15:23:16.626524,,,,,,f,,question,20,3,"",""
72,2018-01-29 15:23:16.715734,,,,,,f,,question,20,4,"",""
73,2018-01-29 15:52:15.585665,,,,,,f,,question,21,1,time,12
74,2018-01-29 15:52:15.672564,,,,,,f,,question,21,2,multi-confusing,"It was hard to know what would work and what wouldn't, even with previous spaceships."
75,2018-01-29 15:52:15.75716,,,,,,f,,question,21,3,"",""
76,2018-01-29 15:52:15.841479,,,,,,f,,question,21,4,"",""
77,2018-01-29 16:29:16.169251,,,,,,f,,question,22,1,time,12
78,2018-01-29 16:29:16.327123,,,,,,f,,question,22,2,multi-confusing,everything was clear
79,2018-01-29 16:29:16.466617,,,,,,f,,question,22,3,"",""
80,2018-01-29 16:29:16.601827,,,,,,f,,question,22,4,"",""
81,2018-01-29 16:49:26.008463,,,,,,f,,question,23,1,time,12
82,2018-01-29 16:49:26.076066,,,,,,f,,question,23,2,multi-confusing,""
83,2018-01-29 16:49:26.134185,,,,,,f,,question,23,3,"",""
84,2018-01-29 16:49:26.202759,,,,,,f,,question,23,4,"",""
85,2018-01-29 16:58:08.00683,,,,,,f,,question,24,1,time,7
86,2018-01-29 16:58:08.075457,,,,,,f,,question,24,2,multi-confusing,No
87,2018-01-29 16:58:08.146161,,,,,,f,,question,24,3,"",""
88,2018-01-29 16:58:08.217578,,,,,,f,,question,24,4,"",""
89,2018-01-29 17:10:26.050623,,,,,,f,,question,25,1,time,12
90,2018-01-29 17:10:26.166283,,,,,,f,,question,25,2,multi-confusing,no
91,2018-01-29 17:10:26.258456,,,,,,f,,question,25,3,"",""
92,2018-01-29 17:10:26.350527,,,,,,f,,question,25,4,"",""
94,2018-01-29 17:25:31.170867,,,,,,f,,question,26,2,multi-confusing,Nothing
93,2018-01-29 17:25:31.089179,,,,,,f,,question,26,1,time,10
95,2018-01-29 17:25:31.252315,,,,,,f,,question,26,3,"",""
97,2018-01-29 19:32:23.382044,,,,,,f,,question,27,1,time,5
98,2018-01-29 19:32:23.441014,,,,,,f,,question,27,2,multi-confusing,No.
103,2018-01-29 22:33:10.814282,,,,,,f,,question,28,3,"",""
96,2018-01-29 17:25:31.334358,,,,,,f,,question,26,4,"",""
99,2018-01-29 19:32:23.495372,,,,,,f,,question,27,3,"",""
105,2018-01-29 22:38:41.116785,,,,,,f,,question,29,1,time,7
108,2018-01-29 22:38:41.541587,,,,,,f,,question,29,4,"",""
100,2018-01-29 19:32:23.550562,,,,,,f,,question,27,4,"",""
101,2018-01-29 22:33:10.502547,,,,,,f,,question,28,1,time,15
102,2018-01-29 22:33:10.654906,,,,,,f,,question,28,2,multi-confusing,No. Thank you.
104,2018-01-29 22:33:10.976966,,,,,,f,,question,28,4,"",""
106,2018-01-29 22:38:41.235837,,,,,,f,,question,29,2,multi-confusing,no
107,2018-01-29 22:38:41.423473,,,,,,f,,question,29,3,"",""
109,2018-01-29 23:03:07.53943,,,,,,f,,question,30,1,time,12
110,2018-01-29 23:03:07.630379,,,,,,f,,question,30,2,multi-confusing,"No, but the results seemed pretty random."
111,2018-01-29 23:03:07.709792,,,,,,f,,question,30,3,"",""
112,2018-01-29 23:03:07.794523,,,,,,f,,question,30,4,"",""
113,2018-01-30 00:30:46.972816,,,,,,f,,question,32,1,time,7
114,2018-01-30 00:30:47.074659,,,,,,f,,question,32,2,multi-confusing,no
115,2018-01-30 00:30:47.172234,,,,,,f,,question,32,3,"",""
116,2018-01-30 00:30:47.258389,,,,,,f,,question,32,4,"",""
117,2018-01-30 00:40:52.453798,,,,,,f,,question,33,1,time,10
118,2018-01-30 00:40:52.593861,,,,,,f,,question,33,2,multi-confusing,no
119,2018-01-30 00:40:52.951991,,,,,,f,,question,33,3,"",""
120,2018-01-30 00:40:53.16574,,,,,,f,,question,33,4,"",""
121,2018-01-30 00:56:35.723757,,,,,,f,,question,34,1,time,15
122,2018-01-30 00:56:35.818223,,,,,,f,,question,34,2,multi-confusing,no
123,2018-01-30 00:56:35.918982,,,,,,f,,question,34,3,"",""
124,2018-01-30 00:56:36.032894,,,,,,f,,question,34,4,"",""
125,2018-01-30 01:50:21.702606,,,,,,f,,question,36,1,time,10
126,2018-01-30 01:50:21.822273,,,,,,f,,question,36,2,multi-confusing,""
127,2018-01-30 01:50:21.939798,,,,,,f,,question,36,3,"",""
128,2018-01-30 01:50:22.049412,,,,,,f,,question,36,4,"",""
129,2018-01-30 02:36:42.001308,,,,,,f,,question,38,1,time,12
130,2018-01-30 02:36:42.071219,,,,,,f,,question,38,2,multi-confusing,no
131,2018-01-30 02:36:42.148477,,,,,,f,,question,38,3,"",""
132,2018-01-30 02:36:42.211415,,,,,,f,,question,38,4,"",""
133,2018-01-30 03:12:14.600137,,,,,,f,,question,39,1,time,7
134,2018-01-30 03:12:14.704217,,,,,,f,,question,39,2,multi-confusing,"It actually made no sense to me whatsoever, sorry"
135,2018-01-30 03:12:14.820125,,,,,,f,,question,39,3,"",""
136,2018-01-30 03:12:14.911973,,,,,,f,,question,39,4,"",""
137,2018-01-30 04:23:41.80665,,,,,,f,,question,40,1,time,15
138,2018-01-30 04:23:41.969224,,,,,,f,,question,40,2,multi-confusing,"No but for three of my trials, the previous participant's icons were not present so I had nothing to base my parts on so I practically had to randomly choose some parts and roll the dice"
139,2018-01-30 04:23:42.10584,,,,,,f,,question,40,3,"",""
140,2018-01-30 04:23:42.229419,,,,,,f,,question,40,4,"",""
141,2018-01-30 04:47:44.471696,,,,,,f,,question,42,1,time,15
142,2018-01-30 04:47:44.5417,,,,,,f,,question,42,2,multi-confusing,No
143,2018-01-30 04:47:44.613238,,,,,,f,,question,42,3,"",""
144,2018-01-30 04:47:44.681803,,,,,,f,,question,42,4,"",""
145,2018-01-30 05:08:13.216611,,,,,,f,,question,43,1,time,15
146,2018-01-30 05:08:13.443674,,,,,,f,,question,43,2,multi-confusing,no this was pretty simple
147,2018-01-30 05:08:13.683774,,,,,,f,,question,43,3,"",""
148,2018-01-30 05:08:13.922332,,,,,,f,,question,43,4,"",""
149,2018-01-30 05:36:38.160865,,,,,,f,,question,44,1,time,10
150,2018-01-30 05:36:38.254008,,,,,,f,,question,44,2,multi-confusing,At first.  Read instructions twice. 
151,2018-01-30 05:36:38.377885,,,,,,f,,question,44,3,"",""
152,2018-01-30 05:36:38.492032,,,,,,f,,question,44,4,"",""
153,2018-01-30 05:44:19.732455,,,,,,f,,question,45,1,time,5
154,2018-01-30 05:44:19.84961,,,,,,f,,question,45,2,multi-confusing,""
155,2018-01-30 05:44:19.96626,,,,,,f,,question,45,3,"",""
156,2018-01-30 05:44:20.08583,,,,,,f,,question,45,4,"",""
157,2018-01-30 06:14:13.708291,,,,,,f,,question,46,1,time,12
158,2018-01-30 06:14:13.820345,,,,,,f,,question,46,2,multi-confusing,No
159,2018-01-30 06:14:13.93315,,,,,,f,,question,46,3,"",""
160,2018-01-30 06:14:14.041779,,,,,,f,,question,46,4,"",""
161,2018-01-30 06:51:14.701638,,,,,,f,,question,47,1,time,10
162,2018-01-30 06:51:14.793898,,,,,,f,,question,47,2,multi-confusing,No
163,2018-01-30 06:51:14.886004,,,,,,f,,question,47,3,"",""
164,2018-01-30 06:51:14.977079,,,,,,f,,question,47,4,"",""
165,2018-01-30 07:33:28.870837,,,,,,f,,question,48,1,time,7
166,2018-01-30 07:33:28.992906,,,,,,f,,question,48,2,multi-confusing,no
167,2018-01-30 07:33:29.108151,,,,,,f,,question,48,3,"",""
168,2018-01-30 07:33:29.25417,,,,,,f,,question,48,4,"",""
169,2018-01-30 07:58:43.767273,,,,,,f,,question,49,1,time,7
170,2018-01-30 07:58:43.890454,,,,,,f,,question,49,2,multi-confusing,No
171,2018-01-30 07:58:44.004495,,,,,,f,,question,49,3,"",""
172,2018-01-30 07:58:44.112413,,,,,,f,,question,49,4,"",""
173,2018-01-30 11:17:30.215327,,,,,,f,,question,51,1,time,10
174,2018-01-30 11:17:30.282619,,,,,,f,,question,51,2,multi-confusing,not really.
175,2018-01-30 11:17:30.362667,,,,,,f,,question,51,3,"",""
176,2018-01-30 11:17:30.424574,,,,,,f,,question,51,4,"",""
177,2018-01-30 12:30:37.79341,,,,,,f,,question,52,1,time,5
178,2018-01-30 12:30:37.892336,,,,,,f,,question,52,2,multi-confusing,Nothing at all.
179,2018-01-30 12:30:37.982915,,,,,,f,,question,52,3,"",""
180,2018-01-30 12:30:38.073768,,,,,,f,,question,52,4,"",""
181,2018-01-30 13:17:58.240151,,,,,,f,,question,53,1,"","0 minutes, 23 seconds"
182,2018-01-30 13:17:58.316425,,,,,,f,,question,53,2,time,5
183,2018-01-30 13:17:58.394772,,,,,,f,,question,53,3,multi-confusing,The icons did not go into the rockets
184,2018-01-30 13:17:58.470143,,,,,,f,,question,53,4,"",""
185,2018-01-30 13:17:58.543536,,,,,,f,,question,53,5,"",""
186,2018-01-30 13:28:46.807563,,,,,,f,,question,55,1,time,12
187,2018-01-30 13:28:46.894411,,,,,,f,,question,55,2,multi-confusing,no
188,2018-01-30 13:28:47.224841,,,,,,f,,question,55,3,"",""
189,2018-01-30 13:28:47.31985,,,,,,f,,question,55,4,"",""
190,2018-01-30 13:45:25.73475,,,,,,f,,question,56,1,time,10
191,2018-01-30 13:45:26.091439,,,,,,f,,question,56,2,multi-confusing,""
192,2018-01-30 13:45:26.352692,,,,,,f,,question,56,3,"",""
193,2018-01-30 13:45:26.667485,,,,,,f,,question,56,4,"",""
194,2018-01-30 14:01:32.027256,,,,,,f,,question,57,1,time,10
195,2018-01-30 14:01:32.219338,,,,,,f,,question,57,2,multi-confusing,"The only thing that was a bit confusing at first was on the first test, I didn't realize immediately that I couldn't change the parts on each of the 4 trials.  I thought the game was locking up until I realized it was designed that way."
196,2018-01-30 14:01:32.376792,,,,,,f,,question,57,3,"",""
197,2018-01-30 14:01:32.539367,,,,,,f,,question,57,4,"",""
198,2018-01-30 14:38:12.060683,,,,,,f,,question,59,1,time,10
199,2018-01-30 14:38:12.20787,,,,,,f,,question,59,2,multi-confusing,no
200,2018-01-30 14:38:12.345562,,,,,,f,,question,59,3,"",""
201,2018-01-30 14:38:12.482453,,,,,,f,,question,59,4,"",""
