,Up to Last Evidence,Total Evidence,Last Evidence,Posterior,Popularity,Class,Shift,Net,Game Net,Game,Nonsocial Probability Matching,Nonsocial Bayesian Probability Matching,Nonsocial Utility Maximizing,Naive Copying,Social Sampling (Probability Matching),Social Sampling (Bayesian)
0,0.75,0.875,1.0,0.9865125240847785,1.0,uthug,2,3,5aa2346f-cef8-9bbc-5eb9-ba97f76b76ed-data/data/-3,5aa2346f-cef8-9bbc-5eb9-ba97f76b76ed-data/data/,1.0,0.9411764705882353,1,0.8,1.0,0.9524319500223115
1,0.25,0.375,0.5,0.32769310772430915,0.2,arpoep,2,3,5aa2346f-cef8-9bbc-5eb9-ba97f76b76ed-data/data/-3,5aa2346f-cef8-9bbc-5eb9-ba97f76b76ed-data/data/,0.5,0.5663716814159293,1,0.15,0.4348611111111111,0.5012544870111191
2,0.5,0.625,0.75,0.856545378502719,0.9,azzitha,2,3,5aa2346f-cef8-9bbc-5eb9-ba97f76b76ed-data/data/-3,5aa2346f-cef8-9bbc-5eb9-ba97f76b76ed-data/data/,0.75,0.8205128205128205,1,0.5,0.75,0.8205128205128205
3,0.75,0.75,0.75,0.9543336439888164,0.85,thuevil,2,3,5aa2346f-cef8-9bbc-5eb9-ba97f76b76ed-data/data/-3,5aa2346f-cef8-9bbc-5eb9-ba97f76b76ed-data/data/,0.75,0.8205128205128205,1,1.0,0.8138500635324015,0.869487750556793
4,0.25,0.5,0.75,0.630444820686471,0.8,noviid,2,3,5aa2346f-cef8-9bbc-5eb9-ba97f76b76ed-data/data/-3,5aa2346f-cef8-9bbc-5eb9-ba97f76b76ed-data/data/,0.75,0.8205128205128205,1,0.05,0.6814461118690314,0.7652423698384201
5,0.75,0.625,0.5,0.856545378502719,0.5,paked,2,3,5aa2346f-cef8-9bbc-5eb9-ba97f76b76ed-data/data/-3,5aa2346f-cef8-9bbc-5eb9-ba97f76b76ed-data/data/,0.5,0.5663716814159293,1,0.8,0.5558333333333334,0.6204200276142724
6,0.25,0.5,0.75,0.630444820686471,0.85,cewab,2,3,5aa2346f-cef8-9bbc-5eb9-ba97f76b76ed-data/data/-3,5aa2346f-cef8-9bbc-5eb9-ba97f76b76ed-data/data/,0.75,0.8205128205128205,1,0.1,0.6896758703481393,0.7720314960629922
7,0.75,0.625,0.5,0.856545378502719,0.5,edarti,2,3,5aa2346f-cef8-9bbc-5eb9-ba97f76b76ed-data/data/-3,5aa2346f-cef8-9bbc-5eb9-ba97f76b76ed-data/data/,0.5,0.5663716814159293,1,0.8,0.5558333333333334,0.6204200276142724
8,0.875,0.8333333333333334,0.75,0.9970181950952355,0.85,uthug,3,3,5aa2346f-cef8-9bbc-5eb9-ba97f76b76ed-data/data/-3,5aa2346f-cef8-9bbc-5eb9-ba97f76b76ed-data/data/,0.75,0.8205128205128205,1,1.0,0.8138500635324015,0.869487750556793
9,0.375,0.25,0.0,0.049401990668765286,0.0,arpoep,3,3,5aa2346f-cef8-9bbc-5eb9-ba97f76b76ed-data/data/-3,5aa2346f-cef8-9bbc-5eb9-ba97f76b76ed-data/data/,0.0,0.09634926608957475,0,0.2,0.0,0.07851247040275273
10,0.625,0.6666666666666666,0.75,0.9646584335487288,0.75,azzitha,3,3,5aa2346f-cef8-9bbc-5eb9-ba97f76b76ed-data/data/-3,5aa2346f-cef8-9bbc-5eb9-ba97f76b76ed-data/data/,0.75,0.8205128205128205,1,0.9,0.8019648397104447,0.8605461638491548
11,0.75,0.6666666666666666,0.5,0.9646584335487288,0.3,thuevil,3,3,5aa2346f-cef8-9bbc-5eb9-ba97f76b76ed-data/data/-3,5aa2346f-cef8-9bbc-5eb9-ba97f76b76ed-data/data/,0.5,0.5663716814159293,1,0.85,0.5651388888888889,0.6292749525777183
12,0.5,0.6666666666666666,1.0,0.9646584335487288,1.0,noviid,3,3,5aa2346f-cef8-9bbc-5eb9-ba97f76b76ed-data/data/-3,5aa2346f-cef8-9bbc-5eb9-ba97f76b76ed-data/data/,1.0,0.9411764705882353,1,0.8,1.0,0.9524319500223115
13,0.625,0.75,1.0,0.9896409048352512,0.9,paked,3,3,5aa2346f-cef8-9bbc-5eb9-ba97f76b76ed-data/data/-3,5aa2346f-cef8-9bbc-5eb9-ba97f76b76ed-data/data/,1.0,0.9411764705882353,1,0.5,1.0,0.9411764705882353
14,0.5,0.5833333333333334,0.75,0.8863462695852695,0.7,cewab,3,3,5aa2346f-cef8-9bbc-5eb9-ba97f76b76ed-data/data/-3,5aa2346f-cef8-9bbc-5eb9-ba97f76b76ed-data/data/,0.75,0.8205128205128205,1,0.85,0.7958664754205241,0.8559276910435497
15,0.625,0.6666666666666666,0.75,0.9646584335487288,0.85,edarti,3,3,5aa2346f-cef8-9bbc-5eb9-ba97f76b76ed-data/data/-3,5aa2346f-cef8-9bbc-5eb9-ba97f76b76ed-data/data/,0.75,0.8205128205128205,1,0.5,0.75,0.8205128205128205
16,0.8333333333333334,0.6875,0.25,0.9920495146783823,0.05,uthug,4,3,5aa2346f-cef8-9bbc-5eb9-ba97f76b76ed-data/data/-3,5aa2346f-cef8-9bbc-5eb9-ba97f76b76ed-data/data/,0.25,0.27176220806794066,0,0.85,0.30225820829000144,0.32658855693472083
17,0.25,0.3125,0.5,0.06356377042650506,0.15,arpoep,4,3,5aa2346f-cef8-9bbc-5eb9-ba97f76b76ed-data/data/-3,5aa2346f-cef8-9bbc-5eb9-ba97f76b76ed-data/data/,0.5,0.5663716814159293,1,0.0,0.40694444444444444,0.47264020163831133
18,0.6666666666666666,0.625,0.5,0.9727156116961383,0.3,azzitha,4,3,5aa2346f-cef8-9bbc-5eb9-ba97f76b76ed-data/data/-3,5aa2346f-cef8-9bbc-5eb9-ba97f76b76ed-data/data/,0.5,0.5663716814159293,1,0.75,0.5465277777777777,0.6115218842955139
19,0.6666666666666666,0.5625,0.25,0.9106025292030064,0.15,thuevil,4,3,5aa2346f-cef8-9bbc-5eb9-ba97f76b76ed-data/data/-3,5aa2346f-cef8-9bbc-5eb9-ba97f76b76ed-data/data/,0.25,0.27176220806794066,0,0.3,0.22308516336368506,0.24326439351593077
20,0.6666666666666666,0.625,0.5,0.9727156116961383,0.65,noviid,4,3,5aa2346f-cef8-9bbc-5eb9-ba97f76b76ed-data/data/-3,5aa2346f-cef8-9bbc-5eb9-ba97f76b76ed-data/data/,0.5,0.5663716814159293,1,1.0,0.5930555555555556,0.655583543240974
21,0.75,0.6875,0.5,0.9920495146783823,0.4,paked,4,3,5aa2346f-cef8-9bbc-5eb9-ba97f76b76ed-data/data/-3,5aa2346f-cef8-9bbc-5eb9-ba97f76b76ed-data/data/,0.5,0.5663716814159293,1,0.9,0.5744444444444444,0.6380869732909074
22,0.5833333333333334,0.625,0.75,0.9727156116961383,0.8,cewab,4,3,5aa2346f-cef8-9bbc-5eb9-ba97f76b76ed-data/data/-3,5aa2346f-cef8-9bbc-5eb9-ba97f76b76ed-data/data/,0.75,0.8205128205128205,1,0.7,0.776914836636315,0.8414411964649898
23,0.6666666666666666,0.75,1.0,0.9977154590442986,0.95,edarti,4,3,5aa2346f-cef8-9bbc-5eb9-ba97f76b76ed-data/data/-3,5aa2346f-cef8-9bbc-5eb9-ba97f76b76ed-data/data/,1.0,0.9411764705882353,1,0.85,1.0,0.9541144573899026
24,0.6875,0.75,1.0,0.9994993631304467,0.9,uthug,5,3,5aa2346f-cef8-9bbc-5eb9-ba97f76b76ed-data/data/-3,5aa2346f-cef8-9bbc-5eb9-ba97f76b76ed-data/data/,1.0,0.9411764705882353,1,0.05,1.0,0.9194132873166523
25,0.3125,0.3,0.25,0.024704913001626024,0.1,arpoep,5,3,5aa2346f-cef8-9bbc-5eb9-ba97f76b76ed-data/data/-3,5aa2346f-cef8-9bbc-5eb9-ba97f76b76ed-data/data/,0.25,0.27176220806794066,0,0.15,0.2041335245794758,0.22309073247849218
26,0.625,0.7,1.0,0.9982499612913132,0.95,azzitha,5,3,5aa2346f-cef8-9bbc-5eb9-ba97f76b76ed-data/data/-3,5aa2346f-cef8-9bbc-5eb9-ba97f76b76ed-data/data/,1.0,0.9411764705882353,1,0.3,1.0,0.9323539699195523
27,0.5625,0.6,0.75,0.9789759460364035,0.75,thuevil,5,3,5aa2346f-cef8-9bbc-5eb9-ba97f76b76ed-data/data/-3,5aa2346f-cef8-9bbc-5eb9-ba97f76b76ed-data/data/,0.75,0.8205128205128205,1,0.15,0.6977417917099985,0.7786438702156596
28,0.625,0.65,0.75,0.9939015458466767,0.75,noviid,5,3,5aa2346f-cef8-9bbc-5eb9-ba97f76b76ed-data/data/-3,5aa2346f-cef8-9bbc-5eb9-ba97f76b76ed-data/data/,0.75,0.8205128205128205,1,0.65,0.7703688690717471,0.8363898916967509
29,0.6875,0.65,0.5,0.9939015458466767,0.15,paked,5,3,5aa2346f-cef8-9bbc-5eb9-ba97f76b76ed-data/data/-3,5aa2346f-cef8-9bbc-5eb9-ba97f76b76ed-data/data/,0.5,0.5663716814159293,1,0.4,0.48138888888888887,0.5479977272165815
30,0.625,0.65,0.75,0.9939015458466767,0.9,cewab,5,3,5aa2346f-cef8-9bbc-5eb9-ba97f76b76ed-data/data/-3,5aa2346f-cef8-9bbc-5eb9-ba97f76b76ed-data/data/,0.75,0.8205128205128205,1,0.8,0.7896606156274665,0.8512063808574277
31,0.75,0.7,0.5,0.9982499612913132,0.45,edarti,5,3,5aa2346f-cef8-9bbc-5eb9-ba97f76b76ed-data/data/-3,5aa2346f-cef8-9bbc-5eb9-ba97f76b76ed-data/data/,0.5,0.5663716814159293,1,0.95,0.58375,0.6468564008224218
32,0.75,0.75,0.75,0.9998904428345072,0.9,uthug,6,3,5aa2346f-cef8-9bbc-5eb9-ba97f76b76ed-data/data/-3,5aa2346f-cef8-9bbc-5eb9-ba97f76b76ed-data/data/,0.75,0.8205128205128205,1,0.9,0.8019648397104447,0.8605461638491548
33,0.3,0.3333333333333333,0.5,0.032025441751417444,0.45,arpoep,6,3,5aa2346f-cef8-9bbc-5eb9-ba97f76b76ed-data/data/-3,5aa2346f-cef8-9bbc-5eb9-ba97f76b76ed-data/data/,0.5,0.5663716814159293,1,0.1,0.4255555555555556,0.4917644698565554
34,0.7,0.625,0.25,0.995324187782666,0.1,azzitha,6,3,5aa2346f-cef8-9bbc-5eb9-ba97f76b76ed-data/data/-3,5aa2346f-cef8-9bbc-5eb9-ba97f76b76ed-data/data/,0.25,0.27176220806794066,0,0.95,0.31855388813096863,0.3435501020144258
35,0.6,0.5833333333333334,0.5,0.9838237500076912,0.55,thuevil,6,3,5aa2346f-cef8-9bbc-5eb9-ba97f76b76ed-data/data/-3,5aa2346f-cef8-9bbc-5eb9-ba97f76b76ed-data/data/,0.5,0.5663716814159293,1,0.75,0.5465277777777777,0.6115218842955139
36,0.65,0.625,0.5,0.995324187782666,0.6,noviid,6,3,5aa2346f-cef8-9bbc-5eb9-ba97f76b76ed-data/data/-3,5aa2346f-cef8-9bbc-5eb9-ba97f76b76ed-data/data/,0.5,0.5663716814159293,1,0.75,0.5465277777777777,0.6115218842955139
37,0.65,0.625,0.5,0.995324187782666,0.35,paked,6,3,5aa2346f-cef8-9bbc-5eb9-ba97f76b76ed-data/data/-3,5aa2346f-cef8-9bbc-5eb9-ba97f76b76ed-data/data/,0.5,0.5663716814159293,1,0.15,0.4348611111111111,0.5012544870111191
38,0.65,0.625,0.5,0.995324187782666,0.6,cewab,6,3,5aa2346f-cef8-9bbc-5eb9-ba97f76b76ed-data/data/-3,5aa2346f-cef8-9bbc-5eb9-ba97f76b76ed-data/data/,0.5,0.5663716814159293,1,0.9,0.5744444444444444,0.6380869732909074
39,0.7,0.6666666666666666,0.5,0.9986595768185553,0.55,edarti,6,3,5aa2346f-cef8-9bbc-5eb9-ba97f76b76ed-data/data/-3,5aa2346f-cef8-9bbc-5eb9-ba97f76b76ed-data/data/,0.5,0.5663716814159293,1,0.45,0.49069444444444443,0.5572074569671879
40,0.75,0.6785714285714286,0.25,0.9997064750480811,0.35,uthug,7,3,5aa2346f-cef8-9bbc-5eb9-ba97f76b76ed-data/data/-3,5aa2346f-cef8-9bbc-5eb9-ba97f76b76ed-data/data/,0.25,0.27176220806794066,0,0.9,0.3103241296518607,0.3349920271330583
41,0.3333333333333333,0.35714285714285715,0.5,0.041423048988823576,0.4,arpoep,7,3,5aa2346f-cef8-9bbc-5eb9-ba97f76b76ed-data/data/-3,5aa2346f-cef8-9bbc-5eb9-ba97f76b76ed-data/data/,0.5,0.5663716814159293,1,0.45,0.49069444444444443,0.5572074569671879
42,0.625,0.6071428571428571,0.5,0.9964161537573425,0.5,azzitha,7,3,5aa2346f-cef8-9bbc-5eb9-ba97f76b76ed-data/data/-3,5aa2346f-cef8-9bbc-5eb9-ba97f76b76ed-data/data/,0.5,0.5663716814159293,1,0.1,0.4255555555555556,0.4917644698565554
43,0.5833333333333334,0.6071428571428571,0.75,0.9964161537573425,0.8,thuevil,7,3,5aa2346f-cef8-9bbc-5eb9-ba97f76b76ed-data/data/-3,5aa2346f-cef8-9bbc-5eb9-ba97f76b76ed-data/data/,0.75,0.8205128205128205,1,0.55,0.7569148204210816,0.825929966566954
44,0.625,0.6071428571428571,0.5,0.9964161537573425,0.35,noviid,7,3,5aa2346f-cef8-9bbc-5eb9-ba97f76b76ed-data/data/-3,5aa2346f-cef8-9bbc-5eb9-ba97f76b76ed-data/data/,0.5,0.5663716814159293,1,0.6,0.5186111111111111,0.5845649568259095
45,0.625,0.5357142857142857,0.0,0.9577993410969766,0.0,paked,7,3,5aa2346f-cef8-9bbc-5eb9-ba97f76b76ed-data/data/-3,5aa2346f-cef8-9bbc-5eb9-ba97f76b76ed-data/data/,0.0,0.09634926608957475,0,0.35,0.0,0.0870462153917257
46,0.625,0.6785714285714286,1.0,0.9997064750480811,0.9,cewab,7,3,5aa2346f-cef8-9bbc-5eb9-ba97f76b76ed-data/data/-3,5aa2346f-cef8-9bbc-5eb9-ba97f76b76ed-data/data/,1.0,0.9411764705882353,1,0.6,1.0,0.9451669039708908
47,0.6666666666666666,0.7142857142857143,1.0,0.9999161181412957,0.95,edarti,7,3,5aa2346f-cef8-9bbc-5eb9-ba97f76b76ed-data/data/-3,5aa2346f-cef8-9bbc-5eb9-ba97f76b76ed-data/data/,1.0,0.9411764705882353,1,0.55,1.0,0.9432039225142674
48,0.6785714285714286,0.625,0.25,0.9992138324597416,0.25,uthug,8,3,5aa2346f-cef8-9bbc-5eb9-ba97f76b76ed-data/data/-3,5aa2346f-cef8-9bbc-5eb9-ba97f76b76ed-data/data/,0.25,0.27176220806794066,0,0.35,0.22963113092825288,0.2502117821619897
49,0.35714285714285715,0.34375,0.25,0.015870232823281413,0.35,arpoep,8,3,5aa2346f-cef8-9bbc-5eb9-ba97f76b76ed-data/data/-3,5aa2346f-cef8-9bbc-5eb9-ba97f76b76ed-data/data/,0.25,0.27176220806794066,0,0.4,0.2362967002999727,0.2572752419668177
50,0.6071428571428571,0.625,0.75,0.9992138324597416,0.6,azzitha,8,3,5aa2346f-cef8-9bbc-5eb9-ba97f76b76ed-data/data/-3,5aa2346f-cef8-9bbc-5eb9-ba97f76b76ed-data/data/,0.75,0.8205128205128205,1,0.5,0.75,0.8205128205128205
51,0.6071428571428571,0.59375,0.5,0.9972538110206882,0.5,thuevil,8,3,5aa2346f-cef8-9bbc-5eb9-ba97f76b76ed-data/data/-3,5aa2346f-cef8-9bbc-5eb9-ba97f76b76ed-data/data/,0.5,0.5663716814159293,1,0.8,0.5558333333333334,0.6204200276142724
52,0.6071428571428571,0.625,0.75,0.9992138324597416,0.65,noviid,8,3,5aa2346f-cef8-9bbc-5eb9-ba97f76b76ed-data/data/-3,5aa2346f-cef8-9bbc-5eb9-ba97f76b76ed-data/data/,0.75,0.8205128205128205,1,0.35,0.7284612087441062,0.8034570637119114
53,0.5357142857142857,0.59375,1.0,0.9972538110206882,0.8,paked,8,3,5aa2346f-cef8-9bbc-5eb9-ba97f76b76ed-data/data/-3,5aa2346f-cef8-9bbc-5eb9-ba97f76b76ed-data/data/,1.0,0.9411764705882353,1,0.0,1.0,0.9165200391006842
54,0.6785714285714286,0.65625,0.5,0.9997752544973401,0.65,cewab,8,3,5aa2346f-cef8-9bbc-5eb9-ba97f76b76ed-data/data/-3,5aa2346f-cef8-9bbc-5eb9-ba97f76b76ed-data/data/,0.5,0.5663716814159293,1,0.9,0.5744444444444444,0.6380869732909074
55,0.7142857142857143,0.71875,0.75,0.9999816496408617,0.65,edarti,8,3,5aa2346f-cef8-9bbc-5eb9-ba97f76b76ed-data/data/-3,5aa2346f-cef8-9bbc-5eb9-ba97f76b76ed-data/data/,0.75,0.8205128205128205,1,0.95,0.8079584775086505,0.8650651230101302
56,0.625,0.6111111111111112,0.5,0.9993979795498968,0.6,uthug,9,3,5aa2346f-cef8-9bbc-5eb9-ba97f76b76ed-data/data/-3,5aa2346f-cef8-9bbc-5eb9-ba97f76b76ed-data/data/,0.5,0.5663716814159293,1,0.25,0.4534722222222222,0.5200920913446583
57,0.34375,0.3611111111111111,0.5,0.020628250482075446,0.65,arpoep,9,3,5aa2346f-cef8-9bbc-5eb9-ba97f76b76ed-data/data/-3,5aa2346f-cef8-9bbc-5eb9-ba97f76b76ed-data/data/,0.5,0.5663716814159293,1,0.35,0.4720833333333333,0.5387421523830752
58,0.625,0.6111111111111112,0.5,0.9993979795498968,0.75,azzitha,9,3,5aa2346f-cef8-9bbc-5eb9-ba97f76b76ed-data/data/-3,5aa2346f-cef8-9bbc-5eb9-ba97f76b76ed-data/data/,0.5,0.5663716814159293,1,0.6,0.5186111111111111,0.5845649568259095
59,0.59375,0.5833333333333334,0.5,0.9978960949093602,0.75,thuevil,9,3,5aa2346f-cef8-9bbc-5eb9-ba97f76b76ed-data/data/-3,5aa2346f-cef8-9bbc-5eb9-ba97f76b76ed-data/data/,0.5,0.5663716814159293,1,0.5,0.5,0.5663716814159293
60,0.625,0.5555555555555556,0.0,0.9926748606775366,0.25,noviid,9,3,5aa2346f-cef8-9bbc-5eb9-ba97f76b76ed-data/data/-3,5aa2346f-cef8-9bbc-5eb9-ba97f76b76ed-data/data/,0.0,0.09634926608957475,0,0.65,0.0,0.10653056063270919
61,0.59375,0.6111111111111112,0.75,0.9993979795498968,0.85,paked,9,3,5aa2346f-cef8-9bbc-5eb9-ba97f76b76ed-data/data/-3,5aa2346f-cef8-9bbc-5eb9-ba97f76b76ed-data/data/,0.75,0.8205128205128205,1,0.8,0.7896606156274665,0.8512063808574277
62,0.65625,0.6111111111111112,0.25,0.9993979795498968,0.35,cewab,9,3,5aa2346f-cef8-9bbc-5eb9-ba97f76b76ed-data/data/-3,5aa2346f-cef8-9bbc-5eb9-ba97f76b76ed-data/data/,0.25,0.27176220806794066,0,0.65,0.27153879125589375,0.2944398551185106
63,0.71875,0.6944444444444444,0.5,0.9999859504458593,0.75,edarti,9,3,5aa2346f-cef8-9bbc-5eb9-ba97f76b76ed-data/data/-3,5aa2346f-cef8-9bbc-5eb9-ba97f76b76ed-data/data/,0.5,0.5663716814159293,1,0.65,0.5279166666666667,0.5935946707660774
64,0.6111111111111112,0.65,1.0,0.9999623524738238,0.9,uthug,10,3,5aa2346f-cef8-9bbc-5eb9-ba97f76b76ed-data/data/-3,5aa2346f-cef8-9bbc-5eb9-ba97f76b76ed-data/data/,1.0,0.9411764705882353,1,0.6,1.0,0.9451669039708908
65,0.3611111111111111,0.35,0.25,0.007798847009227021,0.1,arpoep,10,3,5aa2346f-cef8-9bbc-5eb9-ba97f76b76ed-data/data/-3,5aa2346f-cef8-9bbc-5eb9-ba97f76b76ed-data/data/,0.25,0.27176220806794066,0,0.65,0.27153879125589375,0.2944398551185106
66,0.6111111111111112,0.6,0.5,0.9995390130483034,0.45,azzitha,10,3,5aa2346f-cef8-9bbc-5eb9-ba97f76b76ed-data/data/-3,5aa2346f-cef8-9bbc-5eb9-ba97f76b76ed-data/data/,0.5,0.5663716814159293,1,0.75,0.5465277777777777,0.6115218842955139
67,0.5833333333333334,0.6,0.75,0.9995390130483034,1.0,thuevil,10,3,5aa2346f-cef8-9bbc-5eb9-ba97f76b76ed-data/data/-3,5aa2346f-cef8-9bbc-5eb9-ba97f76b76ed-data/data/,0.75,0.8205128205128205,1,0.75,0.7833443928334439,0.8463787598722904
68,0.5555555555555556,0.5,0.0,0.9352710514144201,0.15,noviid,10,3,5aa2346f-cef8-9bbc-5eb9-ba97f76b76ed-data/data/-3,5aa2346f-cef8-9bbc-5eb9-ba97f76b76ed-data/data/,0.0,0.09634926608957475,0,0.25,0.0,0.08127754642628805
69,0.6111111111111112,0.6,0.5,0.9995390130483034,0.5,paked,10,3,5aa2346f-cef8-9bbc-5eb9-ba97f76b76ed-data/data/-3,5aa2346f-cef8-9bbc-5eb9-ba97f76b76ed-data/data/,0.5,0.5663716814159293,1,0.85,0.5651388888888889,0.6292749525777183
70,0.6111111111111112,0.6,0.5,0.9995390130483034,0.45,cewab,10,3,5aa2346f-cef8-9bbc-5eb9-ba97f76b76ed-data/data/-3,5aa2346f-cef8-9bbc-5eb9-ba97f76b76ed-data/data/,0.5,0.5663716814159293,1,0.35,0.4720833333333333,0.5387421523830752
71,0.6944444444444444,0.7,0.75,0.9999969266262964,0.7,edarti,10,3,5aa2346f-cef8-9bbc-5eb9-ba97f76b76ed-data/data/-3,5aa2346f-cef8-9bbc-5eb9-ba97f76b76ed-data/data/,0.75,0.8205128205128205,1,0.75,0.7833443928334439,0.8463787598722904
72,0.75,0.5,0.25,0.630444820686471,0.2,olit,2,4,5aa2346f-cef8-9bbc-5eb9-ba97f76b76ed-data/data/-4,5aa2346f-cef8-9bbc-5eb9-ba97f76b76ed-data/data/,0.25,0.27176220806794066,0,0.85,0.30225820829000144,0.32658855693472083
73,0.75,0.625,0.5,0.856545378502719,0.55,ewpief,2,4,5aa2346f-cef8-9bbc-5eb9-ba97f76b76ed-data/data/-4,5aa2346f-cef8-9bbc-5eb9-ba97f76b76ed-data/data/,0.5,0.5663716814159293,1,0.7,0.5372222222222223,0.6025802054427731
74,0.25,0.25,0.25,0.12223855319212436,0.1,ashfoveb,2,4,5aa2346f-cef8-9bbc-5eb9-ba97f76b76ed-data/data/-4,5aa2346f-cef8-9bbc-5eb9-ba97f76b76ed-data/data/,0.25,0.27176220806794066,0,0.1,0.19803516028955537,0.21658015064831804
75,0.25,0.25,0.25,0.12223855319212436,0.1,uthug,2,4,5aa2346f-cef8-9bbc-5eb9-ba97f76b76ed-data/data/-4,5aa2346f-cef8-9bbc-5eb9-ba97f76b76ed-data/data/,0.25,0.27176220806794066,0,0.15,0.2041335245794758,0.22309073247849218
76,0.25,0.25,0.25,0.12223855319212436,0.1,ayna,2,4,5aa2346f-cef8-9bbc-5eb9-ba97f76b76ed-data/data/-4,5aa2346f-cef8-9bbc-5eb9-ba97f76b76ed-data/data/,0.25,0.27176220806794066,0,0.05,0.19204152249134948,0.21017233302926466
77,0.25,0.5,0.75,0.630444820686471,0.85,bukokde,2,4,5aa2346f-cef8-9bbc-5eb9-ba97f76b76ed-data/data/-4,5aa2346f-cef8-9bbc-5eb9-ba97f76b76ed-data/data/,0.75,0.8205128205128205,1,0.25,0.713401310997815,0.7913652717288393
78,0.5,0.5,0.5,0.630444820686471,0.65,eguthek,2,4,5aa2346f-cef8-9bbc-5eb9-ba97f76b76ed-data/data/-4,5aa2346f-cef8-9bbc-5eb9-ba97f76b76ed-data/data/,0.5,0.5663716814159293,1,0.45,0.49069444444444443,0.5572074569671879
79,0.5,0.25,0.0,0.12223855319212436,0.25,biku,2,4,5aa2346f-cef8-9bbc-5eb9-ba97f76b76ed-data/data/-4,5aa2346f-cef8-9bbc-5eb9-ba97f76b76ed-data/data/,0.0,0.09634926608957475,0,0.7,0.0,0.11014132947141048
80,0.5,0.3333333333333333,0.0,0.15389960074130657,0.05,olit,3,4,5aa2346f-cef8-9bbc-5eb9-ba97f76b76ed-data/data/-4,5aa2346f-cef8-9bbc-5eb9-ba97f76b76ed-data/data/,0.0,0.09634926608957475,0,0.2,0.0,0.07851247040275273
81,0.625,0.75,1.0,0.9896409048352512,1.0,ewpief,3,4,5aa2346f-cef8-9bbc-5eb9-ba97f76b76ed-data/data/-4,5aa2346f-cef8-9bbc-5eb9-ba97f76b76ed-data/data/,1.0,0.9411764705882353,1,0.55,1.0,0.9432039225142674
82,0.25,0.3333333333333333,0.5,0.15389960074130657,0.4,ashfoveb,3,4,5aa2346f-cef8-9bbc-5eb9-ba97f76b76ed-data/data/-4,5aa2346f-cef8-9bbc-5eb9-ba97f76b76ed-data/data/,0.5,0.5663716814159293,1,0.1,0.4255555555555556,0.4917644698565554
83,0.25,0.25,0.25,0.049401990668765286,0.0,uthug,3,4,5aa2346f-cef8-9bbc-5eb9-ba97f76b76ed-data/data/-4,5aa2346f-cef8-9bbc-5eb9-ba97f76b76ed-data/data/,0.25,0.27176220806794066,0,0.1,0.19803516028955537,0.21658015064831804
84,0.25,0.3333333333333333,0.5,0.15389960074130657,0.05,ayna,3,4,5aa2346f-cef8-9bbc-5eb9-ba97f76b76ed-data/data/-4,5aa2346f-cef8-9bbc-5eb9-ba97f76b76ed-data/data/,0.5,0.5663716814159293,1,0.1,0.4255555555555556,0.4917644698565554
85,0.5,0.5833333333333334,0.75,0.8863462695852695,0.8,bukokde,3,4,5aa2346f-cef8-9bbc-5eb9-ba97f76b76ed-data/data/-4,5aa2346f-cef8-9bbc-5eb9-ba97f76b76ed-data/data/,0.75,0.8205128205128205,1,0.85,0.7958664754205241,0.8559276910435497
86,0.5,0.3333333333333333,0.0,0.15389960074130657,0.1,eguthek,3,4,5aa2346f-cef8-9bbc-5eb9-ba97f76b76ed-data/data/-4,5aa2346f-cef8-9bbc-5eb9-ba97f76b76ed-data/data/,0.0,0.09634926608957475,0,0.65,0.0,0.10653056063270919
87,0.25,0.3333333333333333,0.5,0.15389960074130657,0.5,biku,3,4,5aa2346f-cef8-9bbc-5eb9-ba97f76b76ed-data/data/-4,5aa2346f-cef8-9bbc-5eb9-ba97f76b76ed-data/data/,0.5,0.5663716814159293,1,0.25,0.4534722222222222,0.5200920913446583
88,0.3333333333333333,0.3125,0.25,0.06356377042650506,0.05,olit,4,4,5aa2346f-cef8-9bbc-5eb9-ba97f76b76ed-data/data/-4,5aa2346f-cef8-9bbc-5eb9-ba97f76b76ed-data/data/,0.25,0.27176220806794066,0,0.05,0.19204152249134948,0.21017233302926466
89,0.75,0.75,0.75,0.9977154590442986,0.95,ewpief,4,4,5aa2346f-cef8-9bbc-5eb9-ba97f76b76ed-data/data/-4,5aa2346f-cef8-9bbc-5eb9-ba97f76b76ed-data/data/,0.75,0.8205128205128205,1,1.0,0.8138500635324015,0.869487750556793
90,0.3333333333333333,0.3125,0.25,0.06356377042650506,0.1,ashfoveb,4,4,5aa2346f-cef8-9bbc-5eb9-ba97f76b76ed-data/data/-4,5aa2346f-cef8-9bbc-5eb9-ba97f76b76ed-data/data/,0.25,0.27176220806794066,0,0.4,0.2362967002999727,0.2572752419668177
91,0.25,0.3125,0.5,0.06356377042650506,0.15,uthug,4,4,5aa2346f-cef8-9bbc-5eb9-ba97f76b76ed-data/data/-4,5aa2346f-cef8-9bbc-5eb9-ba97f76b76ed-data/data/,0.5,0.5663716814159293,1,0.0,0.40694444444444444,0.47264020163831133
92,0.3333333333333333,0.3125,0.25,0.06356377042650506,0.1,ayna,4,4,5aa2346f-cef8-9bbc-5eb9-ba97f76b76ed-data/data/-4,5aa2346f-cef8-9bbc-5eb9-ba97f76b76ed-data/data/,0.25,0.27176220806794066,0,0.05,0.19204152249134948,0.21017233302926466
93,0.5833333333333334,0.625,0.75,0.9727156116961383,0.9,bukokde,4,4,5aa2346f-cef8-9bbc-5eb9-ba97f76b76ed-data/data/-4,5aa2346f-cef8-9bbc-5eb9-ba97f76b76ed-data/data/,0.75,0.8205128205128205,1,0.8,0.7896606156274665,0.8512063808574277
94,0.3333333333333333,0.25,0.0,0.01902485700998708,0.0,eguthek,4,4,5aa2346f-cef8-9bbc-5eb9-ba97f76b76ed-data/data/-4,5aa2346f-cef8-9bbc-5eb9-ba97f76b76ed-data/data/,0.0,0.09634926608957475,0,0.1,0.0,0.07320483960682865
95,0.3333333333333333,0.3125,0.25,0.06356377042650506,0.05,biku,4,4,5aa2346f-cef8-9bbc-5eb9-ba97f76b76ed-data/data/-4,5aa2346f-cef8-9bbc-5eb9-ba97f76b76ed-data/data/,0.25,0.27176220806794066,0,0.5,0.25,0.27176220806794066
96,0.3125,0.3,0.25,0.024704913001626024,0.1,olit,5,4,5aa2346f-cef8-9bbc-5eb9-ba97f76b76ed-data/data/-4,5aa2346f-cef8-9bbc-5eb9-ba97f76b76ed-data/data/,0.25,0.27176220806794066,0,0.05,0.19204152249134948,0.21017233302926466
97,0.75,0.65,0.25,0.9939015458466767,0.3,ewpief,5,4,5aa2346f-cef8-9bbc-5eb9-ba97f76b76ed-data/data/-4,5aa2346f-cef8-9bbc-5eb9-ba97f76b76ed-data/data/,0.25,0.27176220806794066,0,0.95,0.31855388813096863,0.3435501020144258
98,0.3125,0.3,0.25,0.024704913001626024,0.05,ashfoveb,5,4,5aa2346f-cef8-9bbc-5eb9-ba97f76b76ed-data/data/-4,5aa2346f-cef8-9bbc-5eb9-ba97f76b76ed-data/data/,0.25,0.27176220806794066,0,0.1,0.19803516028955537,0.21658015064831804
99,0.3125,0.25,0.0,0.007185341745252722,0.05,uthug,5,4,5aa2346f-cef8-9bbc-5eb9-ba97f76b76ed-data/data/-4,5aa2346f-cef8-9bbc-5eb9-ba97f76b76ed-data/data/,0.0,0.09634926608957475,0,0.15,0.0,0.07582257651800342
100,0.3125,0.3,0.25,0.024704913001626024,0.25,ayna,5,4,5aa2346f-cef8-9bbc-5eb9-ba97f76b76ed-data/data/-4,5aa2346f-cef8-9bbc-5eb9-ba97f76b76ed-data/data/,0.25,0.27176220806794066,0,0.1,0.19803516028955537,0.21658015064831804
101,0.625,0.65,0.75,0.9939015458466767,0.9,bukokde,5,4,5aa2346f-cef8-9bbc-5eb9-ba97f76b76ed-data/data/-4,5aa2346f-cef8-9bbc-5eb9-ba97f76b76ed-data/data/,0.75,0.8205128205128205,1,0.9,0.8019648397104447,0.8605461638491548
102,0.25,0.25,0.25,0.007185341745252722,0.1,eguthek,5,4,5aa2346f-cef8-9bbc-5eb9-ba97f76b76ed-data/data/-4,5aa2346f-cef8-9bbc-5eb9-ba97f76b76ed-data/data/,0.25,0.27176220806794066,0,0.0,0.18614993646759845,0.20386486559943473
103,0.3125,0.3,0.25,0.024704913001626024,0.15,biku,5,4,5aa2346f-cef8-9bbc-5eb9-ba97f76b76ed-data/data/-4,5aa2346f-cef8-9bbc-5eb9-ba97f76b76ed-data/data/,0.25,0.27176220806794066,0,0.05,0.19204152249134948,0.21017233302926466
104,0.3,0.375,0.75,0.10378004191193489,0.8,olit,6,4,5aa2346f-cef8-9bbc-5eb9-ba97f76b76ed-data/data/-4,5aa2346f-cef8-9bbc-5eb9-ba97f76b76ed-data/data/,0.75,0.8205128205128205,1,0.1,0.6896758703481393,0.7720314960629922
105,0.65,0.6666666666666666,0.75,0.9986595768185553,0.85,ewpief,6,4,5aa2346f-cef8-9bbc-5eb9-ba97f76b76ed-data/data/-4,5aa2346f-cef8-9bbc-5eb9-ba97f76b76ed-data/data/,0.75,0.8205128205128205,1,0.3,0.721004039238315,0.7974869109947643
106,0.3,0.375,0.75,0.10378004191193489,0.85,ashfoveb,6,4,5aa2346f-cef8-9bbc-5eb9-ba97f76b76ed-data/data/-4,5aa2346f-cef8-9bbc-5eb9-ba97f76b76ed-data/data/,0.75,0.8205128205128205,1,0.05,0.6814461118690314,0.7652423698384201
107,0.25,0.25,0.25,0.002693541858382624,0.1,uthug,6,4,5aa2346f-cef8-9bbc-5eb9-ba97f76b76ed-data/data/-4,5aa2346f-cef8-9bbc-5eb9-ba97f76b76ed-data/data/,0.25,0.27176220806794066,0,0.05,0.19204152249134948,0.21017233302926466
108,0.3,0.375,0.75,0.10378004191193489,0.95,ayna,6,4,5aa2346f-cef8-9bbc-5eb9-ba97f76b76ed-data/data/-4,5aa2346f-cef8-9bbc-5eb9-ba97f76b76ed-data/data/,0.75,0.8205128205128205,1,0.25,0.713401310997815,0.7913652717288393
109,0.65,0.625,0.5,0.995324187782666,0.55,bukokde,6,4,5aa2346f-cef8-9bbc-5eb9-ba97f76b76ed-data/data/-4,5aa2346f-cef8-9bbc-5eb9-ba97f76b76ed-data/data/,0.5,0.5663716814159293,1,0.9,0.5744444444444444,0.6380869732909074
110,0.25,0.25,0.25,0.002693541858382624,0.1,eguthek,6,4,5aa2346f-cef8-9bbc-5eb9-ba97f76b76ed-data/data/-4,5aa2346f-cef8-9bbc-5eb9-ba97f76b76ed-data/data/,0.25,0.27176220806794066,0,0.1,0.19803516028955537,0.21658015064831804
111,0.3,0.3333333333333333,0.5,0.032025441751417444,0.3,biku,6,4,5aa2346f-cef8-9bbc-5eb9-ba97f76b76ed-data/data/-4,5aa2346f-cef8-9bbc-5eb9-ba97f76b76ed-data/data/,0.5,0.5663716814159293,1,0.15,0.4348611111111111,0.5012544870111191
112,0.375,0.32142857142857145,0.0,0.0121960111153049,0.1,olit,7,4,5aa2346f-cef8-9bbc-5eb9-ba97f76b76ed-data/data/-4,5aa2346f-cef8-9bbc-5eb9-ba97f76b76ed-data/data/,0.0,0.09634926608957475,0,0.8,0.0,0.11772062448077718
113,0.6666666666666666,0.6428571428571429,0.5,0.998973415988344,0.9,ewpief,7,4,5aa2346f-cef8-9bbc-5eb9-ba97f76b76ed-data/data/-4,5aa2346f-cef8-9bbc-5eb9-ba97f76b76ed-data/data/,0.5,0.5663716814159293,1,0.85,0.5651388888888889,0.6292749525777183
114,0.375,0.39285714285714285,0.5,0.1313757147869759,0.85,ashfoveb,7,4,5aa2346f-cef8-9bbc-5eb9-ba97f76b76ed-data/data/-4,5aa2346f-cef8-9bbc-5eb9-ba97f76b76ed-data/data/,0.5,0.5663716814159293,1,0.85,0.5651388888888889,0.6292749525777183
115,0.25,0.21428571428571427,0.0,0.0002878842187510071,0.0,uthug,7,4,5aa2346f-cef8-9bbc-5eb9-ba97f76b76ed-data/data/-4,5aa2346f-cef8-9bbc-5eb9-ba97f76b76ed-data/data/,0.0,0.09634926608957475,0,0.1,0.0,0.07320483960682865
116,0.375,0.35714285714285715,0.25,0.041423048988823576,0.45,ayna,7,4,5aa2346f-cef8-9bbc-5eb9-ba97f76b76ed-data/data/-4,5aa2346f-cef8-9bbc-5eb9-ba97f76b76ed-data/data/,0.25,0.27176220806794066,0,0.95,0.31855388813096863,0.3435501020144258
117,0.625,0.5714285714285714,0.25,0.9875679247659895,0.35,bukokde,7,4,5aa2346f-cef8-9bbc-5eb9-ba97f76b76ed-data/data/-4,5aa2346f-cef8-9bbc-5eb9-ba97f76b76ed-data/data/,0.25,0.27176220806794066,0,0.55,0.25704472171596804,0.2791918843441719
118,0.25,0.25,0.25,0.0010068701105905955,0.2,eguthek,7,4,5aa2346f-cef8-9bbc-5eb9-ba97f76b76ed-data/data/-4,5aa2346f-cef8-9bbc-5eb9-ba97f76b76ed-data/data/,0.25,0.27176220806794066,0,0.1,0.19803516028955537,0.21658015064831804
119,0.3333333333333333,0.35714285714285715,0.5,0.041423048988823576,0.6,biku,7,4,5aa2346f-cef8-9bbc-5eb9-ba97f76b76ed-data/data/-4,5aa2346f-cef8-9bbc-5eb9-ba97f76b76ed-data/data/,0.5,0.5663716814159293,1,0.3,0.4627777777777778,0.529440389294404
120,0.32142857142857145,0.3125,0.25,0.004586342465750939,0.35,olit,8,4,5aa2346f-cef8-9bbc-5eb9-ba97f76b76ed-data/data/-4,5aa2346f-cef8-9bbc-5eb9-ba97f76b76ed-data/data/,0.25,0.27176220806794066,0,0.1,0.19803516028955537,0.21658015064831804
121,0.6428571428571429,0.65625,0.75,0.9997752544973401,0.95,ewpief,8,4,5aa2346f-cef8-9bbc-5eb9-ba97f76b76ed-data/data/-4,5aa2346f-cef8-9bbc-5eb9-ba97f76b76ed-data/data/,0.75,0.8205128205128205,1,0.9,0.8019648397104447,0.8605461638491548
122,0.39285714285714285,0.4375,0.75,0.4087769619905949,0.8,ashfoveb,8,4,5aa2346f-cef8-9bbc-5eb9-ba97f76b76ed-data/data/-4,5aa2346f-cef8-9bbc-5eb9-ba97f76b76ed-data/data/,0.75,0.8205128205128205,1,0.85,0.7958664754205241,0.8559276910435497
123,0.21428571428571427,0.21875,0.25,0.00010745140150473962,0.15,uthug,8,4,5aa2346f-cef8-9bbc-5eb9-ba97f76b76ed-data/data/-4,5aa2346f-cef8-9bbc-5eb9-ba97f76b76ed-data/data/,0.25,0.27176220806794066,0,0.0,0.18614993646759845,0.20386486559943473
124,0.35714285714285715,0.3125,0.0,0.004586342465750939,0.1,ayna,8,4,5aa2346f-cef8-9bbc-5eb9-ba97f76b76ed-data/data/-4,5aa2346f-cef8-9bbc-5eb9-ba97f76b76ed-data/data/,0.0,0.09634926608957475,0,0.45,0.0,0.09315644436067268
125,0.5714285714285714,0.59375,0.75,0.9972538110206882,0.8,bukokde,8,4,5aa2346f-cef8-9bbc-5eb9-ba97f76b76ed-data/data/-4,5aa2346f-cef8-9bbc-5eb9-ba97f76b76ed-data/data/,0.75,0.8205128205128205,1,0.35,0.7284612087441062,0.8034570637119114
126,0.25,0.34375,1.0,0.015870232823281413,0.75,eguthek,8,4,5aa2346f-cef8-9bbc-5eb9-ba97f76b76ed-data/data/-4,5aa2346f-cef8-9bbc-5eb9-ba97f76b76ed-data/data/,1.0,0.9411764705882353,1,0.2,1.0,0.9274605764002175
127,0.35714285714285715,0.375,0.5,0.05342610314221598,0.55,biku,8,4,5aa2346f-cef8-9bbc-5eb9-ba97f76b76ed-data/data/-4,5aa2346f-cef8-9bbc-5eb9-ba97f76b76ed-data/data/,0.5,0.5663716814159293,1,0.6,0.5186111111111111,0.5845649568259095
128,0.3125,0.3055555555555556,0.25,0.0017164558902104709,0.25,olit,9,4,5aa2346f-cef8-9bbc-5eb9-ba97f76b76ed-data/data/-4,5aa2346f-cef8-9bbc-5eb9-ba97f76b76ed-data/data/,0.25,0.27176220806794066,0,0.35,0.22963113092825288,0.2502117821619897
129,0.65625,0.6388888888888888,0.5,0.9998279201602687,0.8,ewpief,9,4,5aa2346f-cef8-9bbc-5eb9-ba97f76b76ed-data/data/-4,5aa2346f-cef8-9bbc-5eb9-ba97f76b76ed-data/data/,0.5,0.5663716814159293,1,0.95,0.58375,0.6468564008224218
130,0.4375,0.4444444444444444,0.5,0.4745318426945123,0.8,ashfoveb,9,4,5aa2346f-cef8-9bbc-5eb9-ba97f76b76ed-data/data/-4,5aa2346f-cef8-9bbc-5eb9-ba97f76b76ed-data/data/,0.5,0.5663716814159293,1,0.8,0.5558333333333334,0.6204200276142724
131,0.21875,0.19444444444444445,0.0,1.1457809087197394e-05,0.25,uthug,9,4,5aa2346f-cef8-9bbc-5eb9-ba97f76b76ed-data/data/-4,5aa2346f-cef8-9bbc-5eb9-ba97f76b76ed-data/data/,0.0,0.09634926608957475,0,0.15,0.0,0.07582257651800342
132,0.3125,0.3055555555555556,0.25,0.0017164558902104709,0.2,ayna,9,4,5aa2346f-cef8-9bbc-5eb9-ba97f76b76ed-data/data/-4,5aa2346f-cef8-9bbc-5eb9-ba97f76b76ed-data/data/,0.25,0.27176220806794066,0,0.1,0.19803516028955537,0.21658015064831804
133,0.59375,0.6111111111111112,0.75,0.9993979795498968,0.85,bukokde,9,4,5aa2346f-cef8-9bbc-5eb9-ba97f76b76ed-data/data/-4,5aa2346f-cef8-9bbc-5eb9-ba97f76b76ed-data/data/,0.75,0.8205128205128205,1,0.8,0.7896606156274665,0.8512063808574277
134,0.34375,0.3611111111111111,0.5,0.020628250482075446,0.6,eguthek,9,4,5aa2346f-cef8-9bbc-5eb9-ba97f76b76ed-data/data/-4,5aa2346f-cef8-9bbc-5eb9-ba97f76b76ed-data/data/,0.5,0.5663716814159293,1,0.75,0.5465277777777777,0.6115218842955139
135,0.375,0.3333333333333333,0.0,0.005981926334009619,0.15,biku,9,4,5aa2346f-cef8-9bbc-5eb9-ba97f76b76ed-data/data/-4,5aa2346f-cef8-9bbc-5eb9-ba97f76b76ed-data/data/,0.0,0.09634926608957475,0,0.55,0.0,0.09963949419863222
136,0.3055555555555556,0.275,0.0,0.00018329344327595848,0.1,olit,10,4,5aa2346f-cef8-9bbc-5eb9-ba97f76b76ed-data/data/-4,5aa2346f-cef8-9bbc-5eb9-ba97f76b76ed-data/data/,0.0,0.09634926608957475,0,0.25,0.0,0.08127754642628805
137,0.6388888888888888,0.6,0.25,0.9995390130483034,0.15,ewpief,10,4,5aa2346f-cef8-9bbc-5eb9-ba97f76b76ed-data/data/-4,5aa2346f-cef8-9bbc-5eb9-ba97f76b76ed-data/data/,0.25,0.27176220806794066,0,0.8,0.29435127978817305,0.318335539439587
138,0.4444444444444444,0.45,0.5,0.5411819742872457,0.45,ashfoveb,10,4,5aa2346f-cef8-9bbc-5eb9-ba97f76b76ed-data/data/-4,5aa2346f-cef8-9bbc-5eb9-ba97f76b76ed-data/data/,0.5,0.5663716814159293,1,0.8,0.5558333333333334,0.6204200276142724
139,0.19444444444444445,0.275,1.0,0.00018329344327595848,0.85,uthug,10,4,5aa2346f-cef8-9bbc-5eb9-ba97f76b76ed-data/data/-4,5aa2346f-cef8-9bbc-5eb9-ba97f76b76ed-data/data/,1.0,0.9411764705882353,1,0.25,1.0,0.9299510458388962
140,0.3055555555555556,0.325,0.5,0.0022407241920388583,0.2,ayna,10,4,5aa2346f-cef8-9bbc-5eb9-ba97f76b76ed-data/data/-4,5aa2346f-cef8-9bbc-5eb9-ba97f76b76ed-data/data/,0.5,0.5663716814159293,1,0.2,0.44416666666666665,0.5106969084512314
141,0.6111111111111112,0.625,0.75,0.999868246058909,0.7,bukokde,10,4,5aa2346f-cef8-9bbc-5eb9-ba97f76b76ed-data/data/-4,5aa2346f-cef8-9bbc-5eb9-ba97f76b76ed-data/data/,0.75,0.8205128205128205,1,0.85,0.7958664754205241,0.8559276910435497
142,0.3611111111111111,0.4,0.75,0.08782993805377888,0.85,eguthek,10,4,5aa2346f-cef8-9bbc-5eb9-ba97f76b76ed-data/data/-4,5aa2346f-cef8-9bbc-5eb9-ba97f76b76ed-data/data/,0.75,0.8205128205128205,1,0.6,0.7637032997000273,0.8312208695652175
143,0.3333333333333333,0.375,0.75,0.02677394968865807,0.8,biku,10,4,5aa2346f-cef8-9bbc-5eb9-ba97f76b76ed-data/data/-4,5aa2346f-cef8-9bbc-5eb9-ba97f76b76ed-data/data/,0.75,0.8205128205128205,1,0.15,0.6977417917099985,0.7786438702156596
144,0.5,0.375,0.25,0.32769310772430915,0.15,atik,2,3,d3ffdda3-b0c3-a671-76d0-e2c3206afbff-data/data/-3,d3ffdda3-b0c3-a671-76d0-e2c3206afbff-data/data/,0.25,0.27176220806794066,0,0.55,0.25704472171596804,0.2791918843441719
145,0.0,0.25,0.5,0.12223855319212436,0.4,epre,2,3,d3ffdda3-b0c3-a671-76d0-e2c3206afbff-data/data/-3,d3ffdda3-b0c3-a671-76d0-e2c3206afbff-data/data/,0.5,0.5663716814159293,1,0.05,0.41625,0.4822264962099787
146,0.75,0.75,0.75,0.9543336439888164,0.9,kuwiku,2,3,d3ffdda3-b0c3-a671-76d0-e2c3206afbff-data/data/-3,d3ffdda3-b0c3-a671-76d0-e2c3206afbff-data/data/,0.75,0.8205128205128205,1,0.95,0.8079584775086505,0.8650651230101302
147,0.25,0.375,0.5,0.32769310772430915,0.25,ugvura,2,3,d3ffdda3-b0c3-a671-76d0-e2c3206afbff-data/data/-3,d3ffdda3-b0c3-a671-76d0-e2c3206afbff-data/data/,0.5,0.5663716814159293,1,0.15,0.4348611111111111,0.5012544870111191
148,0.5,0.5,0.5,0.630444820686471,0.35,hocevu,2,3,d3ffdda3-b0c3-a671-76d0-e2c3206afbff-data/data/-3,d3ffdda3-b0c3-a671-76d0-e2c3206afbff-data/data/,0.5,0.5663716814159293,1,0.7,0.5372222222222223,0.6025802054427731
149,0.5,0.5,0.5,0.630444820686471,0.15,rutheke,2,3,d3ffdda3-b0c3-a671-76d0-e2c3206afbff-data/data/-3,d3ffdda3-b0c3-a671-76d0-e2c3206afbff-data/data/,0.5,0.5663716814159293,1,0.4,0.48138888888888887,0.5479977272165815
150,0.25,0.375,0.5,0.32769310772430915,0.4,rietov,2,3,d3ffdda3-b0c3-a671-76d0-e2c3206afbff-data/data/-3,d3ffdda3-b0c3-a671-76d0-e2c3206afbff-data/data/,0.5,0.5663716814159293,1,0.15,0.4348611111111111,0.5012544870111191
151,0.5,0.5,0.5,0.630444820686471,0.3,mola,2,3,d3ffdda3-b0c3-a671-76d0-e2c3206afbff-data/data/-3,d3ffdda3-b0c3-a671-76d0-e2c3206afbff-data/data/,0.5,0.5663716814159293,1,0.3,0.4627777777777778,0.529440389294404
152,0.375,0.25,0.0,0.049401990668765286,0.1,atik,3,3,d3ffdda3-b0c3-a671-76d0-e2c3206afbff-data/data/-3,d3ffdda3-b0c3-a671-76d0-e2c3206afbff-data/data/,0.0,0.09634926608957475,0,0.15,0.0,0.07582257651800342
153,0.25,0.25,0.25,0.049401990668765286,0.1,epre,3,3,d3ffdda3-b0c3-a671-76d0-e2c3206afbff-data/data/-3,d3ffdda3-b0c3-a671-76d0-e2c3206afbff-data/data/,0.25,0.27176220806794066,0,0.4,0.2362967002999727,0.2572752419668177
154,0.75,0.8333333333333334,1.0,0.9970181950952355,0.9,kuwiku,3,3,d3ffdda3-b0c3-a671-76d0-e2c3206afbff-data/data/-3,d3ffdda3-b0c3-a671-76d0-e2c3206afbff-data/data/,1.0,0.9411764705882353,1,0.9,1.0,0.9557481224725591
155,0.375,0.4166666666666667,0.5,0.388986453049381,0.7,ugvura,3,3,d3ffdda3-b0c3-a671-76d0-e2c3206afbff-data/data/-3,d3ffdda3-b0c3-a671-76d0-e2c3206afbff-data/data/,0.5,0.5663716814159293,1,0.25,0.4534722222222222,0.5200920913446583
156,0.5,0.4166666666666667,0.25,0.388986453049381,0.15,hocevu,3,3,d3ffdda3-b0c3-a671-76d0-e2c3206afbff-data/data/-3,d3ffdda3-b0c3-a671-76d0-e2c3206afbff-data/data/,0.25,0.27176220806794066,0,0.35,0.22963113092825288,0.2502117821619897
157,0.5,0.4166666666666667,0.25,0.388986453049381,0.2,rutheke,3,3,d3ffdda3-b0c3-a671-76d0-e2c3206afbff-data/data/-3,d3ffdda3-b0c3-a671-76d0-e2c3206afbff-data/data/,0.25,0.27176220806794066,0,0.15,0.2041335245794758,0.22309073247849218
158,0.375,0.25,0.0,0.049401990668765286,0.15,rietov,3,3,d3ffdda3-b0c3-a671-76d0-e2c3206afbff-data/data/-3,d3ffdda3-b0c3-a671-76d0-e2c3206afbff-data/data/,0.0,0.09634926608957475,0,0.4,0.0,0.0900567665689263
159,0.5,0.4166666666666667,0.25,0.388986453049381,0.1,mola,3,3,d3ffdda3-b0c3-a671-76d0-e2c3206afbff-data/data/-3,d3ffdda3-b0c3-a671-76d0-e2c3206afbff-data/data/,0.25,0.27176220806794066,0,0.3,0.22308516336368506,0.24326439351593077
160,0.25,0.1875,0.0,0.0055105574076577575,0.05,atik,4,3,d3ffdda3-b0c3-a671-76d0-e2c3206afbff-data/data/-3,d3ffdda3-b0c3-a671-76d0-e2c3206afbff-data/data/,0.0,0.09634926608957475,0,0.1,0.0,0.07320483960682865
161,0.25,0.1875,0.0,0.0055105574076577575,0.05,epre,4,3,d3ffdda3-b0c3-a671-76d0-e2c3206afbff-data/data/-3,d3ffdda3-b0c3-a671-76d0-e2c3206afbff-data/data/,0.0,0.09634926608957475,0,0.1,0.0,0.07320483960682865
162,0.8333333333333334,0.75,0.5,0.9977154590442986,0.5,kuwiku,4,3,d3ffdda3-b0c3-a671-76d0-e2c3206afbff-data/data/-3,d3ffdda3-b0c3-a671-76d0-e2c3206afbff-data/data/,0.5,0.5663716814159293,1,0.9,0.5744444444444444,0.6380869732909074
163,0.4166666666666667,0.375,0.25,0.1919677167938125,0.15,ugvura,4,3,d3ffdda3-b0c3-a671-76d0-e2c3206afbff-data/data/-3,d3ffdda3-b0c3-a671-76d0-e2c3206afbff-data/data/,0.25,0.27176220806794066,0,0.7,0.278995960761685,0.30226498492045095
164,0.4166666666666667,0.5,0.75,0.7442641889587798,0.95,hocevu,4,3,d3ffdda3-b0c3-a671-76d0-e2c3206afbff-data/data/-3,d3ffdda3-b0c3-a671-76d0-e2c3206afbff-data/data/,0.75,0.8205128205128205,1,0.15,0.6977417917099985,0.7786438702156596
165,0.4166666666666667,0.4375,0.5,0.4540024664975894,0.4,rutheke,4,3,d3ffdda3-b0c3-a671-76d0-e2c3206afbff-data/data/-3,d3ffdda3-b0c3-a671-76d0-e2c3206afbff-data/data/,0.5,0.5663716814159293,1,0.2,0.44416666666666665,0.5106969084512314
166,0.25,0.1875,0.0,0.0055105574076577575,0.05,rietov,4,3,d3ffdda3-b0c3-a671-76d0-e2c3206afbff-data/data/-3,d3ffdda3-b0c3-a671-76d0-e2c3206afbff-data/data/,0.0,0.09634926608957475,0,0.15,0.0,0.07582257651800342
167,0.4166666666666667,0.5,0.75,0.7442641889587798,0.95,mola,4,3,d3ffdda3-b0c3-a671-76d0-e2c3206afbff-data/data/-3,d3ffdda3-b0c3-a671-76d0-e2c3206afbff-data/data/,0.75,0.8205128205128205,1,0.1,0.6896758703481393,0.7720314960629922
168,0.1875,0.3,0.75,0.024704913001626024,0.9,atik,5,3,d3ffdda3-b0c3-a671-76d0-e2c3206afbff-data/data/-3,d3ffdda3-b0c3-a671-76d0-e2c3206afbff-data/data/,0.75,0.8205128205128205,1,0.05,0.6814461118690314,0.7652423698384201
169,0.1875,0.2,0.25,0.0020635456993987234,0.2,epre,5,3,d3ffdda3-b0c3-a671-76d0-e2c3206afbff-data/data/-3,d3ffdda3-b0c3-a671-76d0-e2c3206afbff-data/data/,0.25,0.27176220806794066,0,0.05,0.19204152249134948,0.21017233302926466
170,0.75,0.7,0.5,0.9982499612913132,0.45,kuwiku,5,3,d3ffdda3-b0c3-a671-76d0-e2c3206afbff-data/data/-3,d3ffdda3-b0c3-a671-76d0-e2c3206afbff-data/data/,0.5,0.5663716814159293,1,0.5,0.5,0.5663716814159293
171,0.375,0.35,0.25,0.08143743371799424,0.2,ugvura,5,3,d3ffdda3-b0c3-a671-76d0-e2c3206afbff-data/data/-3,d3ffdda3-b0c3-a671-76d0-e2c3206afbff-data/data/,0.25,0.27176220806794066,0,0.15,0.2041335245794758,0.22309073247849218
172,0.5,0.55,0.75,0.930090275669665,1.0,hocevu,5,3,d3ffdda3-b0c3-a671-76d0-e2c3206afbff-data/data/-3,d3ffdda3-b0c3-a671-76d0-e2c3206afbff-data/data/,0.75,0.8205128205128205,1,0.95,0.8079584775086505,0.8650651230101302
173,0.4375,0.4,0.25,0.23681666447228453,0.25,rutheke,5,3,d3ffdda3-b0c3-a671-76d0-e2c3206afbff-data/data/-3,d3ffdda3-b0c3-a671-76d0-e2c3206afbff-data/data/,0.25,0.27176220806794066,0,0.4,0.2362967002999727,0.2572752419668177
174,0.1875,0.15,0.0,0.0005904547930059195,0.0,rietov,5,3,d3ffdda3-b0c3-a671-76d0-e2c3206afbff-data/data/-3,d3ffdda3-b0c3-a671-76d0-e2c3206afbff-data/data/,0.0,0.09634926608957475,0,0.05,0.0,0.07065639465733956
175,0.5,0.55,0.75,0.930090275669665,1.0,mola,5,3,d3ffdda3-b0c3-a671-76d0-e2c3206afbff-data/data/-3,d3ffdda3-b0c3-a671-76d0-e2c3206afbff-data/data/,0.75,0.8205128205128205,1,0.95,0.8079584775086505,0.8650651230101302
176,0.3,0.25,0.0,0.002693541858382624,0.05,atik,6,3,d3ffdda3-b0c3-a671-76d0-e2c3206afbff-data/data/-3,d3ffdda3-b0c3-a671-76d0-e2c3206afbff-data/data/,0.0,0.09634926608957475,0,0.9,0.0,0.12581765983639678
177,0.2,0.2916666666666667,0.75,0.009364338410626488,0.85,epre,6,3,d3ffdda3-b0c3-a671-76d0-e2c3206afbff-data/data/-3,d3ffdda3-b0c3-a671-76d0-e2c3206afbff-data/data/,0.75,0.8205128205128205,1,0.2,0.705648720211827,0.7850863060989642
178,0.7,0.6666666666666666,0.5,0.9986595768185553,0.55,kuwiku,6,3,d3ffdda3-b0c3-a671-76d0-e2c3206afbff-data/data/-3,d3ffdda3-b0c3-a671-76d0-e2c3206afbff-data/data/,0.5,0.5663716814159293,1,0.45,0.49069444444444443,0.5572074569671879
179,0.35,0.3333333333333333,0.25,0.032025441751417444,0.05,ugvura,6,3,d3ffdda3-b0c3-a671-76d0-e2c3206afbff-data/data/-3,d3ffdda3-b0c3-a671-76d0-e2c3206afbff-data/data/,0.25,0.27176220806794066,0,0.2,0.21033938437253352,0.22970657059645466
180,0.55,0.4583333333333333,0.0,0.5865239094680538,0.05,hocevu,6,3,d3ffdda3-b0c3-a671-76d0-e2c3206afbff-data/data/-3,d3ffdda3-b0c3-a671-76d0-e2c3206afbff-data/data/,0.0,0.09634926608957475,0,1.0,0.0,0.13448736166731265
181,0.4,0.375,0.25,0.10378004191193489,0.0,rutheke,6,3,d3ffdda3-b0c3-a671-76d0-e2c3206afbff-data/data/-3,d3ffdda3-b0c3-a671-76d0-e2c3206afbff-data/data/,0.25,0.27176220806794066,0,0.25,0.21665560716655607,0.2364302383141222
182,0.15,0.125,0.0,6.298883964310353e-05,0.05,rietov,6,3,d3ffdda3-b0c3-a671-76d0-e2c3206afbff-data/data/-3,d3ffdda3-b0c3-a671-76d0-e2c3206afbff-data/data/,0.0,0.09634926608957475,0,0.0,0.0,0.06817452635118863
183,0.55,0.5416666666666666,0.5,0.9455837521010616,0.8,mola,6,3,d3ffdda3-b0c3-a671-76d0-e2c3206afbff-data/data/-3,d3ffdda3-b0c3-a671-76d0-e2c3206afbff-data/data/,0.5,0.5663716814159293,1,1.0,0.5930555555555556,0.655583543240974
184,0.25,0.2857142857142857,0.5,0.0035151970200363214,0.2,atik,7,3,d3ffdda3-b0c3-a671-76d0-e2c3206afbff-data/data/-3,d3ffdda3-b0c3-a671-76d0-e2c3206afbff-data/data/,0.5,0.5663716814159293,1,0.05,0.41625,0.4822264962099787
185,0.2916666666666667,0.32142857142857145,0.5,0.0121960111153049,0.6,epre,7,3,d3ffdda3-b0c3-a671-76d0-e2c3206afbff-data/data/-3,d3ffdda3-b0c3-a671-76d0-e2c3206afbff-data/data/,0.5,0.5663716814159293,1,0.85,0.5651388888888889,0.6292749525777183
186,0.6666666666666666,0.6428571428571429,0.5,0.998973415988344,0.45,kuwiku,7,3,d3ffdda3-b0c3-a671-76d0-e2c3206afbff-data/data/-3,d3ffdda3-b0c3-a671-76d0-e2c3206afbff-data/data/,0.5,0.5663716814159293,1,0.55,0.5093055555555556,0.575490736994397
187,0.3333333333333333,0.2857142857142857,0.0,0.0035151970200363214,0.0,ugvura,7,3,d3ffdda3-b0c3-a671-76d0-e2c3206afbff-data/data/-3,d3ffdda3-b0c3-a671-76d0-e2c3206afbff-data/data/,0.0,0.09634926608957475,0,0.05,0.0,0.07065639465733956
188,0.4583333333333333,0.42857142857142855,0.25,0.3461317399036584,0.05,hocevu,7,3,d3ffdda3-b0c3-a671-76d0-e2c3206afbff-data/data/-3,d3ffdda3-b0c3-a671-76d0-e2c3206afbff-data/data/,0.25,0.27176220806794066,0,0.05,0.19204152249134948,0.21017233302926466
189,0.375,0.35714285714285715,0.25,0.041423048988823576,0.1,rutheke,7,3,d3ffdda3-b0c3-a671-76d0-e2c3206afbff-data/data/-3,d3ffdda3-b0c3-a671-76d0-e2c3206afbff-data/data/,0.25,0.27176220806794066,0,0.0,0.18614993646759845,0.20386486559943473
190,0.125,0.21428571428571427,0.75,0.0002878842187510071,0.8,rietov,7,3,d3ffdda3-b0c3-a671-76d0-e2c3206afbff-data/data/-3,d3ffdda3-b0c3-a671-76d0-e2c3206afbff-data/data/,0.75,0.8205128205128205,1,0.05,0.6814461118690314,0.7652423698384201
191,0.5416666666666666,0.5714285714285714,0.75,0.9875679247659895,0.9,mola,7,3,d3ffdda3-b0c3-a671-76d0-e2c3206afbff-data/data/-3,d3ffdda3-b0c3-a671-76d0-e2c3206afbff-data/data/,0.75,0.8205128205128205,1,0.8,0.7896606156274665,0.8512063808574277
192,0.2857142857142857,0.28125,0.25,0.001314690433474818,0.15,atik,8,3,d3ffdda3-b0c3-a671-76d0-e2c3206afbff-data/data/-3,d3ffdda3-b0c3-a671-76d0-e2c3206afbff-data/data/,0.25,0.27176220806794066,0,0.2,0.21033938437253352,0.22970657059645466
193,0.32142857142857145,0.375,0.75,0.05342610314221598,0.65,epre,8,3,d3ffdda3-b0c3-a671-76d0-e2c3206afbff-data/data/-3,d3ffdda3-b0c3-a671-76d0-e2c3206afbff-data/data/,0.75,0.8205128205128205,1,0.6,0.7637032997000273,0.8312208695652175
194,0.6428571428571429,0.59375,0.25,0.9972538110206882,0.3,kuwiku,8,3,d3ffdda3-b0c3-a671-76d0-e2c3206afbff-data/data/-3,d3ffdda3-b0c3-a671-76d0-e2c3206afbff-data/data/,0.25,0.27176220806794066,0,0.45,0.24308517957891843,0.2644577062640168
195,0.2857142857142857,0.28125,0.25,0.001314690433474818,0.15,ugvura,8,3,d3ffdda3-b0c3-a671-76d0-e2c3206afbff-data/data/-3,d3ffdda3-b0c3-a671-76d0-e2c3206afbff-data/data/,0.25,0.27176220806794066,0,0.0,0.18614993646759845,0.20386486559943473
196,0.42857142857142855,0.4375,0.5,0.4087769619905949,0.25,hocevu,8,3,d3ffdda3-b0c3-a671-76d0-e2c3206afbff-data/data/-3,d3ffdda3-b0c3-a671-76d0-e2c3206afbff-data/data/,0.5,0.5663716814159293,1,0.05,0.41625,0.4822264962099787
197,0.35714285714285715,0.34375,0.25,0.015870232823281413,0.1,rutheke,8,3,d3ffdda3-b0c3-a671-76d0-e2c3206afbff-data/data/-3,d3ffdda3-b0c3-a671-76d0-e2c3206afbff-data/data/,0.25,0.27176220806794066,0,0.1,0.19803516028955537,0.21658015064831804
198,0.21428571428571427,0.21875,0.25,0.00010745140150473962,0.05,rietov,8,3,d3ffdda3-b0c3-a671-76d0-e2c3206afbff-data/data/-3,d3ffdda3-b0c3-a671-76d0-e2c3206afbff-data/data/,0.25,0.27176220806794066,0,0.8,0.29435127978817305,0.318335539439587
199,0.5714285714285714,0.59375,0.75,0.9972538110206882,0.7,mola,8,3,d3ffdda3-b0c3-a671-76d0-e2c3206afbff-data/data/-3,d3ffdda3-b0c3-a671-76d0-e2c3206afbff-data/data/,0.75,0.8205128205128205,1,0.9,0.8019648397104447,0.8605461638491548
200,0.28125,0.2777777777777778,0.25,0.0004910179762726871,0.45,atik,9,3,d3ffdda3-b0c3-a671-76d0-e2c3206afbff-data/data/-3,d3ffdda3-b0c3-a671-76d0-e2c3206afbff-data/data/,0.25,0.27176220806794066,0,0.15,0.2041335245794758,0.22309073247849218
201,0.375,0.3888888888888889,0.5,0.06865813373639827,0.65,epre,9,3,d3ffdda3-b0c3-a671-76d0-e2c3206afbff-data/data/-3,d3ffdda3-b0c3-a671-76d0-e2c3206afbff-data/data/,0.5,0.5663716814159293,1,0.65,0.5279166666666667,0.5935946707660774
202,0.59375,0.5833333333333334,0.5,0.9978960949093602,0.6,kuwiku,9,3,d3ffdda3-b0c3-a671-76d0-e2c3206afbff-data/data/-3,d3ffdda3-b0c3-a671-76d0-e2c3206afbff-data/data/,0.5,0.5663716814159293,1,0.3,0.4627777777777778,0.529440389294404
203,0.28125,0.2777777777777778,0.25,0.0004910179762726871,0.55,ugvura,9,3,d3ffdda3-b0c3-a671-76d0-e2c3206afbff-data/data/-3,d3ffdda3-b0c3-a671-76d0-e2c3206afbff-data/data/,0.25,0.27176220806794066,0,0.15,0.2041335245794758,0.22309073247849218
204,0.4375,0.4444444444444444,0.5,0.4745318426945123,0.6,hocevu,9,3,d3ffdda3-b0c3-a671-76d0-e2c3206afbff-data/data/-3,d3ffdda3-b0c3-a671-76d0-e2c3206afbff-data/data/,0.5,0.5663716814159293,1,0.25,0.4534722222222222,0.5200920913446583
205,0.34375,0.3055555555555556,0.0,0.0017164558902104709,0.25,rutheke,9,3,d3ffdda3-b0c3-a671-76d0-e2c3206afbff-data/data/-3,d3ffdda3-b0c3-a671-76d0-e2c3206afbff-data/data/,0.0,0.09634926608957475,0,0.1,0.0,0.07320483960682865
206,0.21875,0.2777777777777778,0.75,0.0004910179762726871,0.75,rietov,9,3,d3ffdda3-b0c3-a671-76d0-e2c3206afbff-data/data/-3,d3ffdda3-b0c3-a671-76d0-e2c3206afbff-data/data/,0.75,0.8205128205128205,1,0.05,0.6814461118690314,0.7652423698384201
207,0.59375,0.6111111111111112,0.75,0.9993979795498968,0.8,mola,9,3,d3ffdda3-b0c3-a671-76d0-e2c3206afbff-data/data/-3,d3ffdda3-b0c3-a671-76d0-e2c3206afbff-data/data/,0.75,0.8205128205128205,1,0.7,0.776914836636315,0.8414411964649898
208,0.2777777777777778,0.3,0.5,0.0006412332168552063,0.4,atik,10,3,d3ffdda3-b0c3-a671-76d0-e2c3206afbff-data/data/-3,d3ffdda3-b0c3-a671-76d0-e2c3206afbff-data/data/,0.5,0.5663716814159293,1,0.45,0.49069444444444443,0.5572074569671879
209,0.3888888888888889,0.425,0.75,0.25205897318613246,0.95,epre,10,3,d3ffdda3-b0c3-a671-76d0-e2c3206afbff-data/data/-3,d3ffdda3-b0c3-a671-76d0-e2c3206afbff-data/data/,0.75,0.8205128205128205,1,0.65,0.7703688690717471,0.8363898916967509
210,0.5833333333333334,0.575,0.5,0.9983884029820493,0.6,kuwiku,10,3,d3ffdda3-b0c3-a671-76d0-e2c3206afbff-data/data/-3,d3ffdda3-b0c3-a671-76d0-e2c3206afbff-data/data/,0.5,0.5663716814159293,1,0.6,0.5186111111111111,0.5845649568259095
211,0.2777777777777778,0.25,0.0,5.23764125452752e-05,0.25,ugvura,10,3,d3ffdda3-b0c3-a671-76d0-e2c3206afbff-data/data/-3,d3ffdda3-b0c3-a671-76d0-e2c3206afbff-data/data/,0.0,0.09634926608957475,0,0.55,0.0,0.09963949419863222
212,0.4444444444444444,0.425,0.25,0.25205897318613246,0.4,hocevu,10,3,d3ffdda3-b0c3-a671-76d0-e2c3206afbff-data/data/-3,d3ffdda3-b0c3-a671-76d0-e2c3206afbff-data/data/,0.25,0.27176220806794066,0,0.6,0.2642230399094254,0.286749980501443
213,0.3055555555555556,0.375,1.0,0.02677394968865807,0.95,rutheke,10,3,d3ffdda3-b0c3-a671-76d0-e2c3206afbff-data/data/-3,d3ffdda3-b0c3-a671-76d0-e2c3206afbff-data/data/,1.0,0.9411764705882353,1,0.25,1.0,0.9299510458388962
214,0.2777777777777778,0.3,0.5,0.0006412332168552063,0.7,rietov,10,3,d3ffdda3-b0c3-a671-76d0-e2c3206afbff-data/data/-3,d3ffdda3-b0c3-a671-76d0-e2c3206afbff-data/data/,0.5,0.5663716814159293,1,0.75,0.5465277777777777,0.6115218842955139
215,0.6111111111111112,0.625,0.75,0.999868246058909,0.8,mola,10,3,d3ffdda3-b0c3-a671-76d0-e2c3206afbff-data/data/-3,d3ffdda3-b0c3-a671-76d0-e2c3206afbff-data/data/,0.75,0.8205128205128205,1,0.8,0.7896606156274665,0.8512063808574277
216,0.5,0.375,0.25,0.32769310772430915,0.0,zidup,2,4,d3ffdda3-b0c3-a671-76d0-e2c3206afbff-data/data/-4,d3ffdda3-b0c3-a671-76d0-e2c3206afbff-data/data/,0.25,0.27176220806794066,0,0.35,0.22963113092825288,0.2502117821619897
217,0.0,0.125,0.25,0.03826647094338392,0.2,hoha,2,4,d3ffdda3-b0c3-a671-76d0-e2c3206afbff-data/data/-4,d3ffdda3-b0c3-a671-76d0-e2c3206afbff-data/data/,0.25,0.27176220806794066,0,0.1,0.19803516028955537,0.21658015064831804
218,1.0,0.875,0.75,0.9865125240847785,0.95,thevi,2,4,d3ffdda3-b0c3-a671-76d0-e2c3206afbff-data/data/-4,d3ffdda3-b0c3-a671-76d0-e2c3206afbff-data/data/,0.75,0.8205128205128205,1,0.9,0.8019648397104447,0.8605461638491548
219,0.0,0.25,0.5,0.12223855319212436,0.45,izop,2,4,d3ffdda3-b0c3-a671-76d0-e2c3206afbff-data/data/-4,d3ffdda3-b0c3-a671-76d0-e2c3206afbff-data/data/,0.5,0.5663716814159293,1,0.1,0.4255555555555556,0.4917644698565554
220,0.25,0.25,0.25,0.12223855319212436,0.1,anliam,2,4,d3ffdda3-b0c3-a671-76d0-e2c3206afbff-data/data/-4,d3ffdda3-b0c3-a671-76d0-e2c3206afbff-data/data/,0.25,0.27176220806794066,0,0.25,0.21665560716655607,0.2364302383141222
221,0.5,0.25,0.0,0.12223855319212436,0.0,uyakuz,2,4,d3ffdda3-b0c3-a671-76d0-e2c3206afbff-data/data/-4,d3ffdda3-b0c3-a671-76d0-e2c3206afbff-data/data/,0.0,0.09634926608957475,0,0.3,0.0,0.08412100125640286
222,0.0,0.125,0.25,0.03826647094338392,0.0,olag,2,4,d3ffdda3-b0c3-a671-76d0-e2c3206afbff-data/data/-4,d3ffdda3-b0c3-a671-76d0-e2c3206afbff-data/data/,0.25,0.27176220806794066,0,0.2,0.21033938437253352,0.22970657059645466
223,0.5,0.625,0.75,0.856545378502719,0.9,zuri,2,4,d3ffdda3-b0c3-a671-76d0-e2c3206afbff-data/data/-4,d3ffdda3-b0c3-a671-76d0-e2c3206afbff-data/data/,0.75,0.8205128205128205,1,0.55,0.7569148204210816,0.825929966566954
224,0.375,0.4166666666666667,0.5,0.388986453049381,0.45,zidup,3,4,d3ffdda3-b0c3-a671-76d0-e2c3206afbff-data/data/-4,d3ffdda3-b0c3-a671-76d0-e2c3206afbff-data/data/,0.5,0.5663716814159293,1,0.0,0.40694444444444444,0.47264020163831133
225,0.125,0.08333333333333333,0.0,0.004224476582595556,0.1,hoha,3,4,d3ffdda3-b0c3-a671-76d0-e2c3206afbff-data/data/-4,d3ffdda3-b0c3-a671-76d0-e2c3206afbff-data/data/,0.0,0.09634926608957475,0,0.2,0.0,0.07851247040275273
226,0.875,0.8333333333333334,0.75,0.9970181950952355,0.9,thevi,3,4,d3ffdda3-b0c3-a671-76d0-e2c3206afbff-data/data/-4,d3ffdda3-b0c3-a671-76d0-e2c3206afbff-data/data/,0.75,0.8205128205128205,1,0.95,0.8079584775086505,0.8650651230101302
227,0.25,0.3333333333333333,0.5,0.15389960074130657,0.4,izop,3,4,d3ffdda3-b0c3-a671-76d0-e2c3206afbff-data/data/-4,d3ffdda3-b0c3-a671-76d0-e2c3206afbff-data/data/,0.5,0.5663716814159293,1,0.45,0.49069444444444443,0.5572074569671879
228,0.25,0.3333333333333333,0.5,0.15389960074130657,0.45,anliam,3,4,d3ffdda3-b0c3-a671-76d0-e2c3206afbff-data/data/-4,d3ffdda3-b0c3-a671-76d0-e2c3206afbff-data/data/,0.5,0.5663716814159293,1,0.1,0.4255555555555556,0.4917644698565554
229,0.25,0.3333333333333333,0.5,0.15389960074130657,0.45,uyakuz,3,4,d3ffdda3-b0c3-a671-76d0-e2c3206afbff-data/data/-4,d3ffdda3-b0c3-a671-76d0-e2c3206afbff-data/data/,0.5,0.5663716814159293,1,0.0,0.40694444444444444,0.47264020163831133
230,0.125,0.16666666666666666,0.25,0.014631145708034117,0.15,olag,3,4,d3ffdda3-b0c3-a671-76d0-e2c3206afbff-data/data/-4,d3ffdda3-b0c3-a671-76d0-e2c3206afbff-data/data/,0.25,0.27176220806794066,0,0.0,0.18614993646759845,0.20386486559943473
231,0.625,0.5833333333333334,0.5,0.8863462695852695,0.7,zuri,3,4,d3ffdda3-b0c3-a671-76d0-e2c3206afbff-data/data/-4,d3ffdda3-b0c3-a671-76d0-e2c3206afbff-data/data/,0.5,0.5663716814159293,1,0.9,0.5744444444444444,0.6380869732909074
232,0.4166666666666667,0.3125,0.0,0.06356377042650506,0.15,zidup,4,4,d3ffdda3-b0c3-a671-76d0-e2c3206afbff-data/data/-4,d3ffdda3-b0c3-a671-76d0-e2c3206afbff-data/data/,0.0,0.09634926608957475,0,0.45,0.0,0.09315644436067268
233,0.08333333333333333,0.1875,0.5,0.0055105574076577575,0.35,hoha,4,4,d3ffdda3-b0c3-a671-76d0-e2c3206afbff-data/data/-4,d3ffdda3-b0c3-a671-76d0-e2c3206afbff-data/data/,0.5,0.5663716814159293,1,0.1,0.4255555555555556,0.4917644698565554
234,0.8333333333333334,0.6875,0.25,0.9920495146783823,0.1,thevi,4,4,d3ffdda3-b0c3-a671-76d0-e2c3206afbff-data/data/-4,d3ffdda3-b0c3-a671-76d0-e2c3206afbff-data/data/,0.25,0.27176220806794066,0,0.9,0.3103241296518607,0.3349920271330583
235,0.3333333333333333,0.375,0.5,0.1919677167938125,0.5,izop,4,4,d3ffdda3-b0c3-a671-76d0-e2c3206afbff-data/data/-4,d3ffdda3-b0c3-a671-76d0-e2c3206afbff-data/data/,0.5,0.5663716814159293,1,0.4,0.48138888888888887,0.5479977272165815
236,0.3333333333333333,0.3125,0.25,0.06356377042650506,0.05,anliam,4,4,d3ffdda3-b0c3-a671-76d0-e2c3206afbff-data/data/-4,d3ffdda3-b0c3-a671-76d0-e2c3206afbff-data/data/,0.25,0.27176220806794066,0,0.45,0.24308517957891843,0.2644577062640168
237,0.3333333333333333,0.375,0.5,0.1919677167938125,0.55,uyakuz,4,4,d3ffdda3-b0c3-a671-76d0-e2c3206afbff-data/data/-4,d3ffdda3-b0c3-a671-76d0-e2c3206afbff-data/data/,0.5,0.5663716814159293,1,0.45,0.49069444444444443,0.5572074569671879
238,0.16666666666666666,0.1875,0.25,0.0055105574076577575,0.1,olag,4,4,d3ffdda3-b0c3-a671-76d0-e2c3206afbff-data/data/-4,d3ffdda3-b0c3-a671-76d0-e2c3206afbff-data/data/,0.25,0.27176220806794066,0,0.15,0.2041335245794758,0.22309073247849218
239,0.5833333333333334,0.625,0.75,0.9727156116961383,1.0,zuri,4,4,d3ffdda3-b0c3-a671-76d0-e2c3206afbff-data/data/-4,d3ffdda3-b0c3-a671-76d0-e2c3206afbff-data/data/,0.75,0.8205128205128205,1,0.7,0.776914836636315,0.8414411964649898
240,0.3125,0.35,0.5,0.08143743371799424,0.65,zidup,5,4,d3ffdda3-b0c3-a671-76d0-e2c3206afbff-data/data/-4,d3ffdda3-b0c3-a671-76d0-e2c3206afbff-data/data/,0.5,0.5663716814159293,1,0.15,0.4348611111111111,0.5012544870111191
241,0.1875,0.2,0.25,0.0020635456993987234,0.1,hoha,5,4,d3ffdda3-b0c3-a671-76d0-e2c3206afbff-data/data/-4,d3ffdda3-b0c3-a671-76d0-e2c3206afbff-data/data/,0.25,0.27176220806794066,0,0.35,0.22963113092825288,0.2502117821619897
242,0.6875,0.7,0.75,0.9982499612913132,0.75,thevi,5,4,d3ffdda3-b0c3-a671-76d0-e2c3206afbff-data/data/-4,d3ffdda3-b0c3-a671-76d0-e2c3206afbff-data/data/,0.75,0.8205128205128205,1,0.1,0.6896758703481393,0.7720314960629922
243,0.375,0.45,0.75,0.520626027486169,0.95,izop,5,4,d3ffdda3-b0c3-a671-76d0-e2c3206afbff-data/data/-4,d3ffdda3-b0c3-a671-76d0-e2c3206afbff-data/data/,0.75,0.8205128205128205,1,0.5,0.75,0.8205128205128205
244,0.3125,0.35,0.5,0.08143743371799424,0.4,anliam,5,4,d3ffdda3-b0c3-a671-76d0-e2c3206afbff-data/data/-4,d3ffdda3-b0c3-a671-76d0-e2c3206afbff-data/data/,0.5,0.5663716814159293,1,0.05,0.41625,0.4822264962099787
245,0.375,0.35,0.25,0.08143743371799424,0.25,uyakuz,5,4,d3ffdda3-b0c3-a671-76d0-e2c3206afbff-data/data/-4,d3ffdda3-b0c3-a671-76d0-e2c3206afbff-data/data/,0.25,0.27176220806794066,0,0.55,0.25704472171596804,0.2791918843441719
246,0.1875,0.15,0.0,0.0005904547930059195,0.05,olag,5,4,d3ffdda3-b0c3-a671-76d0-e2c3206afbff-data/data/-4,d3ffdda3-b0c3-a671-76d0-e2c3206afbff-data/data/,0.0,0.09634926608957475,0,0.1,0.0,0.07320483960682865
247,0.625,0.55,0.25,0.930090275669665,0.2,zuri,5,4,d3ffdda3-b0c3-a671-76d0-e2c3206afbff-data/data/-4,d3ffdda3-b0c3-a671-76d0-e2c3206afbff-data/data/,0.25,0.27176220806794066,0,1.0,0.32695252679938747,0.35226708775095883
248,0.35,0.3333333333333333,0.25,0.032025441751417444,0.2,zidup,6,4,d3ffdda3-b0c3-a671-76d0-e2c3206afbff-data/data/-4,d3ffdda3-b0c3-a671-76d0-e2c3206afbff-data/data/,0.25,0.27176220806794066,0,0.65,0.27153879125589375,0.2944398551185106
249,0.2,0.20833333333333334,0.25,0.0007710668887811361,0.05,hoha,6,4,d3ffdda3-b0c3-a671-76d0-e2c3206afbff-data/data/-4,d3ffdda3-b0c3-a671-76d0-e2c3206afbff-data/data/,0.25,0.27176220806794066,0,0.1,0.19803516028955537,0.21658015064831804
250,0.7,0.6666666666666666,0.5,0.9986595768185553,0.8,thevi,6,4,d3ffdda3-b0c3-a671-76d0-e2c3206afbff-data/data/-4,d3ffdda3-b0c3-a671-76d0-e2c3206afbff-data/data/,0.5,0.5663716814159293,1,0.75,0.5465277777777777,0.6115218842955139
251,0.45,0.4166666666666667,0.25,0.2884037607470506,0.05,izop,6,4,d3ffdda3-b0c3-a671-76d0-e2c3206afbff-data/data/-4,d3ffdda3-b0c3-a671-76d0-e2c3206afbff-data/data/,0.25,0.27176220806794066,0,0.95,0.31855388813096863,0.3435501020144258
252,0.35,0.375,0.5,0.10378004191193489,0.35,anliam,6,4,d3ffdda3-b0c3-a671-76d0-e2c3206afbff-data/data/-4,d3ffdda3-b0c3-a671-76d0-e2c3206afbff-data/data/,0.5,0.5663716814159293,1,0.4,0.48138888888888887,0.5479977272165815
253,0.35,0.3333333333333333,0.25,0.032025441751417444,0.0,uyakuz,6,4,d3ffdda3-b0c3-a671-76d0-e2c3206afbff-data/data/-4,d3ffdda3-b0c3-a671-76d0-e2c3206afbff-data/data/,0.25,0.27176220806794066,0,0.25,0.21665560716655607,0.2364302383141222
254,0.15,0.20833333333333334,0.5,0.0007710668887811361,0.3,olag,6,4,d3ffdda3-b0c3-a671-76d0-e2c3206afbff-data/data/-4,d3ffdda3-b0c3-a671-76d0-e2c3206afbff-data/data/,0.5,0.5663716814159293,1,0.05,0.41625,0.4822264962099787
255,0.55,0.5416666666666666,0.5,0.9455837521010616,0.3,zuri,6,4,d3ffdda3-b0c3-a671-76d0-e2c3206afbff-data/data/-4,d3ffdda3-b0c3-a671-76d0-e2c3206afbff-data/data/,0.5,0.5663716814159293,1,0.2,0.44416666666666665,0.5106969084512314
256,0.3333333333333333,0.32142857142857145,0.25,0.0121960111153049,0.2,zidup,7,4,d3ffdda3-b0c3-a671-76d0-e2c3206afbff-data/data/-4,d3ffdda3-b0c3-a671-76d0-e2c3206afbff-data/data/,0.25,0.27176220806794066,0,0.2,0.21033938437253352,0.22970657059645466
257,0.20833333333333334,0.21428571428571427,0.25,0.0002878842187510071,0.1,hoha,7,4,d3ffdda3-b0c3-a671-76d0-e2c3206afbff-data/data/-4,d3ffdda3-b0c3-a671-76d0-e2c3206afbff-data/data/,0.25,0.27176220806794066,0,0.05,0.19204152249134948,0.21017233302926466
258,0.6666666666666666,0.7142857142857143,1.0,0.9999161181412957,0.9,thevi,7,4,d3ffdda3-b0c3-a671-76d0-e2c3206afbff-data/data/-4,d3ffdda3-b0c3-a671-76d0-e2c3206afbff-data/data/,1.0,0.9411764705882353,1,0.8,1.0,0.9524319500223115
259,0.4166666666666667,0.42857142857142855,0.5,0.3461317399036584,0.4,izop,7,4,d3ffdda3-b0c3-a671-76d0-e2c3206afbff-data/data/-4,d3ffdda3-b0c3-a671-76d0-e2c3206afbff-data/data/,0.5,0.5663716814159293,1,0.05,0.41625,0.4822264962099787
260,0.375,0.35714285714285715,0.25,0.041423048988823576,0.05,anliam,7,4,d3ffdda3-b0c3-a671-76d0-e2c3206afbff-data/data/-4,d3ffdda3-b0c3-a671-76d0-e2c3206afbff-data/data/,0.25,0.27176220806794066,0,0.35,0.22963113092825288,0.2502117821619897
261,0.3333333333333333,0.2857142857142857,0.0,0.0035151970200363214,0.0,uyakuz,7,4,d3ffdda3-b0c3-a671-76d0-e2c3206afbff-data/data/-4,d3ffdda3-b0c3-a671-76d0-e2c3206afbff-data/data/,0.0,0.09634926608957475,0,0.0,0.0,0.06817452635118863
262,0.20833333333333334,0.25,0.5,0.0010068701105905955,0.25,olag,7,4,d3ffdda3-b0c3-a671-76d0-e2c3206afbff-data/data/-4,d3ffdda3-b0c3-a671-76d0-e2c3206afbff-data/data/,0.5,0.5663716814159293,1,0.3,0.4627777777777778,0.529440389294404
263,0.5416666666666666,0.5714285714285714,0.75,0.9875679247659895,0.75,zuri,7,4,d3ffdda3-b0c3-a671-76d0-e2c3206afbff-data/data/-4,d3ffdda3-b0c3-a671-76d0-e2c3206afbff-data/data/,0.75,0.8205128205128205,1,0.3,0.721004039238315,0.7974869109947643
264,0.32142857142857145,0.3125,0.25,0.004586342465750939,0.2,zidup,8,4,d3ffdda3-b0c3-a671-76d0-e2c3206afbff-data/data/-4,d3ffdda3-b0c3-a671-76d0-e2c3206afbff-data/data/,0.25,0.27176220806794066,0,0.2,0.21033938437253352,0.22970657059645466
265,0.21428571428571427,0.1875,0.0,3.070275689725322e-05,0.15,hoha,8,4,d3ffdda3-b0c3-a671-76d0-e2c3206afbff-data/data/-4,d3ffdda3-b0c3-a671-76d0-e2c3206afbff-data/data/,0.0,0.09634926608957475,0,0.1,0.0,0.07320483960682865
266,0.7142857142857143,0.71875,0.75,0.9999816496408617,0.7,thevi,8,4,d3ffdda3-b0c3-a671-76d0-e2c3206afbff-data/data/-4,d3ffdda3-b0c3-a671-76d0-e2c3206afbff-data/data/,0.75,0.8205128205128205,1,0.9,0.8019648397104447,0.8605461638491548
267,0.42857142857142855,0.40625,0.25,0.16495862033695602,0.4,izop,8,4,d3ffdda3-b0c3-a671-76d0-e2c3206afbff-data/data/-4,d3ffdda3-b0c3-a671-76d0-e2c3206afbff-data/data/,0.25,0.27176220806794066,0,0.4,0.2362967002999727,0.2572752419668177
268,0.35714285714285715,0.375,0.5,0.05342610314221598,0.25,anliam,8,4,d3ffdda3-b0c3-a671-76d0-e2c3206afbff-data/data/-4,d3ffdda3-b0c3-a671-76d0-e2c3206afbff-data/data/,0.5,0.5663716814159293,1,0.05,0.41625,0.4822264962099787
269,0.2857142857142857,0.3125,0.5,0.004586342465750939,0.3,uyakuz,8,4,d3ffdda3-b0c3-a671-76d0-e2c3206afbff-data/data/-4,d3ffdda3-b0c3-a671-76d0-e2c3206afbff-data/data/,0.5,0.5663716814159293,1,0.0,0.40694444444444444,0.47264020163831133
270,0.25,0.28125,0.5,0.001314690433474818,0.45,olag,8,4,d3ffdda3-b0c3-a671-76d0-e2c3206afbff-data/data/-4,d3ffdda3-b0c3-a671-76d0-e2c3206afbff-data/data/,0.5,0.5663716814159293,1,0.25,0.4534722222222222,0.5200920913446583
271,0.5714285714285714,0.5625,0.5,0.9904538772153704,0.45,zuri,8,4,d3ffdda3-b0c3-a671-76d0-e2c3206afbff-data/data/-4,d3ffdda3-b0c3-a671-76d0-e2c3206afbff-data/data/,0.5,0.5663716814159293,1,0.75,0.5465277777777777,0.6115218842955139
272,0.3125,0.2777777777777778,0.0,0.0004910179762726871,0.25,zidup,9,4,d3ffdda3-b0c3-a671-76d0-e2c3206afbff-data/data/-4,d3ffdda3-b0c3-a671-76d0-e2c3206afbff-data/data/,0.0,0.09634926608957475,0,0.2,0.0,0.07851247040275273
273,0.1875,0.16666666666666666,0.0,3.27368653153875e-06,0.25,hoha,9,4,d3ffdda3-b0c3-a671-76d0-e2c3206afbff-data/data/-4,d3ffdda3-b0c3-a671-76d0-e2c3206afbff-data/data/,0.0,0.09634926608957475,0,0.15,0.0,0.07582257651800342
274,0.71875,0.6944444444444444,0.5,0.9999859504458593,0.45,thevi,9,4,d3ffdda3-b0c3-a671-76d0-e2c3206afbff-data/data/-4,d3ffdda3-b0c3-a671-76d0-e2c3206afbff-data/data/,0.5,0.5663716814159293,1,0.7,0.5372222222222223,0.6025802054427731
275,0.40625,0.4166666666666667,0.5,0.20509915503786438,0.7,izop,9,4,d3ffdda3-b0c3-a671-76d0-e2c3206afbff-data/data/-4,d3ffdda3-b0c3-a671-76d0-e2c3206afbff-data/data/,0.5,0.5663716814159293,1,0.4,0.48138888888888887,0.5479977272165815
276,0.375,0.3333333333333333,0.0,0.005981926334009619,0.25,anliam,9,4,d3ffdda3-b0c3-a671-76d0-e2c3206afbff-data/data/-4,d3ffdda3-b0c3-a671-76d0-e2c3206afbff-data/data/,0.0,0.09634926608957475,0,0.25,0.0,0.08127754642628805
277,0.3125,0.3611111111111111,0.75,0.020628250482075446,0.8,uyakuz,9,4,d3ffdda3-b0c3-a671-76d0-e2c3206afbff-data/data/-4,d3ffdda3-b0c3-a671-76d0-e2c3206afbff-data/data/,0.75,0.8205128205128205,1,0.3,0.721004039238315,0.7974869109947643
278,0.28125,0.3055555555555556,0.5,0.0017164558902104709,0.4,olag,9,4,d3ffdda3-b0c3-a671-76d0-e2c3206afbff-data/data/-4,d3ffdda3-b0c3-a671-76d0-e2c3206afbff-data/data/,0.5,0.5663716814159293,1,0.45,0.49069444444444443,0.5572074569671879
279,0.5625,0.5833333333333334,0.75,0.9978960949093602,0.7,zuri,9,4,d3ffdda3-b0c3-a671-76d0-e2c3206afbff-data/data/-4,d3ffdda3-b0c3-a671-76d0-e2c3206afbff-data/data/,0.75,0.8205128205128205,1,0.45,0.742955278284032,0.814964858533069
280,0.2777777777777778,0.275,0.25,0.00018329344327595848,0.3,zidup,10,4,d3ffdda3-b0c3-a671-76d0-e2c3206afbff-data/data/-4,d3ffdda3-b0c3-a671-76d0-e2c3206afbff-data/data/,0.25,0.27176220806794066,0,0.25,0.21665560716655607,0.2364302383141222
281,0.16666666666666666,0.2,0.5,4.275831184745213e-06,0.5,hoha,10,4,d3ffdda3-b0c3-a671-76d0-e2c3206afbff-data/data/-4,d3ffdda3-b0c3-a671-76d0-e2c3206afbff-data/data/,0.5,0.5663716814159293,1,0.25,0.4534722222222222,0.5200920913446583
282,0.6944444444444444,0.675,0.5,0.9999892432746884,0.65,thevi,10,4,d3ffdda3-b0c3-a671-76d0-e2c3206afbff-data/data/-4,d3ffdda3-b0c3-a671-76d0-e2c3206afbff-data/data/,0.5,0.5663716814159293,1,0.45,0.49069444444444443,0.5572074569671879
283,0.4166666666666667,0.425,0.5,0.25205897318613246,0.8,izop,10,4,d3ffdda3-b0c3-a671-76d0-e2c3206afbff-data/data/-4,d3ffdda3-b0c3-a671-76d0-e2c3206afbff-data/data/,0.5,0.5663716814159293,1,0.7,0.5372222222222223,0.6025802054427731
284,0.3333333333333333,0.35,0.5,0.007798847009227021,0.5,anliam,10,4,d3ffdda3-b0c3-a671-76d0-e2c3206afbff-data/data/-4,d3ffdda3-b0c3-a671-76d0-e2c3206afbff-data/data/,0.5,0.5663716814159293,1,0.25,0.4534722222222222,0.5200920913446583
285,0.3611111111111111,0.35,0.25,0.007798847009227021,0.4,uyakuz,10,4,d3ffdda3-b0c3-a671-76d0-e2c3206afbff-data/data/-4,d3ffdda3-b0c3-a671-76d0-e2c3206afbff-data/data/,0.25,0.27176220806794066,0,0.8,0.29435127978817305,0.318335539439587
286,0.3055555555555556,0.275,0.0,0.00018329344327595848,0.3,olag,10,4,d3ffdda3-b0c3-a671-76d0-e2c3206afbff-data/data/-4,d3ffdda3-b0c3-a671-76d0-e2c3206afbff-data/data/,0.0,0.09634926608957475,0,0.4,0.0,0.0900567665689263
287,0.5833333333333334,0.6,0.75,0.9995390130483034,0.8,zuri,10,4,d3ffdda3-b0c3-a671-76d0-e2c3206afbff-data/data/-4,d3ffdda3-b0c3-a671-76d0-e2c3206afbff-data/data/,0.75,0.8205128205128205,1,0.7,0.776914836636315,0.8414411964649898
288,1.0,0.875,0.75,0.9865125240847785,0.95,zovathy,2,3,c40e84e2-86a3-a44b-1726-d1a9e1f1d715-data/data/-3,c40e84e2-86a3-a44b-1726-d1a9e1f1d715-data/data/,0.75,0.8205128205128205,1,0.95,0.8079584775086505,0.8650651230101302
289,0.75,0.5,0.25,0.630444820686471,0.25,dokoay,2,3,c40e84e2-86a3-a44b-1726-d1a9e1f1d715-data/data/-3,c40e84e2-86a3-a44b-1726-d1a9e1f1d715-data/data/,0.25,0.27176220806794066,0,0.85,0.30225820829000144,0.32658855693472083
290,0.25,0.375,0.5,0.32769310772430915,0.4,izakri,2,3,c40e84e2-86a3-a44b-1726-d1a9e1f1d715-data/data/-3,c40e84e2-86a3-a44b-1726-d1a9e1f1d715-data/data/,0.5,0.5663716814159293,1,0.15,0.4348611111111111,0.5012544870111191
291,0.5,0.625,0.75,0.856545378502719,0.8,hapom,2,3,c40e84e2-86a3-a44b-1726-d1a9e1f1d715-data/data/-3,c40e84e2-86a3-a44b-1726-d1a9e1f1d715-data/data/,0.75,0.8205128205128205,1,0.55,0.7569148204210816,0.825929966566954
292,1.0,0.875,0.75,0.9865125240847785,0.8,tathi,2,3,c40e84e2-86a3-a44b-1726-d1a9e1f1d715-data/data/-3,c40e84e2-86a3-a44b-1726-d1a9e1f1d715-data/data/,0.75,0.8205128205128205,1,0.9,0.8019648397104447,0.8605461638491548
293,0.25,0.25,0.25,0.12223855319212436,0.2,zoasab,2,3,c40e84e2-86a3-a44b-1726-d1a9e1f1d715-data/data/-3,c40e84e2-86a3-a44b-1726-d1a9e1f1d715-data/data/,0.25,0.27176220806794066,0,0.1,0.19803516028955537,0.21658015064831804
294,0.5,0.5,0.5,0.630444820686471,0.5,aru,2,3,c40e84e2-86a3-a44b-1726-d1a9e1f1d715-data/data/-3,c40e84e2-86a3-a44b-1726-d1a9e1f1d715-data/data/,0.5,0.5663716814159293,1,0.35,0.4720833333333333,0.5387421523830752
295,0.5,0.75,1.0,0.9543336439888164,0.95,edarti,2,3,c40e84e2-86a3-a44b-1726-d1a9e1f1d715-data/data/-3,c40e84e2-86a3-a44b-1726-d1a9e1f1d715-data/data/,1.0,0.9411764705882353,1,0.45,1.0,0.9390813190464324
296,0.875,0.5833333333333334,0.0,0.8863462695852695,0.05,zovathy,3,3,c40e84e2-86a3-a44b-1726-d1a9e1f1d715-data/data/-3,c40e84e2-86a3-a44b-1726-d1a9e1f1d715-data/data/,0.0,0.09634926608957475,0,0.95,0.0,0.13007719634201412
297,0.5,0.4166666666666667,0.25,0.388986453049381,0.05,dokoay,3,3,c40e84e2-86a3-a44b-1726-d1a9e1f1d715-data/data/-3,c40e84e2-86a3-a44b-1726-d1a9e1f1d715-data/data/,0.25,0.27176220806794066,0,0.25,0.21665560716655607,0.2364302383141222
298,0.375,0.25,0.0,0.049401990668765286,0.2,izakri,3,3,c40e84e2-86a3-a44b-1726-d1a9e1f1d715-data/data/-3,c40e84e2-86a3-a44b-1726-d1a9e1f1d715-data/data/,0.0,0.09634926608957475,0,0.4,0.0,0.0900567665689263
299,0.625,0.6666666666666666,0.75,0.9646584335487288,0.95,hapom,3,3,c40e84e2-86a3-a44b-1726-d1a9e1f1d715-data/data/-3,c40e84e2-86a3-a44b-1726-d1a9e1f1d715-data/data/,0.75,0.8205128205128205,1,0.8,0.7896606156274665,0.8512063808574277
300,0.875,0.6666666666666666,0.25,0.9646584335487288,0.2,tathi,3,3,c40e84e2-86a3-a44b-1726-d1a9e1f1d715-data/data/-3,c40e84e2-86a3-a44b-1726-d1a9e1f1d715-data/data/,0.25,0.27176220806794066,0,0.8,0.29435127978817305,0.318335539439587
301,0.25,0.25,0.25,0.049401990668765286,0.2,zoasab,3,3,c40e84e2-86a3-a44b-1726-d1a9e1f1d715-data/data/-3,c40e84e2-86a3-a44b-1726-d1a9e1f1d715-data/data/,0.25,0.27176220806794066,0,0.2,0.21033938437253352,0.22970657059645466
302,0.5,0.4166666666666667,0.25,0.388986453049381,0.2,aru,3,3,c40e84e2-86a3-a44b-1726-d1a9e1f1d715-data/data/-3,c40e84e2-86a3-a44b-1726-d1a9e1f1d715-data/data/,0.25,0.27176220806794066,0,0.5,0.25,0.27176220806794066
303,0.75,0.6666666666666666,0.5,0.9646584335487288,0.75,edarti,3,3,c40e84e2-86a3-a44b-1726-d1a9e1f1d715-data/data/-3,c40e84e2-86a3-a44b-1726-d1a9e1f1d715-data/data/,0.5,0.5663716814159293,1,0.95,0.58375,0.6468564008224218
304,0.5833333333333334,0.625,0.75,0.9727156116961383,0.7,zovathy,4,3,c40e84e2-86a3-a44b-1726-d1a9e1f1d715-data/data/-3,c40e84e2-86a3-a44b-1726-d1a9e1f1d715-data/data/,0.75,0.8205128205128205,1,0.05,0.6814461118690314,0.7652423698384201
305,0.4166666666666667,0.4375,0.5,0.4540024664975894,0.2,dokoay,4,3,c40e84e2-86a3-a44b-1726-d1a9e1f1d715-data/data/-3,c40e84e2-86a3-a44b-1726-d1a9e1f1d715-data/data/,0.5,0.5663716814159293,1,0.05,0.41625,0.4822264962099787
306,0.25,0.25,0.25,0.01902485700998708,0.0,izakri,4,3,c40e84e2-86a3-a44b-1726-d1a9e1f1d715-data/data/-3,c40e84e2-86a3-a44b-1726-d1a9e1f1d715-data/data/,0.25,0.27176220806794066,0,0.2,0.21033938437253352,0.22970657059645466
307,0.6666666666666666,0.625,0.5,0.9727156116961383,0.35,hapom,4,3,c40e84e2-86a3-a44b-1726-d1a9e1f1d715-data/data/-3,c40e84e2-86a3-a44b-1726-d1a9e1f1d715-data/data/,0.5,0.5663716814159293,1,0.95,0.58375,0.6468564008224218
308,0.6666666666666666,0.5625,0.25,0.9106025292030064,0.0,tathi,4,3,c40e84e2-86a3-a44b-1726-d1a9e1f1d715-data/data/-3,c40e84e2-86a3-a44b-1726-d1a9e1f1d715-data/data/,0.25,0.27176220806794066,0,0.2,0.21033938437253352,0.22970657059645466
309,0.25,0.4375,1.0,0.4540024664975894,0.75,zoasab,4,3,c40e84e2-86a3-a44b-1726-d1a9e1f1d715-data/data/-3,c40e84e2-86a3-a44b-1726-d1a9e1f1d715-data/data/,1.0,0.9411764705882353,1,0.2,1.0,0.9274605764002175
310,0.4166666666666667,0.375,0.25,0.1919677167938125,0.05,aru,4,3,c40e84e2-86a3-a44b-1726-d1a9e1f1d715-data/data/-3,c40e84e2-86a3-a44b-1726-d1a9e1f1d715-data/data/,0.25,0.27176220806794066,0,0.2,0.21033938437253352,0.22970657059645466
311,0.6666666666666666,0.75,1.0,0.9977154590442986,0.95,edarti,4,3,c40e84e2-86a3-a44b-1726-d1a9e1f1d715-data/data/-3,c40e84e2-86a3-a44b-1726-d1a9e1f1d715-data/data/,1.0,0.9411764705882353,1,0.75,1.0,0.9506983767459418
312,0.625,0.6,0.5,0.9789759460364035,0.4,zovathy,5,3,c40e84e2-86a3-a44b-1726-d1a9e1f1d715-data/data/-3,c40e84e2-86a3-a44b-1726-d1a9e1f1d715-data/data/,0.5,0.5663716814159293,1,0.7,0.5372222222222223,0.6025802054427731
313,0.4375,0.45,0.5,0.520626027486169,0.2,dokoay,5,3,c40e84e2-86a3-a44b-1726-d1a9e1f1d715-data/data/-3,c40e84e2-86a3-a44b-1726-d1a9e1f1d715-data/data/,0.5,0.5663716814159293,1,0.2,0.44416666666666665,0.5106969084512314
314,0.25,0.2,0.0,0.0020635456993987234,0.1,izakri,5,3,c40e84e2-86a3-a44b-1726-d1a9e1f1d715-data/data/-3,c40e84e2-86a3-a44b-1726-d1a9e1f1d715-data/data/,0.0,0.09634926608957475,0,0.0,0.0,0.06817452635118863
315,0.625,0.7,1.0,0.9982499612913132,1.0,hapom,5,3,c40e84e2-86a3-a44b-1726-d1a9e1f1d715-data/data/-3,c40e84e2-86a3-a44b-1726-d1a9e1f1d715-data/data/,1.0,0.9411764705882353,1,0.35,1.0,0.9346738850219128
316,0.5625,0.55,0.5,0.930090275669665,0.25,tathi,5,3,c40e84e2-86a3-a44b-1726-d1a9e1f1d715-data/data/-3,c40e84e2-86a3-a44b-1726-d1a9e1f1d715-data/data/,0.5,0.5663716814159293,1,0.0,0.40694444444444444,0.47264020163831133
317,0.4375,0.35,0.0,0.08143743371799424,0.05,zoasab,5,3,c40e84e2-86a3-a44b-1726-d1a9e1f1d715-data/data/-3,c40e84e2-86a3-a44b-1726-d1a9e1f1d715-data/data/,0.0,0.09634926608957475,0,0.75,0.0,0.11386941347689092
318,0.375,0.5,1.0,0.7917182620514035,1.0,aru,5,3,c40e84e2-86a3-a44b-1726-d1a9e1f1d715-data/data/-3,c40e84e2-86a3-a44b-1726-d1a9e1f1d715-data/data/,1.0,0.9411764705882353,1,0.05,1.0,0.9194132873166523
319,0.75,0.7,0.5,0.9982499612913132,0.55,edarti,5,3,c40e84e2-86a3-a44b-1726-d1a9e1f1d715-data/data/-3,c40e84e2-86a3-a44b-1726-d1a9e1f1d715-data/data/,0.5,0.5663716814159293,1,0.95,0.58375,0.6468564008224218
320,0.6,0.625,0.75,0.995324187782666,0.75,zovathy,6,3,c40e84e2-86a3-a44b-1726-d1a9e1f1d715-data/data/-3,c40e84e2-86a3-a44b-1726-d1a9e1f1d715-data/data/,0.75,0.8205128205128205,1,0.4,0.7357769600905746,0.8092812842028456
321,0.45,0.4583333333333333,0.5,0.5865239094680538,0.25,dokoay,6,3,c40e84e2-86a3-a44b-1726-d1a9e1f1d715-data/data/-3,c40e84e2-86a3-a44b-1726-d1a9e1f1d715-data/data/,0.5,0.5663716814159293,1,0.2,0.44416666666666665,0.5106969084512314
322,0.2,0.16666666666666666,0.0,0.00022042622777007718,0.1,izakri,6,3,c40e84e2-86a3-a44b-1726-d1a9e1f1d715-data/data/-3,c40e84e2-86a3-a44b-1726-d1a9e1f1d715-data/data/,0.0,0.09634926608957475,0,0.1,0.0,0.07320483960682865
323,0.7,0.5833333333333334,0.0,0.9838237500076912,0.0,hapom,6,3,c40e84e2-86a3-a44b-1726-d1a9e1f1d715-data/data/-3,c40e84e2-86a3-a44b-1726-d1a9e1f1d715-data/data/,0.0,0.09634926608957475,0,1.0,0.0,0.13448736166731265
324,0.55,0.5833333333333334,0.75,0.9838237500076912,0.75,tathi,6,3,c40e84e2-86a3-a44b-1726-d1a9e1f1d715-data/data/-3,c40e84e2-86a3-a44b-1726-d1a9e1f1d715-data/data/,0.75,0.8205128205128205,1,0.25,0.713401310997815,0.7913652717288393
325,0.35,0.3333333333333333,0.25,0.032025441751417444,0.05,zoasab,6,3,c40e84e2-86a3-a44b-1726-d1a9e1f1d715-data/data/-3,c40e84e2-86a3-a44b-1726-d1a9e1f1d715-data/data/,0.25,0.27176220806794066,0,0.05,0.19204152249134948,0.21017233302926466
326,0.5,0.5416666666666666,0.75,0.9455837521010616,0.9,aru,6,3,c40e84e2-86a3-a44b-1726-d1a9e1f1d715-data/data/-3,c40e84e2-86a3-a44b-1726-d1a9e1f1d715-data/data/,0.75,0.8205128205128205,1,1.0,0.8138500635324015,0.869487750556793
327,0.7,0.6666666666666666,0.5,0.9986595768185553,0.45,edarti,6,3,c40e84e2-86a3-a44b-1726-d1a9e1f1d715-data/data/-3,c40e84e2-86a3-a44b-1726-d1a9e1f1d715-data/data/,0.5,0.5663716814159293,1,0.55,0.5093055555555556,0.575490736994397
328,0.625,0.5357142857142857,0.0,0.9577993410969766,0.05,zovathy,7,3,c40e84e2-86a3-a44b-1726-d1a9e1f1d715-data/data/-3,c40e84e2-86a3-a44b-1726-d1a9e1f1d715-data/data/,0.0,0.09634926608957475,0,0.75,0.0,0.11386941347689092
329,0.4583333333333333,0.5,0.75,0.8663934092482025,0.9,dokoay,7,3,c40e84e2-86a3-a44b-1726-d1a9e1f1d715-data/data/-3,c40e84e2-86a3-a44b-1726-d1a9e1f1d715-data/data/,0.75,0.8205128205128205,1,0.25,0.713401310997815,0.7913652717288393
330,0.16666666666666666,0.21428571428571427,0.5,0.0002878842187510071,0.45,izakri,7,3,c40e84e2-86a3-a44b-1726-d1a9e1f1d715-data/data/-3,c40e84e2-86a3-a44b-1726-d1a9e1f1d715-data/data/,0.5,0.5663716814159293,1,0.1,0.4255555555555556,0.4917644698565554
331,0.5833333333333334,0.5357142857142857,0.25,0.9577993410969766,0.15,hapom,7,3,c40e84e2-86a3-a44b-1726-d1a9e1f1d715-data/data/-3,c40e84e2-86a3-a44b-1726-d1a9e1f1d715-data/data/,0.25,0.27176220806794066,0,0.0,0.18614993646759845,0.20386486559943473
332,0.5833333333333334,0.5714285714285714,0.5,0.9875679247659895,0.65,tathi,7,3,c40e84e2-86a3-a44b-1726-d1a9e1f1d715-data/data/-3,c40e84e2-86a3-a44b-1726-d1a9e1f1d715-data/data/,0.5,0.5663716814159293,1,0.75,0.5465277777777777,0.6115218842955139
333,0.3333333333333333,0.32142857142857145,0.25,0.0121960111153049,0.2,zoasab,7,3,c40e84e2-86a3-a44b-1726-d1a9e1f1d715-data/data/-3,c40e84e2-86a3-a44b-1726-d1a9e1f1d715-data/data/,0.25,0.27176220806794066,0,0.05,0.19204152249134948,0.21017233302926466
334,0.5416666666666666,0.5,0.25,0.8663934092482025,0.15,aru,7,3,c40e84e2-86a3-a44b-1726-d1a9e1f1d715-data/data/-3,c40e84e2-86a3-a44b-1726-d1a9e1f1d715-data/data/,0.25,0.27176220806794066,0,0.9,0.3103241296518607,0.3349920271330583
335,0.6666666666666666,0.6785714285714286,0.75,0.9997064750480811,0.9,edarti,7,3,c40e84e2-86a3-a44b-1726-d1a9e1f1d715-data/data/-3,c40e84e2-86a3-a44b-1726-d1a9e1f1d715-data/data/,0.75,0.8205128205128205,1,0.45,0.742955278284032,0.814964858533069
336,0.5357142857142857,0.53125,0.5,0.9673673582657507,0.25,zovathy,8,3,c40e84e2-86a3-a44b-1726-d1a9e1f1d715-data/data/-3,c40e84e2-86a3-a44b-1726-d1a9e1f1d715-data/data/,0.5,0.5663716814159293,1,0.05,0.41625,0.4822264962099787
337,0.5,0.46875,0.25,0.707596499012898,0.4,dokoay,8,3,c40e84e2-86a3-a44b-1726-d1a9e1f1d715-data/data/-3,c40e84e2-86a3-a44b-1726-d1a9e1f1d715-data/data/,0.25,0.27176220806794066,0,0.9,0.3103241296518607,0.3349920271330583
338,0.21428571428571427,0.21875,0.25,0.00010745140150473962,0.25,izakri,8,3,c40e84e2-86a3-a44b-1726-d1a9e1f1d715-data/data/-3,c40e84e2-86a3-a44b-1726-d1a9e1f1d715-data/data/,0.25,0.27176220806794066,0,0.45,0.24308517957891843,0.2644577062640168
339,0.5357142857142857,0.5,0.25,0.8944007131666822,0.2,hapom,8,3,c40e84e2-86a3-a44b-1726-d1a9e1f1d715-data/data/-3,c40e84e2-86a3-a44b-1726-d1a9e1f1d715-data/data/,0.25,0.27176220806794066,0,0.15,0.2041335245794758,0.22309073247849218
340,0.5714285714285714,0.59375,0.75,0.9972538110206882,0.75,tathi,8,3,c40e84e2-86a3-a44b-1726-d1a9e1f1d715-data/data/-3,c40e84e2-86a3-a44b-1726-d1a9e1f1d715-data/data/,0.75,0.8205128205128205,1,0.65,0.7703688690717471,0.8363898916967509
341,0.32142857142857145,0.34375,0.5,0.015870232823281413,0.35,zoasab,8,3,c40e84e2-86a3-a44b-1726-d1a9e1f1d715-data/data/-3,c40e84e2-86a3-a44b-1726-d1a9e1f1d715-data/data/,0.5,0.5663716814159293,1,0.2,0.44416666666666665,0.5106969084512314
342,0.5,0.53125,0.75,0.9673673582657507,0.8,aru,8,3,c40e84e2-86a3-a44b-1726-d1a9e1f1d715-data/data/-3,c40e84e2-86a3-a44b-1726-d1a9e1f1d715-data/data/,0.75,0.8205128205128205,1,0.15,0.6977417917099985,0.7786438702156596
343,0.6785714285714286,0.65625,0.5,0.9997752544973401,0.6,edarti,8,3,c40e84e2-86a3-a44b-1726-d1a9e1f1d715-data/data/-3,c40e84e2-86a3-a44b-1726-d1a9e1f1d715-data/data/,0.5,0.5663716814159293,1,0.9,0.5744444444444444,0.6380869732909074
344,0.53125,0.5277777777777778,0.5,0.9748230736052582,0.3,zovathy,9,3,c40e84e2-86a3-a44b-1726-d1a9e1f1d715-data/data/-3,c40e84e2-86a3-a44b-1726-d1a9e1f1d715-data/data/,0.5,0.5663716814159293,1,0.25,0.4534722222222222,0.5200920913446583
345,0.46875,0.5,0.75,0.9170987540374844,0.75,dokoay,9,3,c40e84e2-86a3-a44b-1726-d1a9e1f1d715-data/data/-3,c40e84e2-86a3-a44b-1726-d1a9e1f1d715-data/data/,0.75,0.8205128205128205,1,0.4,0.7357769600905746,0.8092812842028456
346,0.21875,0.25,0.5,0.00014034007143352842,0.45,izakri,9,3,c40e84e2-86a3-a44b-1726-d1a9e1f1d715-data/data/-3,c40e84e2-86a3-a44b-1726-d1a9e1f1d715-data/data/,0.5,0.5663716814159293,1,0.25,0.4534722222222222,0.5200920913446583
347,0.5,0.4722222222222222,0.25,0.7596573930634823,0.15,hapom,9,3,c40e84e2-86a3-a44b-1726-d1a9e1f1d715-data/data/-3,c40e84e2-86a3-a44b-1726-d1a9e1f1d715-data/data/,0.25,0.27176220806794066,0,0.2,0.21033938437253352,0.22970657059645466
348,0.59375,0.6111111111111112,0.75,0.9993979795498968,0.8,tathi,9,3,c40e84e2-86a3-a44b-1726-d1a9e1f1d715-data/data/-3,c40e84e2-86a3-a44b-1726-d1a9e1f1d715-data/data/,0.75,0.8205128205128205,1,0.75,0.7833443928334439,0.8463787598722904
349,0.34375,0.3611111111111111,0.5,0.020628250482075446,0.4,zoasab,9,3,c40e84e2-86a3-a44b-1726-d1a9e1f1d715-data/data/-3,c40e84e2-86a3-a44b-1726-d1a9e1f1d715-data/data/,0.5,0.5663716814159293,1,0.35,0.4720833333333333,0.5387421523830752
350,0.53125,0.5555555555555556,0.75,0.9926748606775366,0.85,aru,9,3,c40e84e2-86a3-a44b-1726-d1a9e1f1d715-data/data/-3,c40e84e2-86a3-a44b-1726-d1a9e1f1d715-data/data/,0.75,0.8205128205128205,1,0.8,0.7896606156274665,0.8512063808574277
351,0.65625,0.6111111111111112,0.25,0.9993979795498968,0.4,edarti,9,3,c40e84e2-86a3-a44b-1726-d1a9e1f1d715-data/data/-3,c40e84e2-86a3-a44b-1726-d1a9e1f1d715-data/data/,0.25,0.27176220806794066,0,0.6,0.2642230399094254,0.286749980501443
352,0.5277777777777778,0.5,0.25,0.9352710514144201,0.3,zovathy,10,3,c40e84e2-86a3-a44b-1726-d1a9e1f1d715-data/data/-3,c40e84e2-86a3-a44b-1726-d1a9e1f1d715-data/data/,0.25,0.27176220806794066,0,0.3,0.22308516336368506,0.24326439351593077
353,0.5,0.525,0.75,0.9806094954228176,0.65,dokoay,10,3,c40e84e2-86a3-a44b-1726-d1a9e1f1d715-data/data/-3,c40e84e2-86a3-a44b-1726-d1a9e1f1d715-data/data/,0.75,0.8205128205128205,1,0.75,0.7833443928334439,0.8463787598722904
354,0.25,0.225,0.0,1.4965249174410546e-05,0.15,izakri,10,3,c40e84e2-86a3-a44b-1726-d1a9e1f1d715-data/data/-3,c40e84e2-86a3-a44b-1726-d1a9e1f1d715-data/data/,0.0,0.09634926608957475,0,0.45,0.0,0.09315644436067268
355,0.4722222222222222,0.525,1.0,0.9806094954228176,0.95,hapom,10,3,c40e84e2-86a3-a44b-1726-d1a9e1f1d715-data/data/-3,c40e84e2-86a3-a44b-1726-d1a9e1f1d715-data/data/,1.0,0.9411764705882353,1,0.15,1.0,0.9248776885442629
356,0.6111111111111112,0.6,0.5,0.9995390130483034,0.5,tathi,10,3,c40e84e2-86a3-a44b-1726-d1a9e1f1d715-data/data/-3,c40e84e2-86a3-a44b-1726-d1a9e1f1d715-data/data/,0.5,0.5663716814159293,1,0.8,0.5558333333333334,0.6204200276142724
357,0.3611111111111111,0.375,0.5,0.02677394968865807,0.45,zoasab,10,3,c40e84e2-86a3-a44b-1726-d1a9e1f1d715-data/data/-3,c40e84e2-86a3-a44b-1726-d1a9e1f1d715-data/data/,0.5,0.5663716814159293,1,0.4,0.48138888888888887,0.5479977272165815
358,0.5555555555555556,0.575,0.75,0.9983884029820493,0.8,aru,10,3,c40e84e2-86a3-a44b-1726-d1a9e1f1d715-data/data/-3,c40e84e2-86a3-a44b-1726-d1a9e1f1d715-data/data/,0.75,0.8205128205128205,1,0.85,0.7958664754205241,0.8559276910435497
359,0.6111111111111112,0.625,0.75,0.999868246058909,0.65,edarti,10,3,c40e84e2-86a3-a44b-1726-d1a9e1f1d715-data/data/-3,c40e84e2-86a3-a44b-1726-d1a9e1f1d715-data/data/,0.75,0.8205128205128205,1,0.4,0.7357769600905746,0.8092812842028456
360,0.25,0.25,0.25,0.12223855319212436,0.2,ata,2,4,c40e84e2-86a3-a44b-1726-d1a9e1f1d715-data/data/-4,c40e84e2-86a3-a44b-1726-d1a9e1f1d715-data/data/,0.25,0.27176220806794066,0,0.1,0.19803516028955537,0.21658015064831804
361,1.0,0.875,0.75,0.9865125240847785,0.75,ebir,2,4,c40e84e2-86a3-a44b-1726-d1a9e1f1d715-data/data/-4,c40e84e2-86a3-a44b-1726-d1a9e1f1d715-data/data/,0.75,0.8205128205128205,1,0.9,0.8019648397104447,0.8605461638491548
362,0.5,0.625,0.75,0.856545378502719,0.85,odivub,2,4,c40e84e2-86a3-a44b-1726-d1a9e1f1d715-data/data/-4,c40e84e2-86a3-a44b-1726-d1a9e1f1d715-data/data/,0.75,0.8205128205128205,1,0.45,0.742955278284032,0.814964858533069
363,1.0,1.0,1.0,0.9961089494163429,0.85,orarli,2,4,c40e84e2-86a3-a44b-1726-d1a9e1f1d715-data/data/-4,c40e84e2-86a3-a44b-1726-d1a9e1f1d715-data/data/,1.0,0.9411764705882353,1,1.0,1.0,0.9588771929824561
364,0.0,0.25,0.5,0.12223855319212436,0.3,athuhum,2,4,c40e84e2-86a3-a44b-1726-d1a9e1f1d715-data/data/-4,c40e84e2-86a3-a44b-1726-d1a9e1f1d715-data/data/,0.5,0.5663716814159293,1,0.05,0.41625,0.4822264962099787
365,0.25,0.375,0.5,0.32769310772430915,0.55,ikawho,2,4,c40e84e2-86a3-a44b-1726-d1a9e1f1d715-data/data/-4,c40e84e2-86a3-a44b-1726-d1a9e1f1d715-data/data/,0.5,0.5663716814159293,1,0.15,0.4348611111111111,0.5012544870111191
366,0.75,0.625,0.5,0.856545378502719,0.45,lawiiy,2,4,c40e84e2-86a3-a44b-1726-d1a9e1f1d715-data/data/-4,c40e84e2-86a3-a44b-1726-d1a9e1f1d715-data/data/,0.5,0.5663716814159293,1,0.55,0.5093055555555556,0.575490736994397
367,0.5,0.375,0.25,0.32769310772430915,0.15,mura,2,4,c40e84e2-86a3-a44b-1726-d1a9e1f1d715-data/data/-4,c40e84e2-86a3-a44b-1726-d1a9e1f1d715-data/data/,0.25,0.27176220806794066,0,0.5,0.25,0.27176220806794066
368,0.25,0.16666666666666666,0.0,0.014631145708034117,0.0,ata,3,4,c40e84e2-86a3-a44b-1726-d1a9e1f1d715-data/data/-4,c40e84e2-86a3-a44b-1726-d1a9e1f1d715-data/data/,0.0,0.09634926608957475,0,0.2,0.0,0.07851247040275273
369,0.875,0.75,0.5,0.9896409048352512,0.5,ebir,3,4,c40e84e2-86a3-a44b-1726-d1a9e1f1d715-data/data/-4,c40e84e2-86a3-a44b-1726-d1a9e1f1d715-data/data/,0.5,0.5663716814159293,1,0.75,0.5465277777777777,0.6115218842955139
370,0.625,0.5833333333333334,0.5,0.8863462695852695,0.55,odivub,3,4,c40e84e2-86a3-a44b-1726-d1a9e1f1d715-data/data/-4,c40e84e2-86a3-a44b-1726-d1a9e1f1d715-data/data/,0.5,0.5663716814159293,1,0.85,0.5651388888888889,0.6292749525777183
371,1.0,1.0,1.0,0.9997559189650967,0.9,orarli,3,4,c40e84e2-86a3-a44b-1726-d1a9e1f1d715-data/data/-4,c40e84e2-86a3-a44b-1726-d1a9e1f1d715-data/data/,1.0,0.9411764705882353,1,0.85,1.0,0.9541144573899026
372,0.25,0.3333333333333333,0.5,0.15389960074130657,0.4,athuhum,3,4,c40e84e2-86a3-a44b-1726-d1a9e1f1d715-data/data/-4,c40e84e2-86a3-a44b-1726-d1a9e1f1d715-data/data/,0.5,0.5663716814159293,1,0.3,0.4627777777777778,0.529440389294404
373,0.375,0.3333333333333333,0.25,0.15389960074130657,0.15,ikawho,3,4,c40e84e2-86a3-a44b-1726-d1a9e1f1d715-data/data/-4,c40e84e2-86a3-a44b-1726-d1a9e1f1d715-data/data/,0.25,0.27176220806794066,0,0.55,0.25704472171596804,0.2791918843441719
374,0.625,0.5833333333333334,0.5,0.8863462695852695,0.4,lawiiy,3,4,c40e84e2-86a3-a44b-1726-d1a9e1f1d715-data/data/-4,c40e84e2-86a3-a44b-1726-d1a9e1f1d715-data/data/,0.5,0.5663716814159293,1,0.45,0.49069444444444443,0.5572074569671879
375,0.375,0.4166666666666667,0.5,0.388986453049381,0.5,mura,3,4,c40e84e2-86a3-a44b-1726-d1a9e1f1d715-data/data/-4,c40e84e2-86a3-a44b-1726-d1a9e1f1d715-data/data/,0.5,0.5663716814159293,1,0.15,0.4348611111111111,0.5012544870111191
376,0.16666666666666666,0.1875,0.25,0.0055105574076577575,0.1,ata,4,4,c40e84e2-86a3-a44b-1726-d1a9e1f1d715-data/data/-4,c40e84e2-86a3-a44b-1726-d1a9e1f1d715-data/data/,0.25,0.27176220806794066,0,0.0,0.18614993646759845,0.20386486559943473
377,0.75,0.6875,0.5,0.9920495146783823,0.6,ebir,4,4,c40e84e2-86a3-a44b-1726-d1a9e1f1d715-data/data/-4,c40e84e2-86a3-a44b-1726-d1a9e1f1d715-data/data/,0.5,0.5663716814159293,1,0.5,0.5,0.5663716814159293
378,0.5833333333333334,0.5625,0.5,0.9106025292030064,0.4,odivub,4,4,c40e84e2-86a3-a44b-1726-d1a9e1f1d715-data/data/-4,c40e84e2-86a3-a44b-1726-d1a9e1f1d715-data/data/,0.5,0.5663716814159293,1,0.55,0.5093055555555556,0.575490736994397
379,1.0,0.8125,0.25,0.9993462071436876,0.0,orarli,4,4,c40e84e2-86a3-a44b-1726-d1a9e1f1d715-data/data/-4,c40e84e2-86a3-a44b-1726-d1a9e1f1d715-data/data/,0.25,0.27176220806794066,0,0.9,0.3103241296518607,0.3349920271330583
380,0.3333333333333333,0.3125,0.25,0.06356377042650506,0.05,athuhum,4,4,c40e84e2-86a3-a44b-1726-d1a9e1f1d715-data/data/-4,c40e84e2-86a3-a44b-1726-d1a9e1f1d715-data/data/,0.25,0.27176220806794066,0,0.4,0.2362967002999727,0.2572752419668177
381,0.3333333333333333,0.4375,0.75,0.4540024664975894,0.85,ikawho,4,4,c40e84e2-86a3-a44b-1726-d1a9e1f1d715-data/data/-4,c40e84e2-86a3-a44b-1726-d1a9e1f1d715-data/data/,0.75,0.8205128205128205,1,0.15,0.6977417917099985,0.7786438702156596
382,0.5833333333333334,0.5625,0.5,0.9106025292030064,0.45,lawiiy,4,4,c40e84e2-86a3-a44b-1726-d1a9e1f1d715-data/data/-4,c40e84e2-86a3-a44b-1726-d1a9e1f1d715-data/data/,0.5,0.5663716814159293,1,0.4,0.48138888888888887,0.5479977272165815
383,0.4166666666666667,0.375,0.25,0.1919677167938125,0.05,mura,4,4,c40e84e2-86a3-a44b-1726-d1a9e1f1d715-data/data/-4,c40e84e2-86a3-a44b-1726-d1a9e1f1d715-data/data/,0.25,0.27176220806794066,0,0.5,0.25,0.27176220806794066
384,0.1875,0.15,0.0,0.0005904547930059195,0.05,ata,5,4,c40e84e2-86a3-a44b-1726-d1a9e1f1d715-data/data/-4,c40e84e2-86a3-a44b-1726-d1a9e1f1d715-data/data/,0.0,0.09634926608957475,0,0.1,0.0,0.07320483960682865
385,0.6875,0.7,0.75,0.9982499612913132,0.9,ebir,5,4,c40e84e2-86a3-a44b-1726-d1a9e1f1d715-data/data/-4,c40e84e2-86a3-a44b-1726-d1a9e1f1d715-data/data/,0.75,0.8205128205128205,1,0.6,0.7637032997000273,0.8312208695652175
386,0.5625,0.5,0.25,0.7917182620514035,0.1,odivub,5,4,c40e84e2-86a3-a44b-1726-d1a9e1f1d715-data/data/-4,c40e84e2-86a3-a44b-1726-d1a9e1f1d715-data/data/,0.25,0.27176220806794066,0,0.4,0.2362967002999727,0.2572752419668177
387,0.8125,0.65,0.0,0.9939015458466767,0.05,orarli,5,4,c40e84e2-86a3-a44b-1726-d1a9e1f1d715-data/data/-4,c40e84e2-86a3-a44b-1726-d1a9e1f1d715-data/data/,0.0,0.09634926608957475,0,0.0,0.0,0.06817452635118863
388,0.3125,0.3,0.25,0.024704913001626024,0.1,athuhum,5,4,c40e84e2-86a3-a44b-1726-d1a9e1f1d715-data/data/-4,c40e84e2-86a3-a44b-1726-d1a9e1f1d715-data/data/,0.25,0.27176220806794066,0,0.05,0.19204152249134948,0.21017233302926466
389,0.4375,0.45,0.5,0.520626027486169,0.7,ikawho,5,4,c40e84e2-86a3-a44b-1726-d1a9e1f1d715-data/data/-4,c40e84e2-86a3-a44b-1726-d1a9e1f1d715-data/data/,0.5,0.5663716814159293,1,0.85,0.5651388888888889,0.6292749525777183
390,0.5625,0.5,0.25,0.7917182620514035,0.1,lawiiy,5,4,c40e84e2-86a3-a44b-1726-d1a9e1f1d715-data/data/-4,c40e84e2-86a3-a44b-1726-d1a9e1f1d715-data/data/,0.25,0.27176220806794066,0,0.45,0.24308517957891843,0.2644577062640168
391,0.375,0.45,0.75,0.520626027486169,0.95,mura,5,4,c40e84e2-86a3-a44b-1726-d1a9e1f1d715-data/data/-4,c40e84e2-86a3-a44b-1726-d1a9e1f1d715-data/data/,0.75,0.8205128205128205,1,0.05,0.6814461118690314,0.7652423698384201
392,0.15,0.20833333333333334,0.5,0.0007710668887811361,0.35,ata,6,4,c40e84e2-86a3-a44b-1726-d1a9e1f1d715-data/data/-4,c40e84e2-86a3-a44b-1726-d1a9e1f1d715-data/data/,0.5,0.5663716814159293,1,0.05,0.41625,0.4822264962099787
393,0.7,0.6666666666666666,0.5,0.9986595768185553,0.6,ebir,6,4,c40e84e2-86a3-a44b-1726-d1a9e1f1d715-data/data/-4,c40e84e2-86a3-a44b-1726-d1a9e1f1d715-data/data/,0.5,0.5663716814159293,1,0.9,0.5744444444444444,0.6380869732909074
394,0.5,0.4166666666666667,0.0,0.2884037607470506,0.0,odivub,6,4,c40e84e2-86a3-a44b-1726-d1a9e1f1d715-data/data/-4,c40e84e2-86a3-a44b-1726-d1a9e1f1d715-data/data/,0.0,0.09634926608957475,0,0.1,0.0,0.07320483960682865
395,0.65,0.6666666666666666,0.75,0.9986595768185553,0.9,orarli,6,4,c40e84e2-86a3-a44b-1726-d1a9e1f1d715-data/data/-4,c40e84e2-86a3-a44b-1726-d1a9e1f1d715-data/data/,0.75,0.8205128205128205,1,0.05,0.6814461118690314,0.7652423698384201
396,0.3,0.2916666666666667,0.25,0.009364338410626488,0.4,athuhum,6,4,c40e84e2-86a3-a44b-1726-d1a9e1f1d715-data/data/-4,c40e84e2-86a3-a44b-1726-d1a9e1f1d715-data/data/,0.25,0.27176220806794066,0,0.1,0.19803516028955537,0.21658015064831804
397,0.45,0.375,0.0,0.10378004191193489,0.05,ikawho,6,4,c40e84e2-86a3-a44b-1726-d1a9e1f1d715-data/data/-4,c40e84e2-86a3-a44b-1726-d1a9e1f1d715-data/data/,0.0,0.09634926608957475,0,0.7,0.0,0.11014132947141048
398,0.5,0.5,0.5,0.8323503012694756,0.2,lawiiy,6,4,c40e84e2-86a3-a44b-1726-d1a9e1f1d715-data/data/-4,c40e84e2-86a3-a44b-1726-d1a9e1f1d715-data/data/,0.5,0.5663716814159293,1,0.1,0.4255555555555556,0.4917644698565554
399,0.45,0.4166666666666667,0.25,0.2884037607470506,0.05,mura,6,4,c40e84e2-86a3-a44b-1726-d1a9e1f1d715-data/data/-4,c40e84e2-86a3-a44b-1726-d1a9e1f1d715-data/data/,0.25,0.27176220806794066,0,0.95,0.31855388813096863,0.3435501020144258
400,0.20833333333333334,0.21428571428571427,0.25,0.0002878842187510071,0.15,ata,7,4,c40e84e2-86a3-a44b-1726-d1a9e1f1d715-data/data/-4,c40e84e2-86a3-a44b-1726-d1a9e1f1d715-data/data/,0.25,0.27176220806794066,0,0.35,0.22963113092825288,0.2502117821619897
401,0.6666666666666666,0.7142857142857143,1.0,0.9999161181412957,0.9,ebir,7,4,c40e84e2-86a3-a44b-1726-d1a9e1f1d715-data/data/-4,c40e84e2-86a3-a44b-1726-d1a9e1f1d715-data/data/,1.0,0.9411764705882353,1,0.6,1.0,0.9451669039708908
402,0.4166666666666667,0.35714285714285715,0.0,0.041423048988823576,0.05,odivub,7,4,c40e84e2-86a3-a44b-1726-d1a9e1f1d715-data/data/-4,c40e84e2-86a3-a44b-1726-d1a9e1f1d715-data/data/,0.0,0.09634926608957475,0,0.0,0.0,0.06817452635118863
403,0.6666666666666666,0.7142857142857143,1.0,0.9999161181412957,0.95,orarli,7,4,c40e84e2-86a3-a44b-1726-d1a9e1f1d715-data/data/-4,c40e84e2-86a3-a44b-1726-d1a9e1f1d715-data/data/,1.0,0.9411764705882353,1,0.9,1.0,0.9557481224725591
404,0.2916666666666667,0.32142857142857145,0.5,0.0121960111153049,0.3,athuhum,7,4,c40e84e2-86a3-a44b-1726-d1a9e1f1d715-data/data/-4,c40e84e2-86a3-a44b-1726-d1a9e1f1d715-data/data/,0.5,0.5663716814159293,1,0.4,0.48138888888888887,0.5479977272165815
405,0.375,0.39285714285714285,0.5,0.1313757147869759,0.3,ikawho,7,4,c40e84e2-86a3-a44b-1726-d1a9e1f1d715-data/data/-4,c40e84e2-86a3-a44b-1726-d1a9e1f1d715-data/data/,0.5,0.5663716814159293,1,0.05,0.41625,0.4822264962099787
406,0.5,0.5357142857142857,0.75,0.9577993410969766,0.65,lawiiy,7,4,c40e84e2-86a3-a44b-1726-d1a9e1f1d715-data/data/-4,c40e84e2-86a3-a44b-1726-d1a9e1f1d715-data/data/,0.75,0.8205128205128205,1,0.2,0.705648720211827,0.7850863060989642
407,0.4166666666666667,0.5,1.0,0.8663934092482025,0.8,mura,7,4,c40e84e2-86a3-a44b-1726-d1a9e1f1d715-data/data/-4,c40e84e2-86a3-a44b-1726-d1a9e1f1d715-data/data/,1.0,0.9411764705882353,1,0.05,1.0,0.9194132873166523
408,0.21428571428571427,0.28125,0.75,0.001314690433474818,0.75,ata,8,4,c40e84e2-86a3-a44b-1726-d1a9e1f1d715-data/data/-4,c40e84e2-86a3-a44b-1726-d1a9e1f1d715-data/data/,0.75,0.8205128205128205,1,0.15,0.6977417917099985,0.7786438702156596
409,0.7142857142857143,0.6875,0.5,0.9999357766893107,0.55,ebir,8,4,c40e84e2-86a3-a44b-1726-d1a9e1f1d715-data/data/-4,c40e84e2-86a3-a44b-1726-d1a9e1f1d715-data/data/,0.5,0.5663716814159293,1,0.9,0.5744444444444444,0.6380869732909074
410,0.35714285714285715,0.3125,0.0,0.004586342465750939,0.1,odivub,8,4,c40e84e2-86a3-a44b-1726-d1a9e1f1d715-data/data/-4,c40e84e2-86a3-a44b-1726-d1a9e1f1d715-data/data/,0.0,0.09634926608957475,0,0.05,0.0,0.07065639465733956
411,0.7142857142857143,0.75,1.0,0.9999947569715238,0.9,orarli,8,4,c40e84e2-86a3-a44b-1726-d1a9e1f1d715-data/data/-4,c40e84e2-86a3-a44b-1726-d1a9e1f1d715-data/data/,1.0,0.9411764705882353,1,0.95,1.0,0.9573350416399743
412,0.32142857142857145,0.34375,0.5,0.015870232823281413,0.55,athuhum,8,4,c40e84e2-86a3-a44b-1726-d1a9e1f1d715-data/data/-4,c40e84e2-86a3-a44b-1726-d1a9e1f1d715-data/data/,0.5,0.5663716814159293,1,0.3,0.4627777777777778,0.529440389294404
413,0.39285714285714285,0.34375,0.0,0.015870232823281413,0.05,ikawho,8,4,c40e84e2-86a3-a44b-1726-d1a9e1f1d715-data/data/-4,c40e84e2-86a3-a44b-1726-d1a9e1f1d715-data/data/,0.0,0.09634926608957475,0,0.3,0.0,0.08412100125640286
414,0.5357142857142857,0.5625,0.75,0.9904538772153704,0.75,lawiiy,8,4,c40e84e2-86a3-a44b-1726-d1a9e1f1d715-data/data/-4,c40e84e2-86a3-a44b-1726-d1a9e1f1d715-data/data/,0.75,0.8205128205128205,1,0.65,0.7703688690717471,0.8363898916967509
415,0.5,0.5,0.5,0.8944007131666822,0.5,mura,8,4,c40e84e2-86a3-a44b-1726-d1a9e1f1d715-data/data/-4,c40e84e2-86a3-a44b-1726-d1a9e1f1d715-data/data/,0.5,0.5663716814159293,1,0.8,0.5558333333333334,0.6204200276142724
416,0.28125,0.2777777777777778,0.25,0.0004910179762726871,0.35,ata,9,4,c40e84e2-86a3-a44b-1726-d1a9e1f1d715-data/data/-4,c40e84e2-86a3-a44b-1726-d1a9e1f1d715-data/data/,0.25,0.27176220806794066,0,0.75,0.28659868900218494,0.31022897001986366
417,0.6875,0.6944444444444444,0.75,0.9999859504458593,0.85,ebir,9,4,c40e84e2-86a3-a44b-1726-d1a9e1f1d715-data/data/-4,c40e84e2-86a3-a44b-1726-d1a9e1f1d715-data/data/,0.75,0.8205128205128205,1,0.55,0.7569148204210816,0.825929966566954
418,0.3125,0.3333333333333333,0.5,0.005981926334009619,0.8,odivub,9,4,c40e84e2-86a3-a44b-1726-d1a9e1f1d715-data/data/-4,c40e84e2-86a3-a44b-1726-d1a9e1f1d715-data/data/,0.5,0.5663716814159293,1,0.1,0.4255555555555556,0.4917644698565554
419,0.75,0.6944444444444444,0.25,0.9999859504458593,0.25,orarli,9,4,c40e84e2-86a3-a44b-1726-d1a9e1f1d715-data/data/-4,c40e84e2-86a3-a44b-1726-d1a9e1f1d715-data/data/,0.25,0.27176220806794066,0,0.9,0.3103241296518607,0.3349920271330583
420,0.34375,0.3055555555555556,0.0,0.0017164558902104709,0.25,athuhum,9,4,c40e84e2-86a3-a44b-1726-d1a9e1f1d715-data/data/-4,c40e84e2-86a3-a44b-1726-d1a9e1f1d715-data/data/,0.0,0.09634926608957475,0,0.55,0.0,0.09963949419863222
421,0.34375,0.3055555555555556,0.0,0.0017164558902104709,0.1,ikawho,9,4,c40e84e2-86a3-a44b-1726-d1a9e1f1d715-data/data/-4,c40e84e2-86a3-a44b-1726-d1a9e1f1d715-data/data/,0.0,0.09634926608957475,0,0.05,0.0,0.07065639465733956
422,0.5625,0.5277777777777778,0.25,0.9748230736052582,0.25,lawiiy,9,4,c40e84e2-86a3-a44b-1726-d1a9e1f1d715-data/data/-4,c40e84e2-86a3-a44b-1726-d1a9e1f1d715-data/data/,0.25,0.27176220806794066,0,0.75,0.28659868900218494,0.31022897001986366
423,0.5,0.5,0.5,0.9170987540374844,0.7,mura,9,4,c40e84e2-86a3-a44b-1726-d1a9e1f1d715-data/data/-4,c40e84e2-86a3-a44b-1726-d1a9e1f1d715-data/data/,0.5,0.5663716814159293,1,0.5,0.5,0.5663716814159293
424,0.2777777777777778,0.325,0.75,0.0022407241920388583,0.8,ata,10,4,c40e84e2-86a3-a44b-1726-d1a9e1f1d715-data/data/-4,c40e84e2-86a3-a44b-1726-d1a9e1f1d715-data/data/,0.75,0.8205128205128205,1,0.35,0.7284612087441062,0.8034570637119114
425,0.6944444444444444,0.7,0.75,0.9999969266262964,0.7,ebir,10,4,c40e84e2-86a3-a44b-1726-d1a9e1f1d715-data/data/-4,c40e84e2-86a3-a44b-1726-d1a9e1f1d715-data/data/,0.75,0.8205128205128205,1,0.85,0.7958664754205241,0.8559276910435497
426,0.3333333333333333,0.325,0.25,0.0022407241920388583,0.25,odivub,10,4,c40e84e2-86a3-a44b-1726-d1a9e1f1d715-data/data/-4,c40e84e2-86a3-a44b-1726-d1a9e1f1d715-data/data/,0.25,0.27176220806794066,0,0.8,0.29435127978817305,0.318335539439587
427,0.6944444444444444,0.725,1.0,0.9999991218913015,0.8,orarli,10,4,c40e84e2-86a3-a44b-1726-d1a9e1f1d715-data/data/-4,c40e84e2-86a3-a44b-1726-d1a9e1f1d715-data/data/,1.0,0.9411764705882353,1,0.25,1.0,0.9299510458388962
428,0.3055555555555556,0.3,0.25,0.0006412332168552063,0.25,athuhum,10,4,c40e84e2-86a3-a44b-1726-d1a9e1f1d715-data/data/-4,c40e84e2-86a3-a44b-1726-d1a9e1f1d715-data/data/,0.25,0.27176220806794066,0,0.25,0.21665560716655607,0.2364302383141222
429,0.3055555555555556,0.3,0.25,0.0006412332168552063,0.2,ikawho,10,4,c40e84e2-86a3-a44b-1726-d1a9e1f1d715-data/data/-4,c40e84e2-86a3-a44b-1726-d1a9e1f1d715-data/data/,0.25,0.27176220806794066,0,0.1,0.19803516028955537,0.21658015064831804
430,0.5277777777777778,0.5,0.25,0.9352710514144201,0.25,lawiiy,10,4,c40e84e2-86a3-a44b-1726-d1a9e1f1d715-data/data/-4,c40e84e2-86a3-a44b-1726-d1a9e1f1d715-data/data/,0.25,0.27176220806794066,0,0.25,0.21665560716655607,0.2364302383141222
431,0.5,0.45,0.0,0.5411819742872457,0.2,mura,10,4,c40e84e2-86a3-a44b-1726-d1a9e1f1d715-data/data/-4,c40e84e2-86a3-a44b-1726-d1a9e1f1d715-data/data/,0.0,0.09634926608957475,0,0.7,0.0,0.11014132947141048
