,evidence,experiment,game,last_evidence,popularity
0,0.3333333333333333,d75786f7-data-2018-01-25-big-experiment,4-d75786f7-data-2018-01-25-big-experiment,0.5,0.45
1,0.75,d75786f7-data-2018-01-25-big-experiment,4-d75786f7-data-2018-01-25-big-experiment,0.75,0.7
2,0.4166666666666667,d75786f7-data-2018-01-25-big-experiment,4-d75786f7-data-2018-01-25-big-experiment,0.0,0.35
3,0.3611111111111111,d75786f7-data-2018-01-25-big-experiment,4-d75786f7-data-2018-01-25-big-experiment,0.25,0.4
4,0.4722222222222222,d75786f7-data-2018-01-25-big-experiment,4-d75786f7-data-2018-01-25-big-experiment,0.5,0.5
5,0.3333333333333333,d75786f7-data-2018-01-25-big-experiment,4-d75786f7-data-2018-01-25-big-experiment,0.0,0.55
6,0.5,d75786f7-data-2018-01-25-big-experiment,4-d75786f7-data-2018-01-25-big-experiment,0.5,0.5
7,0.3611111111111111,d75786f7-data-2018-01-25-big-experiment,4-d75786f7-data-2018-01-25-big-experiment,0.25,0.4
8,0.3333333333333333,d75786f7-data-2018-01-25-big-experiment,5-d75786f7-data-2018-01-25-big-experiment,0.5,0.2
9,0.3333333333333333,d75786f7-data-2018-01-25-big-experiment,5-d75786f7-data-2018-01-25-big-experiment,0.5,0.45
10,0.6111111111111112,d75786f7-data-2018-01-25-big-experiment,5-d75786f7-data-2018-01-25-big-experiment,0.75,0.7
11,0.3888888888888889,d75786f7-data-2018-01-25-big-experiment,5-d75786f7-data-2018-01-25-big-experiment,0.75,0.35
12,0.5555555555555556,d75786f7-data-2018-01-25-big-experiment,5-d75786f7-data-2018-01-25-big-experiment,0.5,0.45
13,0.8055555555555556,d75786f7-data-2018-01-25-big-experiment,5-d75786f7-data-2018-01-25-big-experiment,0.75,0.5
14,0.3888888888888889,d75786f7-data-2018-01-25-big-experiment,5-d75786f7-data-2018-01-25-big-experiment,0.5,0.55
15,0.3888888888888889,d75786f7-data-2018-01-25-big-experiment,5-d75786f7-data-2018-01-25-big-experiment,0.25,0.3
16,0.6666666666666666,d75786f7-data-2018-01-25-big-experiment,6-d75786f7-data-2018-01-25-big-experiment,0.75,0.8
17,0.4722222222222222,d75786f7-data-2018-01-25-big-experiment,6-d75786f7-data-2018-01-25-big-experiment,0.0,0.4
18,0.6388888888888888,d75786f7-data-2018-01-25-big-experiment,6-d75786f7-data-2018-01-25-big-experiment,0.5,0.45
19,0.3888888888888889,d75786f7-data-2018-01-25-big-experiment,6-d75786f7-data-2018-01-25-big-experiment,0.25,0.4
20,0.5,d75786f7-data-2018-01-25-big-experiment,6-d75786f7-data-2018-01-25-big-experiment,0.0,0.4
21,0.5277777777777778,d75786f7-data-2018-01-25-big-experiment,6-d75786f7-data-2018-01-25-big-experiment,0.5,0.7
22,0.4166666666666667,d75786f7-data-2018-01-25-big-experiment,6-d75786f7-data-2018-01-25-big-experiment,0.25,0.3
23,0.5555555555555556,d75786f7-data-2018-01-25-big-experiment,6-d75786f7-data-2018-01-25-big-experiment,0.75,0.65
24,0.75,d75786f7-data-2018-01-25-big-experiment,7-d75786f7-data-2018-01-25-big-experiment,0.75,0.75
25,0.4166666666666667,d75786f7-data-2018-01-25-big-experiment,7-d75786f7-data-2018-01-25-big-experiment,0.0,0.45
26,0.3611111111111111,d75786f7-data-2018-01-25-big-experiment,7-d75786f7-data-2018-01-25-big-experiment,0.5,0.55
27,0.5833333333333334,d75786f7-data-2018-01-25-big-experiment,7-d75786f7-data-2018-01-25-big-experiment,0.75,0.55
28,0.3888888888888889,d75786f7-data-2018-01-25-big-experiment,7-d75786f7-data-2018-01-25-big-experiment,0.5,0.25
29,0.5555555555555556,d75786f7-data-2018-01-25-big-experiment,7-d75786f7-data-2018-01-25-big-experiment,0.25,0.2
30,0.3888888888888889,d75786f7-data-2018-01-25-big-experiment,7-d75786f7-data-2018-01-25-big-experiment,0.5,0.5
31,0.7222222222222222,d75786f7-data-2018-01-25-big-experiment,7-d75786f7-data-2018-01-25-big-experiment,0.75,0.55
32,0.3333333333333333,18a75a2d-data-2018-03-19-big-experiment,4-18a75a2d-data-2018-03-19-big-experiment,0.75,0.4
33,0.6944444444444444,18a75a2d-data-2018-03-19-big-experiment,4-18a75a2d-data-2018-03-19-big-experiment,1.0,0.4
34,0.6388888888888888,18a75a2d-data-2018-03-19-big-experiment,4-18a75a2d-data-2018-03-19-big-experiment,0.75,0.75
35,0.3333333333333333,18a75a2d-data-2018-03-19-big-experiment,4-18a75a2d-data-2018-03-19-big-experiment,0.25,0.45
36,0.4722222222222222,18a75a2d-data-2018-03-19-big-experiment,4-18a75a2d-data-2018-03-19-big-experiment,0.5,0.25
37,0.5555555555555556,18a75a2d-data-2018-03-19-big-experiment,4-18a75a2d-data-2018-03-19-big-experiment,0.5,0.65
38,0.4722222222222222,18a75a2d-data-2018-03-19-big-experiment,4-18a75a2d-data-2018-03-19-big-experiment,0.5,0.6
39,0.5555555555555556,18a75a2d-data-2018-03-19-big-experiment,4-18a75a2d-data-2018-03-19-big-experiment,0.25,0.3
40,0.4444444444444444,18a75a2d-data-2018-03-19-big-experiment,5-18a75a2d-data-2018-03-19-big-experiment,0.25,0.4
41,0.6944444444444444,18a75a2d-data-2018-03-19-big-experiment,5-18a75a2d-data-2018-03-19-big-experiment,0.5,0.4
42,0.5277777777777778,18a75a2d-data-2018-03-19-big-experiment,5-18a75a2d-data-2018-03-19-big-experiment,0.5,0.45
43,0.5277777777777778,18a75a2d-data-2018-03-19-big-experiment,5-18a75a2d-data-2018-03-19-big-experiment,0.75,0.55
44,0.5555555555555556,18a75a2d-data-2018-03-19-big-experiment,5-18a75a2d-data-2018-03-19-big-experiment,0.5,0.45
45,0.7222222222222222,18a75a2d-data-2018-03-19-big-experiment,5-18a75a2d-data-2018-03-19-big-experiment,0.25,0.4
46,0.4722222222222222,18a75a2d-data-2018-03-19-big-experiment,5-18a75a2d-data-2018-03-19-big-experiment,0.5,0.45
47,0.6944444444444444,18a75a2d-data-2018-03-19-big-experiment,5-18a75a2d-data-2018-03-19-big-experiment,0.75,0.65
48,0.5833333333333334,18a75a2d-data-2018-03-19-big-experiment,6-18a75a2d-data-2018-03-19-big-experiment,0.75,0.65
49,0.3888888888888889,18a75a2d-data-2018-03-19-big-experiment,6-18a75a2d-data-2018-03-19-big-experiment,0.0,0.4
50,0.5555555555555556,18a75a2d-data-2018-03-19-big-experiment,6-18a75a2d-data-2018-03-19-big-experiment,0.75,0.7
51,0.6111111111111112,18a75a2d-data-2018-03-19-big-experiment,6-18a75a2d-data-2018-03-19-big-experiment,0.5,0.55
52,0.3611111111111111,18a75a2d-data-2018-03-19-big-experiment,6-18a75a2d-data-2018-03-19-big-experiment,0.25,0.4
53,0.5555555555555556,18a75a2d-data-2018-03-19-big-experiment,6-18a75a2d-data-2018-03-19-big-experiment,0.5,0.4
54,0.3611111111111111,18a75a2d-data-2018-03-19-big-experiment,6-18a75a2d-data-2018-03-19-big-experiment,0.25,0.35
55,0.6388888888888888,18a75a2d-data-2018-03-19-big-experiment,6-18a75a2d-data-2018-03-19-big-experiment,0.75,0.6
56,0.7222222222222222,18a75a2d-data-2018-03-19-big-experiment,7-18a75a2d-data-2018-03-19-big-experiment,1.0,0.65
57,0.4166666666666667,18a75a2d-data-2018-03-19-big-experiment,7-18a75a2d-data-2018-03-19-big-experiment,0.25,0.35
58,0.3888888888888889,18a75a2d-data-2018-03-19-big-experiment,7-18a75a2d-data-2018-03-19-big-experiment,0.5,0.3
59,0.4166666666666667,18a75a2d-data-2018-03-19-big-experiment,7-18a75a2d-data-2018-03-19-big-experiment,1.0,0.7
60,0.4166666666666667,18a75a2d-data-2018-03-19-big-experiment,7-18a75a2d-data-2018-03-19-big-experiment,0.5,0.25
61,0.3333333333333333,18a75a2d-data-2018-03-19-big-experiment,7-18a75a2d-data-2018-03-19-big-experiment,0.5,0.2
62,0.3333333333333333,18a75a2d-data-2018-03-19-big-experiment,7-18a75a2d-data-2018-03-19-big-experiment,0.25,0.25
63,0.25,18a75a2d-data-2018-03-19-big-experiment,7-18a75a2d-data-2018-03-19-big-experiment,0.5,0.5
