id,creation_time,property1,property2,property3,property4,property5,failed,time_of_death,assignment_id,event_type
1,2018-04-27 20:52:24.842388,,,,,,f,,3PJ71Z61R5VG8YUPIRLGAJDFXTI19Y,AssignmentAccepted
2,2018-04-27 20:58:13.548629,,,,,,f,,3PJ71Z61R5VG8YUPIRLGAJDFXTI19Y,AssignmentReturned
3,2018-04-27 20:58:14.529468,,,,,,f,,3PJ71Z61R5VG8YUPIRLGAJDFXTI19Y,AssignmentAccepted
4,2018-04-27 21:06:16.803034,,,,,,f,,3PJ71Z61R5VG8YUPIRLGAJDFXTI19Y,AssignmentSubmitted
5,2018-04-27 21:06:39.500496,,,,,,f,,35GMH2SV3FAIZMS7W4ZDETRYH1BEOB,AssignmentAccepted
6,2018-04-27 21:52:10.837654,,,,,,f,,35GMH2SV3FAIZMS7W4ZDETRYH1BEOB,AssignmentSubmitted
7,2018-04-27 21:52:23.720479,,,,,,f,,3IAS3U3I0G96LCRIZFZQ68IADZ42BV,AssignmentAccepted
8,2018-04-27 22:07:23.080693,,,,,,f,,3IAS3U3I0G96LCRIZFZQ68IADZ42BV,AssignmentSubmitted
9,2018-04-27 22:07:37.409741,,,,,,f,,358UUM7WR0W0NK5D1O2B2E4M61TR7D,AssignmentAccepted
10,2018-04-27 22:25:20.45815,,,,,,f,,358UUM7WR0W0NK5D1O2B2E4M61TR7D,AssignmentReturned
11,2018-04-27 22:25:34.459804,,,,,,f,,358UUM7WR0W0NK5D1O2B2E4M61TR7D,AssignmentAccepted
12,2018-04-27 22:38:51.091377,,,,,,f,,358UUM7WR0W0NK5D1O2B2E4M61TR7D,AssignmentReturned
13,2018-04-27 22:38:52.044933,,,,,,f,,358UUM7WR0W0NK5D1O2B2E4M61TR7D,AssignmentAccepted
14,2018-04-27 22:56:05.800538,,,,,,f,,358UUM7WR0W0NK5D1O2B2E4M61TR7D,AssignmentSubmitted
15,2018-04-27 22:56:29.188406,,,,,,f,,345LHZDEDYLA2TW736UQU8FQ8YE3UR,AssignmentAccepted
16,2018-04-27 23:15:53.927599,,,,,,f,,345LHZDEDYLA2TW736UQU8FQ8YE3UR,AssignmentSubmitted
17,2018-04-27 23:16:01.51997,,,,,,f,,3TY7ZAOG5GD0I5SYQ585MN8L3VWK0G,AssignmentAccepted
18,2018-04-28 00:16:08.160697,,,,,,f,,3TY7ZAOG5GD0I5SYQ585MN8L3VWK0G,AssignmentAbandoned
19,2018-04-28 00:16:11.950755,,,,,,f,,3TY7ZAOG5GD0I5SYQ585MN8L3VWK0G,AssignmentAccepted
20,2018-04-28 00:22:30.679205,,,,,,f,,3TY7ZAOG5GD0I5SYQ585MN8L3VWK0G,AssignmentSubmitted
21,2018-04-28 00:22:47.473179,,,,,,f,,3KIBXJ1WD6NLLMKHSQAGCO431YFKO9,AssignmentAccepted
22,2018-04-28 00:29:12.176062,,,,,,f,,3KIBXJ1WD6NLLMKHSQAGCO431YFKO9,AssignmentSubmitted
23,2018-04-28 00:30:21.591289,,,,,,f,,36ZN444YTSRUFRUTSNP4Z8PQ9UQOI2,AssignmentAccepted
24,2018-04-28 00:30:33.286238,,,,,,f,,36ZN444YTSRUFRUTSNP4Z8PQ9UQOI2,AssignmentReturned
25,2018-04-28 00:30:41.356279,,,,,,f,,36ZN444YTSRUFRUTSNP4Z8PQ9UQOI2,AssignmentAccepted
26,2018-04-28 00:48:25.969348,,,,,,f,,36ZN444YTSRUFRUTSNP4Z8PQ9UQOI2,AssignmentSubmitted
27,2018-04-28 00:48:36.856292,,,,,,f,,3VNL7UK1XGCQISXBNW5IQLILSAGTF3,AssignmentAccepted
28,2018-04-28 00:56:49.685658,,,,,,f,,3VNL7UK1XGCQISXBNW5IQLILSAGTF3,AssignmentSubmitted
29,2018-04-28 00:58:15.741677,,,,,,f,,3VHHR074H4APKMA0W45FG2VN09C7LB,AssignmentAccepted
30,2018-04-28 01:04:38.30433,,,,,,f,,3VHHR074H4APKMA0W45FG2VN09C7LB,AssignmentReturned
31,2018-04-28 01:05:51.056533,,,,,,f,,3TYCR1GOTDC84WG6FZXY7MOMA2PLZH,AssignmentAccepted
32,2018-04-28 01:24:37.379061,,,,,,f,,3TYCR1GOTDC84WG6FZXY7MOMA2PLZH,AssignmentSubmitted
33,2018-04-28 01:24:53.836222,,,,,,f,,3MAOD8E57R39N1JCQUPSNTC07XSNXP,AssignmentAccepted
34,2018-04-28 02:13:53.928352,,,,,,f,,3MAOD8E57R39N1JCQUPSNTC07XSNXP,AssignmentReturned
35,2018-04-28 02:14:29.690603,,,,,,f,,384PI804XTUY6O56VEH7D9ZVKPH0SL,AssignmentAccepted
36,2018-04-28 03:14:59.514579,,,,,,f,,384PI804XTUY6O56VEH7D9ZVKPH0SL,AssignmentAbandoned
37,2018-04-28 03:15:23.187281,,,,,,f,,3LOZAJ85YE6DYFUJ4BR8V592W24X2B,AssignmentAccepted
38,2018-04-28 04:01:47.206106,,,,,,f,,3LOZAJ85YE6DYFUJ4BR8V592W24X2B,AssignmentSubmitted
39,2018-04-28 04:01:59.193317,,,,,,f,,3QY5DC2MXSD5I5C0N1VSVH4NBOTUF1,AssignmentAccepted
40,2018-04-28 04:48:44.508079,,,,,,f,,3QY5DC2MXSD5I5C0N1VSVH4NBOTUF1,AssignmentSubmitted
41,2018-04-28 04:48:55.887855,,,,,,f,,3ZY8KE4ISKW2M9R967GR32AKWXCQVH,AssignmentAccepted
42,2018-04-28 04:52:08.228489,,,,,,f,,3ZY8KE4ISKW2M9R967GR32AKWXCQVH,AssignmentReturned
43,2018-04-28 04:52:36.661746,,,,,,f,,3ZY8KE4ISKW2M9R967GR32AKWXCQVH,AssignmentAccepted
44,2018-04-28 05:06:02.318744,,,,,,f,,3ZY8KE4ISKW2M9R967GR32AKWXCQVH,AssignmentSubmitted
45,2018-04-28 05:06:11.407904,,,,,,f,,32KTQ2V7RE8D4NGEBD4EUB1IV4XM9B,AssignmentAccepted
46,2018-04-28 05:13:47.514426,,,,,,f,,32KTQ2V7RE8D4NGEBD4EUB1IV4XM9B,AssignmentSubmitted
47,2018-04-28 05:14:00.832301,,,,,,f,,32N49TQG3HBAZTKSHBJ5D2VFSFRVAG,AssignmentAccepted
48,2018-04-28 05:25:43.505889,,,,,,f,,32N49TQG3HBAZTKSHBJ5D2VFSFRVAG,AssignmentSubmitted
49,2018-04-28 05:25:57.703373,,,,,,f,,34MAJL3QP5GBLV2SO038H4HW9L343I,AssignmentAccepted
50,2018-04-28 05:59:48.020499,,,,,,f,,34MAJL3QP5GBLV2SO038H4HW9L343I,AssignmentSubmitted
51,2018-04-28 06:00:06.234786,,,,,,f,,3AUQQEL7U6MEYGMAP9MCOWJ2JTH0VW,AssignmentAccepted
52,2018-04-28 06:06:04.842456,,,,,,f,,3AUQQEL7U6MEYGMAP9MCOWJ2JTH0VW,AssignmentSubmitted
53,2018-04-28 06:06:39.424124,,,,,,f,,3ATTHHXXWBHH908LTEC0ILGJLY6IXC,AssignmentAccepted
54,2018-04-28 06:15:48.471796,,,,,,f,,3ATTHHXXWBHH908LTEC0ILGJLY6IXC,AssignmentSubmitted
55,2018-04-28 06:15:59.710229,,,,,,f,,30OG32W0SV40H1SVVPZ0Z4RTRRPENF,AssignmentAccepted
56,2018-04-28 06:32:28.166905,,,,,,f,,30OG32W0SV40H1SVVPZ0Z4RTRRPENF,AssignmentSubmitted
57,2018-04-28 06:32:46.259141,,,,,,f,,3SB5N7Y3O4XVGJWF0ENQOVGSWETG0N,AssignmentAccepted
58,2018-04-28 07:32:49.488862,,,,,,f,,3SB5N7Y3O4XVGJWF0ENQOVGSWETG0N,AssignmentAbandoned
59,2018-04-28 07:33:19.413092,,,,,,f,,3SB5N7Y3O4XVGJWF0ENQOVGSWETG0N,AssignmentAccepted
60,2018-04-28 08:33:18.945318,,,,,,f,,3SB5N7Y3O4XVGJWF0ENQOVGSWETG0N,AssignmentAbandoned
61,2018-04-28 08:34:01.288879,,,,,,f,,3VHP9MDGROD9WBV01AAS1BIH4PSCFH,AssignmentAccepted
62,2018-04-28 09:34:07.688137,,,,,,f,,3VHP9MDGROD9WBV01AAS1BIH4PSCFH,AssignmentAbandoned
63,2018-04-28 09:34:53.086835,,,,,,f,,36U2A8VAG2SXF0OJYDJEEF25F9RYKD,AssignmentAccepted
64,2018-04-28 09:52:16.064109,,,,,,f,,36U2A8VAG2SXF0OJYDJEEF25F9RYKD,AssignmentReturned
65,2018-04-28 09:54:07.863777,,,,,,f,,3JZQSN0I3R3MDNB53W6BR23W2HLFGV,AssignmentAccepted
66,2018-04-28 10:05:18.343992,,,,,,f,,3JZQSN0I3R3MDNB53W6BR23W2HLFGV,AssignmentSubmitted
67,2018-04-28 10:05:50.489798,,,,,,f,,3QY7M81QH8FE0GSIB4TE12I8BAJK7Z,AssignmentAccepted
68,2018-04-28 11:05:41.385668,,,,,,f,,3QY7M81QH8FE0GSIB4TE12I8BAJK7Z,AssignmentAbandoned
69,2018-04-28 11:06:15.700944,,,,,,f,,3HL8HNGX46U7YDOXPQ01ZLH9Y4RF95,AssignmentAccepted
70,2018-04-28 12:06:38.222426,,,,,,f,,3HL8HNGX46U7YDOXPQ01ZLH9Y4RF95,AssignmentAbandoned
71,2018-04-28 12:07:08.123586,,,,,,f,,3II4UPYCOK0GSSRNFMGXXG4DWRGDQF,AssignmentAccepted
72,2018-04-28 12:40:25.754001,,,,,,f,,3II4UPYCOK0GSSRNFMGXXG4DWRGDQF,AssignmentSubmitted
73,2018-04-28 12:40:34.904094,,,,,,f,,3R08VXYT7DO5VGMZ0ICHPDC3YHV7WL,AssignmentAccepted
74,2018-04-28 12:56:18.32725,,,,,,f,,3R08VXYT7DO5VGMZ0ICHPDC3YHV7WL,AssignmentSubmitted
75,2018-04-28 12:57:21.74243,,,,,,f,,30ZX6P7VF9OC3VPUN7C74W1NL50J2M,AssignmentAccepted
76,2018-04-28 13:07:54.980936,,,,,,f,,30ZX6P7VF9OC3VPUN7C74W1NL50J2M,AssignmentSubmitted
77,2018-04-28 13:07:58.484306,,,,,,f,,33SA9F9TRYNQ4V19NQQNVN4KK40EWF,AssignmentAccepted
78,2018-04-28 13:10:03.444198,,,,,,f,,33SA9F9TRYNQ4V19NQQNVN4KK40EWF,AssignmentReturned
79,2018-04-28 13:10:10.051426,,,,,,f,,33SA9F9TRYNQ4V19NQQNVN4KK40EWF,AssignmentAccepted
80,2018-04-28 13:15:13.606134,,,,,,f,,33SA9F9TRYNQ4V19NQQNVN4KK40EWF,AssignmentReturned
81,2018-04-28 13:16:12.902624,,,,,,f,,308Q0PEVB96R84QNQY6M2IU1EWMI92,AssignmentAccepted
82,2018-04-28 13:38:55.111511,,,,,,f,,308Q0PEVB96R84QNQY6M2IU1EWMI92,AssignmentSubmitted
83,2018-04-28 13:39:14.704134,,,,,,f,,3CP1TO84PUU4WWA9Y58D3MII34752O,AssignmentAccepted
84,2018-04-28 14:39:29.863015,,,,,,f,,3CP1TO84PUU4WWA9Y58D3MII34752O,AssignmentAbandoned
85,2018-04-28 14:40:03.802421,,,,,,f,,33UKMF931AD01XFCIGA77PXMJK8TTX,AssignmentAccepted
86,2018-04-28 15:40:10.567757,,,,,,f,,33UKMF931AD01XFCIGA77PXMJK8TTX,AssignmentAbandoned
87,2018-04-28 15:40:56.756921,,,,,,f,,3ERMJ6L4DZL9Q4SLWG6UGFAC0FO7M1,AssignmentAccepted
88,2018-04-28 15:50:03.481138,,,,,,f,,3ERMJ6L4DZL9Q4SLWG6UGFAC0FO7M1,AssignmentSubmitted
89,2018-04-28 15:50:09.066432,,,,,,f,,3RWE2M8QWI31QBD1NI0LEFPPXRS0NU,AssignmentAccepted
90,2018-04-28 16:50:21.587779,,,,,,f,,3RWE2M8QWI31QBD1NI0LEFPPXRS0NU,AssignmentAbandoned
91,2018-04-28 16:50:53.775283,,,,,,f,,3ERET4BTVN2IEZGBQ1RYFY9E60IK9M,AssignmentAccepted
92,2018-04-28 17:51:01.228798,,,,,,f,,3ERET4BTVN2IEZGBQ1RYFY9E60IK9M,AssignmentAbandoned
93,2018-04-28 17:51:55.583331,,,,,,f,,3T3IWE1XG7GN9HNK1CGC2KMZZDGQTN,AssignmentAccepted
94,2018-04-28 17:54:52.251478,,,,,,f,,3T3IWE1XG7GN9HNK1CGC2KMZZDGQTN,AssignmentReturned
95,2018-04-28 17:55:31.906748,,,,,,f,,3T3IWE1XG7GN9HNK1CGC2KMZZDGQTN,AssignmentAccepted
96,2018-04-28 18:10:18.140288,,,,,,f,,3T3IWE1XG7GN9HNK1CGC2KMZZDGQTN,AssignmentReturned
97,2018-04-28 18:10:47.250875,,,,,,f,,3SITXWYCNW27MSUFN4KJWYC6Q94BXG,AssignmentAccepted
98,2018-04-28 18:40:28.770973,,,,,,f,,3SITXWYCNW27MSUFN4KJWYC6Q94BXG,AssignmentSubmitted
99,2018-04-28 18:40:39.752646,,,,,,f,,3PJUZCGDJ79YJYEAHCUVPT0NB0U89X,AssignmentAccepted
100,2018-04-28 19:40:44.256997,,,,,,f,,3PJUZCGDJ79YJYEAHCUVPT0NB0U89X,AssignmentAbandoned
101,2018-04-28 19:41:15.094619,,,,,,f,,3DY4FPOOA2H2YA69JM5R8SKPSK2RV9,AssignmentAccepted
102,2018-04-28 19:53:10.620129,,,,,,f,,3DY4FPOOA2H2YA69JM5R8SKPSK2RV9,AssignmentSubmitted
103,2018-04-28 19:53:24.607847,,,,,,f,,31HQ4X3T3T3B3KUSK73QBTRJNOJSLF,AssignmentAccepted
104,2018-04-28 20:15:53.582703,,,,,,f,,31HQ4X3T3T3B3KUSK73QBTRJNOJSLF,AssignmentSubmitted
105,2018-04-28 20:16:12.621969,,,,,,f,,30BUDKLTXEOWRCMPRP3E5NR707BE5D,AssignmentAccepted
106,2018-04-28 21:16:26.612368,,,,,,f,,30BUDKLTXEOWRCMPRP3E5NR707BE5D,AssignmentAbandoned
107,2018-04-28 21:16:59.089695,,,,,,f,,3KV0LJBBH3EJ8NC05U40LW1C1RSRMU,AssignmentAccepted
108,2018-04-28 21:38:23.347647,,,,,,f,,3KV0LJBBH3EJ8NC05U40LW1C1RSRMU,AssignmentSubmitted
109,2018-04-28 21:38:51.287751,,,,,,f,,3DY4FPOOA2H2YA69JM5R8SKPSK4VRF,AssignmentAccepted
110,2018-04-28 21:57:13.150261,,,,,,f,,3DY4FPOOA2H2YA69JM5R8SKPSK4VRF,AssignmentSubmitted
111,2018-04-28 21:58:29.886217,,,,,,f,,3KV0LJBBH3EJ8NC05U40LW1C1RTMRQ,AssignmentAccepted
112,2018-04-28 22:01:18.876317,,,,,,f,,3KV0LJBBH3EJ8NC05U40LW1C1RTMRQ,AssignmentReturned
113,2018-04-28 22:01:32.090036,,,,,,f,,3KV0LJBBH3EJ8NC05U40LW1C1RTMRQ,AssignmentAccepted
114,2018-04-28 22:28:31.230125,,,,,,f,,3KV0LJBBH3EJ8NC05U40LW1C1RTMRQ,AssignmentSubmitted
115,2018-04-28 22:28:38.761234,,,,,,f,,35BLDD71I7QB01S0T3Z4UVMO11OVZ9,AssignmentAccepted
116,2018-04-28 22:42:53.899256,,,,,,f,,35BLDD71I7QB01S0T3Z4UVMO11OVZ9,AssignmentSubmitted
117,2018-04-28 22:42:59.783883,,,,,,f,,3YMU66OBIO16RJ2BYMUBUNF9IWKGHG,AssignmentAccepted
118,2018-04-28 23:41:19.492706,,,,,,f,,3YMU66OBIO16RJ2BYMUBUNF9IWKGHG,AssignmentReturned
119,2018-04-28 23:41:22.045443,,,,,,f,,3YMU66OBIO16RJ2BYMUBUNF9IWKGHG,AssignmentAccepted
120,2018-04-29 00:41:26.361744,,,,,,f,,3YMU66OBIO16RJ2BYMUBUNF9IWKGHG,AssignmentAbandoned
121,2018-04-29 00:41:37.220141,,,,,,f,,3YMU66OBIO16RJ2BYMUBUNF9IWKGHG,AssignmentAccepted
122,2018-04-29 00:54:32.893046,,,,,,f,,3YMU66OBIO16RJ2BYMUBUNF9IWKGHG,AssignmentSubmitted
123,2018-04-29 00:54:50.98729,,,,,,f,,3NGMS9VZTMBGZNFASC0T9H3K129FFK,AssignmentAccepted
124,2018-04-29 01:34:03.589247,,,,,,f,,3NGMS9VZTMBGZNFASC0T9H3K129FFK,AssignmentReturned
125,2018-04-29 01:34:19.912948,,,,,,f,,3NGMS9VZTMBGZNFASC0T9H3K129FFK,AssignmentAccepted
126,2018-04-29 02:34:33.633412,,,,,,f,,3NGMS9VZTMBGZNFASC0T9H3K129FFK,AssignmentAbandoned
127,2018-04-29 02:35:19.866124,,,,,,f,,35GCEFQ6I6HROSQH9TTYB0U5AH0Z3L,AssignmentAccepted
128,2018-04-29 02:55:11.271604,,,,,,f,,35GCEFQ6I6HROSQH9TTYB0U5AH0Z3L,AssignmentSubmitted
129,2018-04-29 02:55:33.416917,,,,,,f,,3IUZPWIU1P0TQVTJJC1QTIHP41JWK4,AssignmentAccepted
130,2018-04-29 03:55:28.772888,,,,,,f,,3IUZPWIU1P0TQVTJJC1QTIHP41JWK4,AssignmentAbandoned
131,2018-04-29 03:56:31.670974,,,,,,f,,3MTMREQS4WBNEIKX7LO1Z4ETZPRAW5,AssignmentAccepted
132,2018-04-29 04:56:40.767459,,,,,,f,,3MTMREQS4WBNEIKX7LO1Z4ETZPRAW5,AssignmentAbandoned
133,2018-04-29 04:57:42.270444,,,,,,f,,3QY7M81QH8FE0GSIB4TE12I8BAFK7V,AssignmentAccepted
134,2018-04-29 05:08:23.017886,,,,,,f,,3QY7M81QH8FE0GSIB4TE12I8BAFK7V,AssignmentSubmitted
135,2018-04-29 05:08:35.760903,,,,,,f,,345LHZDEDYLA2TW736UQU8FQ8ZS3U7,AssignmentAccepted
136,2018-04-29 06:08:56.373746,,,,,,f,,345LHZDEDYLA2TW736UQU8FQ8ZS3U7,AssignmentAbandoned
137,2018-04-29 06:12:26.573562,,,,,,f,,3EJPLAJKEN9QLBDZSVRWI36PK8A6Z6,AssignmentAccepted
138,2018-04-29 06:37:03.049793,,,,,,f,,3EJPLAJKEN9QLBDZSVRWI36PK8A6Z6,AssignmentSubmitted
139,2018-04-29 06:37:09.693069,,,,,,f,,3YOH7BII0A0GB6TET2WU7GYBXSOKVP,AssignmentAccepted
140,2018-04-29 06:38:11.709194,,,,,,f,,3YOH7BII0A0GB6TET2WU7GYBXSOKVP,AssignmentReturned
141,2018-04-29 06:39:48.353565,,,,,,f,,3OF2M9AATHHXKQYOUZLXSMB7L3UKZP,AssignmentAccepted
142,2018-04-29 07:39:48.043992,,,,,,f,,3OF2M9AATHHXKQYOUZLXSMB7L3UKZP,AssignmentAbandoned
143,2018-04-29 07:42:52.682048,,,,,,f,,3BGYGHDBBYDCXZRMGM6F5FF6JVA22G,AssignmentAccepted
144,2018-04-29 07:44:10.856573,,,,,,f,,3BGYGHDBBYDCXZRMGM6F5FF6JVA22G,AssignmentReturned
145,2018-04-29 07:56:15.808506,,,,,,f,,3UJ1CZ6IZIIX1VR7SKNJU4VM1YZS57,AssignmentAccepted
146,2018-04-29 08:17:53.874512,,,,,,f,,3UJ1CZ6IZIIX1VR7SKNJU4VM1YZS57,AssignmentSubmitted
147,2018-04-29 08:24:35.955345,,,,,,f,,3EG49X351V51GGDKRD3BLIQEC9DX63,AssignmentAccepted
148,2018-04-29 09:24:46.951497,,,,,,f,,3EG49X351V51GGDKRD3BLIQEC9DX63,AssignmentAbandoned
149,2018-04-29 09:25:21.822913,,,,,,f,,3TMSXRD2X7TRKU7XB2V8O3LQVWTW1D,AssignmentAccepted
150,2018-04-29 10:25:26.493401,,,,,,f,,3TMSXRD2X7TRKU7XB2V8O3LQVWTW1D,AssignmentAbandoned
151,2018-04-29 10:27:25.656309,,,,,,f,,3NS0A6KXC51SI425480IUUJEENIGZP,AssignmentAccepted
152,2018-04-29 10:47:10.253442,,,,,,f,,3NS0A6KXC51SI425480IUUJEENIGZP,AssignmentSubmitted
153,2018-04-29 10:47:25.517881,,,,,,f,,3P59JYT76MD6HYLZZ1QB62OWJ8RT23,AssignmentAccepted
154,2018-04-29 11:04:04.332441,,,,,,f,,3P59JYT76MD6HYLZZ1QB62OWJ8RT23,AssignmentSubmitted
155,2018-04-29 11:04:26.047848,,,,,,f,,3VSOLARPKC2CI1845VZZYCSCVFP93V,AssignmentAccepted
156,2018-04-29 11:16:55.91868,,,,,,f,,3VSOLARPKC2CI1845VZZYCSCVFP93V,AssignmentSubmitted
157,2018-04-29 11:17:20.913147,,,,,,f,,3X65QVEQI1GVW35WNLDQWON11MJLC2,AssignmentAccepted
158,2018-04-29 11:24:50.716253,,,,,,f,,3X65QVEQI1GVW35WNLDQWON11MJLC2,AssignmentReturned
159,2018-04-29 11:30:20.763487,,,,,,f,,3ATTHHXXWBHH908LTEC0ILGJL0DIXN,AssignmentAccepted
160,2018-04-29 11:42:41.132064,,,,,,f,,3ATTHHXXWBHH908LTEC0ILGJL0DIXN,AssignmentSubmitted
161,2018-04-29 11:43:36.887296,,,,,,f,,3GA6AFUKOPH5X7QN37NRBTQ0ESXH3T,AssignmentAccepted
162,2018-04-29 11:55:59.201629,,,,,,f,,3GA6AFUKOPH5X7QN37NRBTQ0ESXH3T,AssignmentSubmitted
163,2018-04-29 11:58:02.37507,,,,,,f,,37W3JXSD671OA0I0NR2H2QW02H5WYE,AssignmentAccepted
164,2018-04-29 11:59:29.662741,,,,,,f,,37W3JXSD671OA0I0NR2H2QW02H5WYE,AssignmentReturned
165,2018-04-29 12:01:17.753449,,,,,,f,,33LK57MYLUYV89BWZ8UZJ82H2YDZST,AssignmentAccepted
166,2018-04-29 12:10:41.345207,,,,,,f,,33LK57MYLUYV89BWZ8UZJ82H2YDZST,AssignmentSubmitted
167,2018-04-29 12:12:58.350669,,,,,,f,,392CY0QWG2KQBYKB93AVLAJLS58I48,AssignmentAccepted
168,2018-04-29 12:22:28.442464,,,,,,f,,392CY0QWG2KQBYKB93AVLAJLS58I48,AssignmentSubmitted
169,2018-04-29 12:22:46.328259,,,,,,f,,3WMINLGALCWE0KESQUO0NA7Q7ALACA,AssignmentAccepted
170,2018-04-29 12:26:14.456277,,,,,,f,,3WMINLGALCWE0KESQUO0NA7Q7ALACA,AssignmentReturned
171,2018-04-29 12:26:21.723096,,,,,,f,,3WMINLGALCWE0KESQUO0NA7Q7ALACA,AssignmentAccepted
172,2018-04-29 12:38:59.618118,,,,,,f,,3WMINLGALCWE0KESQUO0NA7Q7ALACA,AssignmentSubmitted
173,2018-04-29 12:39:14.745966,,,,,,f,,351SEKWQS1AP7DTVNT9GG7K8MRMDMX,AssignmentAccepted
174,2018-04-29 12:51:36.37857,,,,,,f,,351SEKWQS1AP7DTVNT9GG7K8MRMDMX,AssignmentSubmitted
175,2018-04-29 12:51:45.836152,,,,,,f,,37TRT2X24RK6R8PQ605I5P4RFCFBJK,AssignmentAccepted
176,2018-04-29 13:01:05.524648,,,,,,f,,37TRT2X24RK6R8PQ605I5P4RFCFBJK,AssignmentSubmitted
177,2018-04-29 13:01:21.872459,,,,,,f,,31JLPPHS2VNFPOCA7KIHV2N1QEC3O4,AssignmentAccepted
178,2018-04-29 13:13:12.371893,,,,,,f,,31JLPPHS2VNFPOCA7KIHV2N1QEC3O4,AssignmentSubmitted
179,2018-04-29 13:13:21.965682,,,,,,f,,3ZSY5X72NY478QXCIAJDD0QHWSSORT,AssignmentAccepted
180,2018-04-29 13:19:40.23615,,,,,,f,,3ZSY5X72NY478QXCIAJDD0QHWSSORT,AssignmentSubmitted
181,2018-04-29 13:19:45.745095,,,,,,f,,3DL65MZB8E8HQXV46ZQMJTXHSPJCE7,AssignmentAccepted
182,2018-04-29 13:24:29.588084,,,,,,f,,3DL65MZB8E8HQXV46ZQMJTXHSPJCE7,AssignmentSubmitted
183,2018-04-29 13:24:57.318211,,,,,,f,,3TMFV4NEP979VURIAN4N3D8Y923W81,AssignmentAccepted
184,2018-04-29 13:42:12.652906,,,,,,f,,3TMFV4NEP979VURIAN4N3D8Y923W81,AssignmentSubmitted
185,2018-04-29 13:43:55.400543,,,,,,f,,3KGTPGBS6YELHB0OZ6GLBYAY2M0U2X,AssignmentAccepted
186,2018-04-29 14:42:48.784999,,,,,,f,,3KGTPGBS6YELHB0OZ6GLBYAY2M0U2X,AssignmentSubmitted
187,2018-04-29 14:42:59.782859,,,,,,f,,3PH3VY7DJMQOFQS5JD40GX528BDWZ9,AssignmentAccepted
188,2018-04-29 14:55:10.762458,,,,,,f,,3PH3VY7DJMQOFQS5JD40GX528BDWZ9,AssignmentSubmitted
189,2018-04-29 14:55:20.575887,,,,,,f,,36H9ULYP63NW4P16B2REOFVCUABJFE,AssignmentAccepted
190,2018-04-29 15:51:13.850199,,,,,,f,,36H9ULYP63NW4P16B2REOFVCUABJFE,AssignmentSubmitted
191,2018-04-29 15:51:39.160561,,,,,,f,,3NPI0JQDAPY295M51Z1N2FWPUISPTV,AssignmentAccepted
192,2018-04-29 16:04:14.443015,,,,,,f,,3NPI0JQDAPY295M51Z1N2FWPUISPTV,AssignmentSubmitted
193,2018-04-29 16:04:30.38067,,,,,,f,,3L70J4KAZHFO5CK6QQJB7GP8SA5ADI,AssignmentAccepted
194,2018-04-29 16:34:26.036862,,,,,,f,,3L70J4KAZHFO5CK6QQJB7GP8SA5ADI,AssignmentSubmitted
195,2018-04-29 16:34:39.479359,,,,,,f,,3RJSC4XJ11NX0M7VJI4ZKYP367Y05C,AssignmentAccepted
196,2018-04-29 16:44:02.465095,,,,,,f,,3RJSC4XJ11NX0M7VJI4ZKYP367Y05C,AssignmentSubmitted
197,2018-04-29 16:44:15.709352,,,,,,f,,31QTRG6Q2U6YQRLZB5OMAWO49KEYPX,AssignmentAccepted
198,2018-04-29 17:24:49.802728,,,,,,f,,31QTRG6Q2U6YQRLZB5OMAWO49KEYPX,AssignmentSubmitted
199,2018-04-29 17:25:10.663712,,,,,,f,,3N2BF7Y2VRN6JTYX9PS67SZ6EJYHMT,AssignmentAccepted
200,2018-04-29 18:25:27.60435,,,,,,f,,3N2BF7Y2VRN6JTYX9PS67SZ6EJYHMT,AssignmentAbandoned
201,2018-04-29 18:26:02.25583,,,,,,f,,3BC8WZX3V4PA53PSA20H7VVM7F4RRX,AssignmentAccepted
202,2018-04-29 19:03:02.996286,,,,,,f,,3BC8WZX3V4PA53PSA20H7VVM7F4RRX,AssignmentReturned
203,2018-04-29 19:03:14.736412,,,,,,f,,3BC8WZX3V4PA53PSA20H7VVM7F4RRX,AssignmentAccepted
204,2018-04-29 19:59:42.16027,,,,,,f,,3BC8WZX3V4PA53PSA20H7VVM7F4RRX,AssignmentReturned
205,2018-04-29 20:00:24.520753,,,,,,f,,3TR2532VIQN0LW8VA9OAU9IZ1C5J6A,AssignmentAccepted
206,2018-04-29 21:00:20.379069,,,,,,f,,3TR2532VIQN0LW8VA9OAU9IZ1C5J6A,AssignmentAbandoned
207,2018-04-29 21:00:59.547331,,,,,,f,,31T4R4OBOT9WHIGUJRCGDJ5063N7CQ,AssignmentAccepted
208,2018-04-29 21:05:45.360123,,,,,,f,,31T4R4OBOT9WHIGUJRCGDJ5063N7CQ,AssignmentReturned
209,2018-04-29 21:06:50.306939,,,,,,f,,3GS6S824SRQUY1EMGPT6LAYTYYAWNZ,AssignmentAccepted
210,2018-04-29 21:24:18.425003,,,,,,f,,3GS6S824SRQUY1EMGPT6LAYTYYAWNZ,AssignmentReturned
211,2018-04-29 21:24:20.392241,,,,,,f,,3GS6S824SRQUY1EMGPT6LAYTYYAWNZ,AssignmentAccepted
212,2018-04-29 21:42:49.410206,,,,,,f,,3GS6S824SRQUY1EMGPT6LAYTYYAWNZ,AssignmentSubmitted
213,2018-04-29 21:43:06.866271,,,,,,f,,3JC6VJ2SACCT1Z5DBK1S941GFUCA5H,AssignmentAccepted
214,2018-04-29 21:58:03.092507,,,,,,f,,3JC6VJ2SACCT1Z5DBK1S941GFUCA5H,AssignmentSubmitted
215,2018-04-29 21:58:21.967392,,,,,,f,,3NJM2BJS4XZLNOKUFD6XD5WL6XZPCL,AssignmentAccepted
216,2018-04-29 22:02:38.623381,,,,,,f,,3NJM2BJS4XZLNOKUFD6XD5WL6XZPCL,AssignmentReturned
217,2018-04-29 22:03:20.617617,,,,,,f,,34Q075JO1Y6YC46CIV2NH8CMUSX010,AssignmentAccepted
218,2018-04-29 22:17:18.115374,,,,,,f,,34Q075JO1Y6YC46CIV2NH8CMUSX010,AssignmentSubmitted
219,2018-04-29 22:17:23.893864,,,,,,f,,36DSNE9QZ6RQA2EZA5A4B94QMCEJOE,AssignmentAccepted
220,2018-04-29 22:26:19.245003,,,,,,f,,36DSNE9QZ6RQA2EZA5A4B94QMCEJOE,AssignmentReturned
221,2018-04-29 22:27:12.427395,,,,,,f,,3AQF3RZ559BKGUMZRJXPFBQ7854F6J,AssignmentAccepted
222,2018-04-29 22:28:12.354055,,,,,,f,,3AQF3RZ559BKGUMZRJXPFBQ7854F6J,AssignmentReturned
223,2018-04-29 22:28:53.980398,,,,,,f,,39KFRKBFIOOG5R9YW5B7LWJEZGOOYE,AssignmentAccepted
224,2018-04-29 22:46:47.040136,,,,,,f,,39KFRKBFIOOG5R9YW5B7LWJEZGOOYE,AssignmentSubmitted
225,2018-04-29 22:46:52.678667,,,,,,f,,3H0W84IWBLVLWZKNOWGH8OW3SR4REC,AssignmentAccepted
226,2018-04-29 22:48:17.944709,,,,,,f,,3H0W84IWBLVLWZKNOWGH8OW3SR4REC,AssignmentReturned
227,2018-04-29 22:48:24.521656,,,,,,f,,3H0W84IWBLVLWZKNOWGH8OW3SR4REC,AssignmentAccepted
228,2018-04-29 23:01:38.490279,,,,,,f,,3H0W84IWBLVLWZKNOWGH8OW3SR4REC,AssignmentSubmitted
229,2018-04-29 23:01:53.504565,,,,,,f,,3LEP4MGT3HTTOMPYW4J72R9EAT1BDR,AssignmentAccepted
230,2018-04-29 23:13:11.478868,,,,,,f,,3LEP4MGT3HTTOMPYW4J72R9EAT1BDR,AssignmentSubmitted
231,2018-04-29 23:13:26.373729,,,,,,f,,3LOZAJ85YE6DYFUJ4BR8V592W50X2D,AssignmentAccepted
232,2018-04-29 23:43:49.110265,,,,,,f,,3LOZAJ85YE6DYFUJ4BR8V592W50X2D,AssignmentReturned
233,2018-04-29 23:44:01.667718,,,,,,f,,3LOZAJ85YE6DYFUJ4BR8V592W50X2D,AssignmentAccepted
234,2018-04-29 23:54:35.836915,,,,,,f,,3LOZAJ85YE6DYFUJ4BR8V592W50X2D,AssignmentSubmitted
235,2018-04-29 23:54:46.060971,,,,,,f,,3O7L7BFSHFI830H4Y9M8UWVC5VOIE2,AssignmentAccepted
236,2018-04-30 00:02:32.649382,,,,,,f,,3O7L7BFSHFI830H4Y9M8UWVC5VOIE2,AssignmentReturned
237,2018-04-30 00:02:42.754331,,,,,,f,,3O7L7BFSHFI830H4Y9M8UWVC5VOIE2,AssignmentAccepted
238,2018-04-30 00:14:48.086443,,,,,,f,,3O7L7BFSHFI830H4Y9M8UWVC5VOIE2,AssignmentSubmitted
239,2018-04-30 00:14:57.624992,,,,,,f,,333U7HK6IA8Z65NAKWWO0FSRIYDDJH,AssignmentAccepted
240,2018-04-30 00:53:14.869396,,,,,,f,,333U7HK6IA8Z65NAKWWO0FSRIYDDJH,AssignmentSubmitted
241,2018-04-30 00:53:31.532517,,,,,,f,,3VNXK88KKDBWUAANP555H7KVM07V95,AssignmentAccepted
242,2018-04-30 01:53:49.019439,,,,,,f,,3VNXK88KKDBWUAANP555H7KVM07V95,AssignmentAbandoned
243,2018-04-30 01:54:10.637528,,,,,,f,,3VNXK88KKDBWUAANP555H7KVM07V95,AssignmentAccepted
244,2018-04-30 02:11:21.552335,,,,,,f,,3VNXK88KKDBWUAANP555H7KVM07V95,AssignmentSubmitted
245,2018-04-30 02:11:39.665164,,,,,,f,,3ZQIG0FLQF9766NVIGFXVRS6K2ZWV5,AssignmentAccepted
246,2018-04-30 02:14:33.722984,,,,,,f,,3ZQIG0FLQF9766NVIGFXVRS6K2ZWV5,AssignmentReturned
247,2018-04-30 02:14:35.700896,,,,,,f,,3ZQIG0FLQF9766NVIGFXVRS6K2ZWV5,AssignmentAccepted
248,2018-04-30 02:27:51.706559,,,,,,f,,3ZQIG0FLQF9766NVIGFXVRS6K2ZWV5,AssignmentSubmitted
249,2018-04-30 02:28:21.908222,,,,,,f,,336KAV9KYRL2YKKT97DAEJGBYC7Y2Z,AssignmentAccepted
250,2018-04-30 02:47:11.56803,,,,,,f,,336KAV9KYRL2YKKT97DAEJGBYC7Y2Z,AssignmentReturned
251,2018-04-30 02:47:50.268924,,,,,,f,,3B3WTRP3DCVNXJCL1VLUF2NKP3Q92P,AssignmentAccepted
252,2018-04-30 02:49:36.491809,,,,,,f,,3B3WTRP3DCVNXJCL1VLUF2NKP3Q92P,AssignmentReturned
253,2018-04-30 02:50:25.939574,,,,,,f,,378XPAWRUD65DN0SI4KMYD5LKH6AIH,AssignmentAccepted
254,2018-04-30 03:28:50.51572,,,,,,f,,378XPAWRUD65DN0SI4KMYD5LKH6AIH,AssignmentSubmitted
255,2018-04-30 03:29:03.056872,,,,,,f,,3TOK3KHVJUBXQ7DX9WL78JZHVI57OO,AssignmentAccepted
256,2018-04-30 03:35:08.59865,,,,,,f,,3TOK3KHVJUBXQ7DX9WL78JZHVI57OO,AssignmentSubmitted
257,2018-04-30 03:35:22.909135,,,,,,f,,3ZWFC4W1UV0D2DKJJ70NQ6H34T8FR9,AssignmentAccepted
258,2018-04-30 04:06:19.136821,,,,,,f,,3ZWFC4W1UV0D2DKJJ70NQ6H34T8FR9,AssignmentReturned
259,2018-04-30 04:07:32.667246,,,,,,f,,3QECW5O0KIUYGV4MHKS949R83KUT5K,AssignmentAccepted
260,2018-04-30 05:04:13.977142,,,,,,f,,3QECW5O0KIUYGV4MHKS949R83KUT5K,AssignmentSubmitted
261,2018-04-30 05:04:36.56593,,,,,,f,,3A0EX8ZRN9HWMXKPS06LFCJFSI2YBJ,AssignmentAccepted
262,2018-04-30 05:24:20.712207,,,,,,f,,3A0EX8ZRN9HWMXKPS06LFCJFSI2YBJ,AssignmentSubmitted
263,2018-04-30 05:24:36.673166,,,,,,f,,39LNWE0K4VPPSWEQO91DYEHFRKCUIR,AssignmentAccepted
264,2018-04-30 05:29:58.38736,,,,,,f,,39LNWE0K4VPPSWEQO91DYEHFRKCUIR,AssignmentReturned
265,2018-04-30 05:30:07.348805,,,,,,f,,39LNWE0K4VPPSWEQO91DYEHFRKCUIR,AssignmentAccepted
266,2018-04-30 06:13:02.007711,,,,,,f,,39LNWE0K4VPPSWEQO91DYEHFRKCUIR,AssignmentReturned
267,2018-04-30 06:13:52.034523,,,,,,f,,3LS2AMNW5GJ7WPIC5VUD8AGC089QOH,AssignmentAccepted
268,2018-04-30 06:27:50.58471,,,,,,f,,3LS2AMNW5GJ7WPIC5VUD8AGC089QOH,AssignmentSubmitted
269,2018-04-30 06:29:51.991261,,,,,,f,,34HJIJKLP6PVX44B8A9E0Z9F09PV47,AssignmentAccepted
270,2018-04-30 06:50:00.248355,,,,,,f,,34HJIJKLP6PVX44B8A9E0Z9F09PV47,AssignmentSubmitted
271,2018-04-30 06:50:12.203356,,,,,,f,,3HMIGG0U4MZDKZMIPOMBOATEKCP8Y2,AssignmentAccepted
272,2018-04-30 07:38:33.341143,,,,,,f,,3HMIGG0U4MZDKZMIPOMBOATEKCP8Y2,AssignmentSubmitted
273,2018-04-30 07:38:49.228359,,,,,,f,,32ZKVD547GGV6UN13FDVPIN2JHG3BR,AssignmentAccepted
274,2018-04-30 08:07:11.559664,,,,,,f,,32ZKVD547GGV6UN13FDVPIN2JHG3BR,AssignmentSubmitted
275,2018-04-30 08:07:25.188366,,,,,,f,,3PEIJLRY6UMZAVSQIVGFJCPR0DZWX0,AssignmentAccepted
276,2018-04-30 08:21:42.591134,,,,,,f,,3PEIJLRY6UMZAVSQIVGFJCPR0DZWX0,AssignmentSubmitted
277,2018-04-30 08:23:48.217707,,,,,,f,,3R5F3LQFV3DGAHJ3SRDQZ3SG5BYZOO,AssignmentAccepted
278,2018-04-30 08:37:54.812839,,,,,,f,,3R5F3LQFV3DGAHJ3SRDQZ3SG5BYZOO,AssignmentSubmitted
279,2018-04-30 08:38:11.86762,,,,,,f,,354P56DE9LWCOZ5QGD2GSO9IS7P7S2,AssignmentAccepted
280,2018-04-30 09:38:30.755043,,,,,,f,,354P56DE9LWCOZ5QGD2GSO9IS7P7S2,AssignmentAbandoned
281,2018-04-30 09:38:37.041843,,,,,,f,,354P56DE9LWCOZ5QGD2GSO9IS7P7S2,AssignmentAccepted
282,2018-04-30 09:55:51.383235,,,,,,f,,354P56DE9LWCOZ5QGD2GSO9IS7P7S2,AssignmentSubmitted
283,2018-04-30 09:56:46.30843,,,,,,f,,33FBRBDW6PS0HWLDTW4MRJ1VHOAC81,AssignmentAccepted
284,2018-04-30 10:08:51.735568,,,,,,f,,33FBRBDW6PS0HWLDTW4MRJ1VHOAC81,AssignmentSubmitted
285,2018-04-30 10:09:02.963493,,,,,,f,,3QY5DC2MXSD5I5C0N1VSVH4NBSUUFA,AssignmentAccepted
286,2018-04-30 11:09:10.601717,,,,,,f,,3QY5DC2MXSD5I5C0N1VSVH4NBSUUFA,AssignmentAbandoned
287,2018-04-30 11:09:59.412367,,,,,,f,,3UXUOQ9OKFQ8O3JWZDGP7OFC61LA7C,AssignmentAccepted
288,2018-04-30 11:44:20.505897,,,,,,f,,3UXUOQ9OKFQ8O3JWZDGP7OFC61LA7C,AssignmentSubmitted
289,2018-04-30 11:44:37.943483,,,,,,f,,31T4R4OBOT9WHIGUJRCGDJ506477CC,AssignmentAccepted
290,2018-04-30 12:44:42.470596,,,,,,f,,31T4R4OBOT9WHIGUJRCGDJ506477CC,AssignmentAbandoned
291,2018-04-30 12:45:28.94277,,,,,,f,,3JAOYWH7VJXTY5YTB13ZUYMTV4C9LB,AssignmentAccepted
292,2018-04-30 12:57:22.36016,,,,,,f,,3JAOYWH7VJXTY5YTB13ZUYMTV4C9LB,AssignmentSubmitted
293,2018-04-30 12:57:33.046274,,,,,,f,,3VA45EW49OGJFLYVKG4Y7984SXU1OC,AssignmentAccepted
294,2018-04-30 13:28:45.588924,,,,,,f,,3VA45EW49OGJFLYVKG4Y7984SXU1OC,AssignmentReturned
295,2018-04-30 13:29:27.588625,,,,,,f,,3P59JYT76MD6HYLZZ1QB62OWJBT2TK,AssignmentAccepted
296,2018-04-30 13:57:20.493,,,,,,f,,3P59JYT76MD6HYLZZ1QB62OWJBT2TK,AssignmentSubmitted
297,2018-04-30 13:57:42.118566,,,,,,f,,36DSNE9QZ6RQA2EZA5A4B94QME0OJ9,AssignmentAccepted
298,2018-04-30 14:15:31.359095,,,,,,f,,36DSNE9QZ6RQA2EZA5A4B94QME0OJ9,AssignmentSubmitted
299,2018-04-30 14:15:43.9296,,,,,,f,,36NEMU28XG6OGJTM4OE68V9TTAWWMZ,AssignmentAccepted
300,2018-04-30 15:15:49.229318,,,,,,f,,36NEMU28XG6OGJTM4OE68V9TTAWWMZ,AssignmentAbandoned
301,2018-04-30 15:16:33.589236,,,,,,f,,3OWEPKL08A5F8MDL8HLUTUZC5937NE,AssignmentAccepted
302,2018-04-30 16:16:57.321652,,,,,,f,,3OWEPKL08A5F8MDL8HLUTUZC5937NE,AssignmentAbandoned
303,2018-04-30 16:17:34.008237,,,,,,f,,3Z4GS9HPNW3Q51LYSA45XXDM5U2777,AssignmentAccepted
304,2018-04-30 16:55:05.543231,,,,,,f,,3Z4GS9HPNW3Q51LYSA45XXDM5U2777,AssignmentSubmitted
305,2018-04-30 16:55:13.62362,,,,,,f,,3FE7TXL1LJGTPIT7IXWG1XD9Z4A2QM,AssignmentAccepted
306,2018-04-30 17:27:23.224189,,,,,,f,,3FE7TXL1LJGTPIT7IXWG1XD9Z4A2QM,AssignmentSubmitted
307,2018-04-30 17:27:29.821065,,,,,,f,,3C2NJ6JBKBA8MLGF254ZX3I4UTQ2N2,AssignmentAccepted
308,2018-04-30 17:47:08.091024,,,,,,f,,3C2NJ6JBKBA8MLGF254ZX3I4UTQ2N2,AssignmentReturned
309,2018-04-30 17:47:19.236688,,,,,,f,,3C2NJ6JBKBA8MLGF254ZX3I4UTQ2N2,AssignmentAccepted
310,2018-04-30 18:07:20.494918,,,,,,f,,3C2NJ6JBKBA8MLGF254ZX3I4UTQ2N2,AssignmentSubmitted
311,2018-04-30 18:07:31.194222,,,,,,f,,3OS4RQUCRA8QM63UNAEXQRCZM8LBFA,AssignmentAccepted
312,2018-04-30 18:18:36.198603,,,,,,f,,3OS4RQUCRA8QM63UNAEXQRCZM8LBFA,AssignmentSubmitted
313,2018-04-30 18:18:48.755129,,,,,,f,,3VFJCI1K40SJGDGEUR658RHF59PGRS,AssignmentAccepted
314,2018-04-30 18:26:27.151327,,,,,,f,,3VFJCI1K40SJGDGEUR658RHF59PGRS,AssignmentSubmitted
315,2018-04-30 18:26:37.627717,,,,,,f,,3S96KQ6I9NXTK8JFWQAS2LF0G26TD8,AssignmentAccepted
316,2018-04-30 19:26:48.380899,,,,,,f,,3S96KQ6I9NXTK8JFWQAS2LF0G26TD8,AssignmentAbandoned
317,2018-04-30 19:27:17.47008,,,,,,f,,3RRCEFRB7N5GOQ653TIEZNF8XJKB4W,AssignmentAccepted
318,2018-04-30 19:46:54.481635,,,,,,f,,3RRCEFRB7N5GOQ653TIEZNF8XJKB4W,AssignmentSubmitted
319,2018-04-30 19:46:58.79766,,,,,,f,,3UXUOQ9OKFQ8O3JWZDGP7OFC63RA7M,AssignmentAccepted
320,2018-04-30 20:07:38.328686,,,,,,f,,3UXUOQ9OKFQ8O3JWZDGP7OFC63RA7M,AssignmentSubmitted
321,2018-04-30 20:07:49.374801,,,,,,f,,3QUO65DNQVHZOIPTM4EIIBD13VVOU4,AssignmentAccepted
322,2018-04-30 20:20:49.196943,,,,,,f,,3QUO65DNQVHZOIPTM4EIIBD13VVOU4,AssignmentSubmitted
323,2018-04-30 20:21:00.15979,,,,,,f,,3QUO65DNQVHZOIPTM4EIIBD13VWOU5,AssignmentAccepted
324,2018-04-30 20:39:35.932336,,,,,,f,,3QUO65DNQVHZOIPTM4EIIBD13VWOU5,AssignmentSubmitted
325,2018-04-30 20:39:50.508021,,,,,,f,,32VNZTT0A8X34XNUZQ44Z2KCF5U4R9,AssignmentAccepted
326,2018-04-30 21:01:39.343416,,,,,,f,,32VNZTT0A8X34XNUZQ44Z2KCF5U4R9,AssignmentReturned
327,2018-04-30 21:02:24.465879,,,,,,f,,3GFK2QRXXAAQ8C8GCPXKRTY77G65WK,AssignmentAccepted
328,2018-04-30 22:02:29.166233,,,,,,f,,3GFK2QRXXAAQ8C8GCPXKRTY77G65WK,AssignmentAbandoned
329,2018-04-30 22:02:37.433688,,,,,,f,,3GFK2QRXXAAQ8C8GCPXKRTY77G65WK,AssignmentAccepted
330,2018-04-30 23:02:43.843823,,,,,,f,,3GFK2QRXXAAQ8C8GCPXKRTY77G65WK,AssignmentAbandoned
331,2018-04-30 23:03:21.049605,,,,,,f,,3HWRJOOET6VXXEK03LGMYY1ZEWNEST,AssignmentAccepted
332,2018-04-30 23:22:10.094596,,,,,,f,,3HWRJOOET6VXXEK03LGMYY1ZEWNEST,AssignmentSubmitted
333,2018-04-30 23:22:22.813018,,,,,,f,,3BV8HQ2ZZXUPK35RG3BX1AFGBST6A5,AssignmentAccepted
334,2018-04-30 23:31:09.6485,,,,,,f,,3BV8HQ2ZZXUPK35RG3BX1AFGBST6A5,AssignmentSubmitted
335,2018-04-30 23:31:16.745798,,,,,,f,,3TAYZSBPLM152Y8KA1LLWXSAHTYS26,AssignmentAccepted
336,2018-04-30 23:48:07.616516,,,,,,f,,3TAYZSBPLM152Y8KA1LLWXSAHTYS26,AssignmentReturned
337,2018-04-30 23:48:57.138896,,,,,,f,,3FTOP5WARGH57LMG8K8TL888OC30JG,AssignmentAccepted
338,2018-05-01 00:49:06.902964,,,,,,f,,3FTOP5WARGH57LMG8K8TL888OC30JG,AssignmentAbandoned
339,2018-05-01 00:49:58.101555,,,,,,f,,3X4MXAO0BHHFDZ6E9WANUU33ZYDWR7,AssignmentAccepted
340,2018-05-01 01:02:33.719831,,,,,,f,,3X4MXAO0BHHFDZ6E9WANUU33ZYDWR7,AssignmentSubmitted
341,2018-05-01 01:02:44.55746,,,,,,f,,3F6KKYWMNCUVPVEVZUOGTM98RLJDNS,AssignmentAccepted
342,2018-05-01 01:16:19.353486,,,,,,f,,3F6KKYWMNCUVPVEVZUOGTM98RLJDNS,AssignmentSubmitted
343,2018-05-01 01:16:38.099579,,,,,,f,,3UN61F00HXIL0GRUDVNE4UQQF1B5R1,AssignmentAccepted
344,2018-05-01 01:27:12.637199,,,,,,f,,3UN61F00HXIL0GRUDVNE4UQQF1B5R1,AssignmentSubmitted
345,2018-05-01 01:27:34.631938,,,,,,f,,323Q6SJS8J90DJ6GN2OTC2FXHMSFHY,AssignmentAccepted
346,2018-05-01 02:18:21.152219,,,,,,f,,323Q6SJS8J90DJ6GN2OTC2FXHMSFHY,AssignmentReturned
347,2018-05-01 02:18:24.687066,,,,,,f,,323Q6SJS8J90DJ6GN2OTC2FXHMSFHY,AssignmentAccepted
348,2018-05-01 02:38:59.994263,,,,,,f,,323Q6SJS8J90DJ6GN2OTC2FXHMSFHY,AssignmentSubmitted
349,2018-05-01 02:39:22.080385,,,,,,f,,3JNQLM5FT5FIYLDUQSOKKBEFPZZ2LB,AssignmentAccepted
350,2018-05-01 02:53:45.235585,,,,,,f,,3JNQLM5FT5FIYLDUQSOKKBEFPZZ2LB,AssignmentSubmitted
351,2018-05-01 02:54:18.130877,,,,,,f,,3VJ40NV2QJGKO5A4MZO8DFRZKHHTOB,AssignmentAccepted
352,2018-05-01 03:06:37.449367,,,,,,f,,3VJ40NV2QJGKO5A4MZO8DFRZKHHTOB,AssignmentSubmitted
353,2018-05-01 03:08:00.401307,,,,,,f,,3F1567XTNXY4P2E636BVBKLN5BX9Q0,AssignmentAccepted
354,2018-05-01 03:10:52.364407,,,,,,f,,3F1567XTNXY4P2E636BVBKLN5BX9Q0,AssignmentReturned
355,2018-05-01 03:11:33.808738,,,,,,f,,3F1567XTNXY4P2E636BVBKLN5BX9Q0,AssignmentAccepted
356,2018-05-01 03:33:04.944373,,,,,,f,,3F1567XTNXY4P2E636BVBKLN5BX9Q0,AssignmentSubmitted
357,2018-05-01 03:33:21.538154,,,,,,f,,34V1S5K3GTUBFKVMOXXX5F4W5BM966,AssignmentAccepted
358,2018-05-01 03:47:26.01942,,,,,,f,,34V1S5K3GTUBFKVMOXXX5F4W5BM966,AssignmentReturned
359,2018-05-01 03:48:41.55649,,,,,,f,,3XCC1ODXDM4AT2ASXNBH25LHBY5QR8,AssignmentAccepted
360,2018-05-01 03:58:36.693405,,,,,,f,,3XCC1ODXDM4AT2ASXNBH25LHBY5QR8,AssignmentSubmitted
361,2018-05-01 03:58:42.269559,,,,,,f,,39KFRKBFIOOG5R9YW5B7LWJEZK2YOA,AssignmentAccepted
362,2018-05-01 04:02:27.291054,,,,,,f,,39KFRKBFIOOG5R9YW5B7LWJEZK2YOA,AssignmentReturned
363,2018-05-01 04:02:34.624758,,,,,,f,,39KFRKBFIOOG5R9YW5B7LWJEZK2YOA,AssignmentAccepted
364,2018-05-01 04:22:42.643102,,,,,,f,,39KFRKBFIOOG5R9YW5B7LWJEZK2YOA,AssignmentReturned
365,2018-05-01 04:23:03.8516,,,,,,f,,39KFRKBFIOOG5R9YW5B7LWJEZK2YOA,AssignmentAccepted
366,2018-05-01 04:36:28.243876,,,,,,f,,39KFRKBFIOOG5R9YW5B7LWJEZK2YOA,AssignmentSubmitted
367,2018-05-01 04:36:42.230046,,,,,,f,,3KGTPGBS6YELHB0OZ6GLBYAY2R12UG,AssignmentAccepted
368,2018-05-01 05:16:31.522902,,,,,,f,,3KGTPGBS6YELHB0OZ6GLBYAY2R12UG,AssignmentReturned
369,2018-05-01 05:17:30.737483,,,,,,f,,3OVHNO1VE7UP6KSE2IZAO9GH10BDZV,AssignmentAccepted
370,2018-05-01 05:53:09.376633,,,,,,f,,3OVHNO1VE7UP6KSE2IZAO9GH10BDZV,AssignmentReturned
371,2018-05-01 05:54:02.290927,,,,,,f,,3NL0RFNU0GGHHTAZ96V7YQYYKEDK4B,AssignmentAccepted
372,2018-05-01 06:54:02.459299,,,,,,f,,3NL0RFNU0GGHHTAZ96V7YQYYKEDK4B,AssignmentAbandoned
373,2018-05-01 06:55:02.274454,,,,,,f,,3OXV7EAXLFJP0I667OWNE21A5JB36I,AssignmentAccepted
374,2018-05-01 07:00:28.378655,,,,,,f,,3OXV7EAXLFJP0I667OWNE21A5JB36I,AssignmentSubmitted
375,2018-05-01 07:00:39.061133,,,,,,f,,3U0SRXB7CEYPQ5X0HVJ0YBQC6NGNRG,AssignmentAccepted
376,2018-05-01 07:19:01.267788,,,,,,f,,3U0SRXB7CEYPQ5X0HVJ0YBQC6NGNRG,AssignmentReturned
377,2018-05-01 07:20:01.49744,,,,,,f,,35H6S234SBTSEXTAL7KGTZZUJG656G,AssignmentAccepted
378,2018-05-01 07:20:20.333475,,,,,,f,,35H6S234SBTSEXTAL7KGTZZUJG656G,AssignmentReturned
379,2018-05-01 07:21:20.589165,,,,,,f,,3JNQLM5FT5FIYLDUQSOKKBEFP14L23,AssignmentAccepted
380,2018-05-01 07:28:38.637055,,,,,,f,,3JNQLM5FT5FIYLDUQSOKKBEFP14L23,AssignmentSubmitted
381,2018-05-01 07:29:24.836265,,,,,,f,,34X6J5FLPURTVERFPI280EZQ1IEJQE,AssignmentAccepted
382,2018-05-01 08:03:52.158667,,,,,,f,,34X6J5FLPURTVERFPI280EZQ1IEJQE,AssignmentReturned
383,2018-05-01 08:04:18.751008,,,,,,f,,34X6J5FLPURTVERFPI280EZQ1IEJQE,AssignmentAccepted
384,2018-05-01 08:38:22.475365,,,,,,f,,34X6J5FLPURTVERFPI280EZQ1IEJQE,AssignmentSubmitted
385,2018-05-01 08:38:29.663709,,,,,,f,,3RXPCZQMQQ4VN8HXWXRQ20Z21EIG1P,AssignmentAccepted
386,2018-05-01 08:46:05.231815,,,,,,f,,3RXPCZQMQQ4VN8HXWXRQ20Z21EIG1P,AssignmentSubmitted
387,2018-05-01 08:55:11.854067,,,,,,f,,3JAOYWH7VJXTY5YTB13ZUYMTV7VL9C,AssignmentAccepted
388,2018-05-01 09:02:29.321778,,,,,,f,,3JAOYWH7VJXTY5YTB13ZUYMTV7VL9C,AssignmentSubmitted
389,2018-05-01 09:03:43.850521,,,,,,f,,3FPRZHYEPZ0AF8L78W4VQUH9MDQ3VZ,AssignmentAccepted
390,2018-05-01 10:03:39.534321,,,,,,f,,3FPRZHYEPZ0AF8L78W4VQUH9MDQ3VZ,AssignmentAbandoned
391,2018-05-01 10:05:08.762145,,,,,,f,,3J4Q2Z4UTZWF1YREWHLNP4TY3EGWQF,AssignmentAccepted
392,2018-05-01 10:45:43.651065,,,,,,f,,3J4Q2Z4UTZWF1YREWHLNP4TY3EGWQF,AssignmentSubmitted
393,2018-05-01 10:46:00.432729,,,,,,f,,3DY46V3X3QBWVTTWGOAB1TLUNMX554,AssignmentAccepted
394,2018-05-01 11:46:17.693125,,,,,,f,,3DY46V3X3QBWVTTWGOAB1TLUNMX554,AssignmentAbandoned
395,2018-05-01 11:46:24.717988,,,,,,f,,3DY46V3X3QBWVTTWGOAB1TLUNMX554,AssignmentAccepted
396,2018-05-01 12:46:34.156862,,,,,,f,,3DY46V3X3QBWVTTWGOAB1TLUNMX554,AssignmentAbandoned
397,2018-05-01 12:47:01.123923,,,,,,f,,3DY46V3X3QBWVTTWGOAB1TLUNMX554,AssignmentAccepted
398,2018-05-01 13:13:31.189195,,,,,,f,,3DY46V3X3QBWVTTWGOAB1TLUNMX554,AssignmentSubmitted
399,2018-05-01 13:13:35.907392,,,,,,f,,3LEP4MGT3HTTOMPYW4J72R9EA0EBDI,AssignmentAccepted
400,2018-05-01 13:18:32.250038,,,,,,f,,3LEP4MGT3HTTOMPYW4J72R9EA0EBDI,AssignmentReturned
401,2018-05-01 13:19:09.792716,,,,,,f,,3LEP4MGT3HTTOMPYW4J72R9EA0EBDI,AssignmentAccepted
402,2018-05-01 13:40:43.275085,,,,,,f,,3LEP4MGT3HTTOMPYW4J72R9EA0EBDI,AssignmentSubmitted
403,2018-05-01 13:40:47.877735,,,,,,f,,3KRVW3HTZOEV92CDKJ45B668N2WSMM,AssignmentAccepted
404,2018-05-01 14:18:42.098512,,,,,,f,,3KRVW3HTZOEV92CDKJ45B668N2WSMM,AssignmentReturned
405,2018-05-01 14:19:56.836109,,,,,,f,,3K5TEWLKGW4P5B3QTZBIU0JY5XEVIM,AssignmentAccepted
406,2018-05-01 14:28:48.57722,,,,,,f,,3K5TEWLKGW4P5B3QTZBIU0JY5XEVIM,AssignmentReturned
407,2018-05-01 14:30:17.088758,,,,,,f,,3V5Q80FXIYK1IHN5KMKKOPKYPHR32P,AssignmentAccepted
408,2018-05-01 14:51:57.822446,,,,,,f,,3V5Q80FXIYK1IHN5KMKKOPKYPHR32P,AssignmentSubmitted
409,2018-05-01 14:52:08.367078,,,,,,f,,3SBEHTYCWOW695YVYAY21ZNSNEOIYQ,AssignmentAccepted
410,2018-05-01 15:07:47.88682,,,,,,f,,3SBEHTYCWOW695YVYAY21ZNSNEOIYQ,AssignmentReturned
411,2018-05-01 15:07:56.204908,,,,,,f,,3SBEHTYCWOW695YVYAY21ZNSNEOIYQ,AssignmentAccepted
412,2018-05-01 15:41:51.272848,,,,,,f,,3SBEHTYCWOW695YVYAY21ZNSNEOIYQ,AssignmentSubmitted
413,2018-05-01 15:42:10.158615,,,,,,f,,3FFJ6VRIL2H9CA2AQ2NT97T8B1KI00,AssignmentAccepted
414,2018-05-01 15:52:55.622447,,,,,,f,,3FFJ6VRIL2H9CA2AQ2NT97T8B1KI00,AssignmentSubmitted
415,2018-05-01 15:53:09.970834,,,,,,f,,3R2UR8A0IB9R5MJOR9P52IC5XH6OXY,AssignmentAccepted
416,2018-05-01 15:59:48.688446,,,,,,f,,3R2UR8A0IB9R5MJOR9P52IC5XH6OXY,AssignmentSubmitted
417,2018-05-01 15:59:58.684319,,,,,,f,,3MYYFCXHJ40CF7EGJFAS0Y65D1C4GG,AssignmentAccepted
418,2018-05-01 16:08:16.293991,,,,,,f,,3MYYFCXHJ40CF7EGJFAS0Y65D1C4GG,AssignmentSubmitted
419,2018-05-01 16:08:31.799887,,,,,,f,,3BXQMRHWK0RBOF4H9OZ5Q7OW80DMUU,AssignmentAccepted
420,2018-05-01 17:03:45.307098,,,,,,f,,3BXQMRHWK0RBOF4H9OZ5Q7OW80DMUU,AssignmentSubmitted
421,2018-05-01 17:03:56.597609,,,,,,f,,30LB5CDZND3V70RKQ6BF92WY7F6Z00,AssignmentAccepted
422,2018-05-01 17:34:42.618644,,,,,,f,,30LB5CDZND3V70RKQ6BF92WY7F6Z00,AssignmentSubmitted
423,2018-05-01 17:34:53.846782,,,,,,f,,3DY46V3X3QBWVTTWGOAB1TLUNOJ55U,AssignmentAccepted
424,2018-05-01 17:55:52.397447,,,,,,f,,3DY46V3X3QBWVTTWGOAB1TLUNOJ55U,AssignmentSubmitted
425,2018-05-01 17:56:02.062904,,,,,,f,,3AZHRG4CU5DUM7KR5ZG651RJSKO03L,AssignmentAccepted
426,2018-05-01 18:45:54.70845,,,,,,f,,3AZHRG4CU5DUM7KR5ZG651RJSKO03L,AssignmentReturned
427,2018-05-01 18:46:05.485847,,,,,,f,,3AZHRG4CU5DUM7KR5ZG651RJSKO03L,AssignmentAccepted
428,2018-05-01 19:12:35.029939,,,,,,f,,3AZHRG4CU5DUM7KR5ZG651RJSKO03L,AssignmentSubmitted
429,2018-05-01 19:12:41.358152,,,,,,f,,3QRYMNZ7FZA26KASLKOVYQRUUDYNTO,AssignmentAccepted
430,2018-05-01 19:24:15.624936,,,,,,f,,3QRYMNZ7FZA26KASLKOVYQRUUDYNTO,AssignmentReturned
431,2018-05-01 19:24:43.846633,,,,,,f,,3QRYMNZ7FZA26KASLKOVYQRUUDYNTO,AssignmentAccepted
432,2018-05-01 19:49:54.545778,,,,,,f,,3QRYMNZ7FZA26KASLKOVYQRUUDYNTO,AssignmentReturned
433,2018-05-01 19:50:13.919272,,,,,,f,,3QRYMNZ7FZA26KASLKOVYQRUUDYNTO,AssignmentAccepted
434,2018-05-01 20:12:17.454707,,,,,,f,,3QRYMNZ7FZA26KASLKOVYQRUUDYNTO,AssignmentSubmitted
435,2018-05-01 20:12:43.262136,,,,,,f,,3X0H8UUIT2HREE6ROLASK48ZL6ZWSA,AssignmentAccepted
436,2018-05-01 21:12:42.816845,,,,,,f,,3X0H8UUIT2HREE6ROLASK48ZL6ZWSA,AssignmentAbandoned
437,2018-05-01 21:13:25.53104,,,,,,f,,379J5II41P9AT1PAJCJLMCN4M91LEM,AssignmentAccepted
438,2018-05-01 21:24:48.522216,,,,,,f,,379J5II41P9AT1PAJCJLMCN4M91LEM,AssignmentReturned
439,2018-05-01 21:24:49.407723,,,,,,f,,379J5II41P9AT1PAJCJLMCN4M91LEM,AssignmentAccepted
440,2018-05-01 21:41:04.491278,,,,,,f,,379J5II41P9AT1PAJCJLMCN4M91LEM,AssignmentSubmitted
441,2018-05-01 21:41:45.502114,,,,,,f,,3ZQIG0FLQF9766NVIGFXVRS6KBEVW1,AssignmentAccepted
442,2018-05-01 21:42:54.053859,,,,,,f,,3ZQIG0FLQF9766NVIGFXVRS6KBEVW1,AssignmentReturned
443,2018-05-01 21:42:57.542513,,,,,,f,,3ZQIG0FLQF9766NVIGFXVRS6KBEVW1,AssignmentAccepted
444,2018-05-01 22:28:18.173944,,,,,,f,,3ZQIG0FLQF9766NVIGFXVRS6KBEVW1,AssignmentReturned
445,2018-05-01 22:28:42.463538,,,,,,f,,3ZQIG0FLQF9766NVIGFXVRS6KBEVW1,AssignmentAccepted
446,2018-05-01 23:28:46.312507,,,,,,f,,3ZQIG0FLQF9766NVIGFXVRS6KBEVW1,AssignmentAbandoned
447,2018-05-01 23:29:28.565562,,,,,,f,,32SVAV9L3G2QNKI9X1DZU73W193A3V,AssignmentAccepted
448,2018-05-02 00:11:29.161589,,,,,,f,,32SVAV9L3G2QNKI9X1DZU73W193A3V,AssignmentSubmitted
449,2018-05-02 00:11:45.918264,,,,,,f,,30ZX6P7VF9OC3VPUN7C74W1NLI5J2H,AssignmentAccepted
450,2018-05-02 00:31:06.648641,,,,,,f,,30ZX6P7VF9OC3VPUN7C74W1NLI5J2H,AssignmentSubmitted
451,2018-05-02 00:31:16.120393,,,,,,f,,32SCWG5HIIXW77BT5MTUR54BAMGP67,AssignmentAccepted
452,2018-05-02 00:45:59.853779,,,,,,f,,32SCWG5HIIXW77BT5MTUR54BAMGP67,AssignmentSubmitted
453,2018-05-02 00:46:10.727293,,,,,,f,,37U1UTWH9WF4NYAWBTUHGE0HHZX8R7,AssignmentAccepted
454,2018-05-02 01:30:29.662786,,,,,,f,,37U1UTWH9WF4NYAWBTUHGE0HHZX8R7,AssignmentSubmitted
455,2018-05-02 01:30:56.864192,,,,,,f,,30H4UDGLT3BYWAWLS20BG11X0M3MPM,AssignmentAccepted
456,2018-05-02 01:42:52.407956,,,,,,f,,30H4UDGLT3BYWAWLS20BG11X0M3MPM,AssignmentSubmitted
457,2018-05-02 01:43:01.395934,,,,,,f,,3NQL1CS15S1BVBIVXHXLGODMVKJYVA,AssignmentAccepted
458,2018-05-02 02:03:25.024102,,,,,,f,,3NQL1CS15S1BVBIVXHXLGODMVKJYVA,AssignmentSubmitted
459,2018-05-02 02:03:33.448699,,,,,,f,,3DUZQ9U6SNHEZP6MYB5WY2PLEZOVSU,AssignmentAccepted
460,2018-05-02 02:28:37.74518,,,,,,f,,3DUZQ9U6SNHEZP6MYB5WY2PLEZOVSU,AssignmentReturned
461,2018-05-02 02:29:13.192044,,,,,,f,,34J10VATJGRX037970H8ODKQO99QI5,AssignmentAccepted
462,2018-05-02 02:34:39.931463,,,,,,f,,34J10VATJGRX037970H8ODKQO99QI5,AssignmentSubmitted
463,2018-05-02 02:34:57.641672,,,,,,f,,37UEWGM5HU1MCYQBC8L214D93T1R1G,AssignmentAccepted
464,2018-05-02 02:46:58.3071,,,,,,f,,37UEWGM5HU1MCYQBC8L214D93T1R1G,AssignmentSubmitted
465,2018-05-02 02:47:14.32358,,,,,,f,,3IXQG4FA2URHLWCHKOE5GVQOJJN9BV,AssignmentAccepted
466,2018-05-02 03:47:17.257141,,,,,,f,,3IXQG4FA2URHLWCHKOE5GVQOJJN9BV,AssignmentAbandoned
467,2018-05-02 03:47:39.816641,,,,,,f,,36PW28KO40PTXIY6MLUVDY7TSYNAEG,AssignmentAccepted
468,2018-05-02 04:03:25.012156,,,,,,f,,36PW28KO40PTXIY6MLUVDY7TSYNAEG,AssignmentReturned
469,2018-05-02 04:03:41.033698,,,,,,f,,36PW28KO40PTXIY6MLUVDY7TSYNAEG,AssignmentAccepted
470,2018-05-02 05:03:57.587183,,,,,,f,,36PW28KO40PTXIY6MLUVDY7TSYNAEG,AssignmentAbandoned
471,2018-05-02 05:04:26.914415,,,,,,f,,35L9RVQFCPBPW136IRJSY2G0RILHUV,AssignmentAccepted
472,2018-05-02 06:04:39.842924,,,,,,f,,35L9RVQFCPBPW136IRJSY2G0RILHUV,AssignmentAbandoned
473,2018-05-02 06:05:19.104065,,,,,,f,,3YT88D1N09RWZXRV9SQOOL6S6MD3KL,AssignmentAccepted
474,2018-05-02 06:21:19.67663,,,,,,f,,3YT88D1N09RWZXRV9SQOOL6S6MD3KL,AssignmentSubmitted
475,2018-05-02 06:21:40.872752,,,,,,f,,3OB0CAO74II6DANBSSGH1NMDN65HY2,AssignmentAccepted
476,2018-05-02 06:29:28.151713,,,,,,f,,3OB0CAO74II6DANBSSGH1NMDN65HY2,AssignmentSubmitted
477,2018-05-02 06:29:37.947756,,,,,,f,,3HPZF4IVNNMFW2CV602GQWPXAE1CYP,AssignmentAccepted
478,2018-05-02 06:44:09.355793,,,,,,f,,3HPZF4IVNNMFW2CV602GQWPXAE1CYP,AssignmentSubmitted
479,2018-05-02 06:44:20.551922,,,,,,f,,36NEMU28XG6OGJTM4OE68V9TTK7WMU,AssignmentAccepted
480,2018-05-02 07:44:22.732126,,,,,,f,,36NEMU28XG6OGJTM4OE68V9TTK7WMU,AssignmentAbandoned
481,2018-05-02 07:44:57.423881,,,,,,f,,3HOSI13XH0HM3JNIA0ADXHXEDQHDDS,AssignmentAccepted
482,2018-05-02 07:46:09.228014,,,,,,f,,3HOSI13XH0HM3JNIA0ADXHXEDQHDDS,AssignmentReturned
483,2018-05-02 07:47:26.53855,,,,,,f,,3G5F9DBFOQQP9GS6NHTXUOIJ5PEVHI,AssignmentAccepted
484,2018-05-02 07:56:07.99849,,,,,,f,,3G5F9DBFOQQP9GS6NHTXUOIJ5PEVHI,AssignmentSubmitted
485,2018-05-02 07:56:31.272181,,,,,,f,,33PPUNGG39YJ7UBJKJUUTYXLG9IRZB,AssignmentAccepted
486,2018-05-02 08:56:40.756839,,,,,,f,,33PPUNGG39YJ7UBJKJUUTYXLG9IRZB,AssignmentAbandoned
487,2018-05-02 08:56:55.822002,,,,,,f,,33PPUNGG39YJ7UBJKJUUTYXLG9IRZB,AssignmentAccepted
488,2018-05-02 09:07:36.385049,,,,,,f,,33PPUNGG39YJ7UBJKJUUTYXLG9IRZB,AssignmentReturned
489,2018-05-02 09:08:33.084523,,,,,,f,,3U4J9857OF4D7DOO5RGL2ZZIOU57BP,AssignmentAccepted
490,2018-05-02 09:17:20.139068,,,,,,f,,3U4J9857OF4D7DOO5RGL2ZZIOU57BP,AssignmentReturned
491,2018-05-02 09:17:53.841476,,,,,,f,,32ZKVD547GGV6UN13FDVPIN2JSJB3O,AssignmentAccepted
492,2018-05-02 09:23:14.559048,,,,,,f,,32ZKVD547GGV6UN13FDVPIN2JSJB3O,AssignmentReturned
493,2018-05-02 09:24:28.069085,,,,,,f,,38SKSKU7R2QM96RWFV9C7RLWE4UILI,AssignmentAccepted
494,2018-05-02 09:36:24.485557,,,,,,f,,38SKSKU7R2QM96RWFV9C7RLWE4UILI,AssignmentSubmitted
495,2018-05-02 09:37:04.463538,,,,,,f,,3I02618YA1ZH9I1U14RX7BIRD9IUP0,AssignmentAccepted
496,2018-05-02 10:37:20.103675,,,,,,f,,3I02618YA1ZH9I1U14RX7BIRD9IUP0,AssignmentAbandoned
497,2018-05-02 10:38:04.971818,,,,,,f,,3RRCEFRB7N5GOQ653TIEZNF8XTKB4G,AssignmentAccepted
498,2018-05-02 11:38:06.754597,,,,,,f,,3RRCEFRB7N5GOQ653TIEZNF8XTKB4G,AssignmentAbandoned
499,2018-05-02 11:38:29.327964,,,,,,f,,3CTOC39K38JJPWM0TJT20NIVW0SJ72,AssignmentAccepted
500,2018-05-02 11:47:49.233752,,,,,,f,,3CTOC39K38JJPWM0TJT20NIVW0SJ72,AssignmentSubmitted
501,2018-05-02 11:48:46.475558,,,,,,f,,3P4RDNWND6ZGEG3WCAXZRC84AG4JIY,AssignmentAccepted
502,2018-05-02 12:08:45.101266,,,,,,f,,3P4RDNWND6ZGEG3WCAXZRC84AG4JIY,AssignmentSubmitted
503,2018-05-02 12:09:16.19807,,,,,,f,,3CN4LGXD5YHC1YZGDLWY7YD9I2E4Y0,AssignmentAccepted
504,2018-05-02 12:30:41.617212,,,,,,f,,3CN4LGXD5YHC1YZGDLWY7YD9I2E4Y0,AssignmentSubmitted
505,2018-05-02 12:30:55.107928,,,,,,f,,3DY46V3X3QBWVTTWGOAB1TLUNT655R,AssignmentAccepted
506,2018-05-02 12:56:15.758103,,,,,,f,,3DY46V3X3QBWVTTWGOAB1TLUNT655R,AssignmentSubmitted
507,2018-05-02 12:56:29.395963,,,,,,f,,35K3O9HUAC6OT9FEX1GNRZIKPGKFEM,AssignmentAccepted
508,2018-05-02 13:01:51.465039,,,,,,f,,35K3O9HUAC6OT9FEX1GNRZIKPGKFEM,AssignmentSubmitted
509,2018-05-02 13:02:59.495941,,,,,,f,,3R3YRB5GRGWAMEVSCL90HGTWEO1UA5,AssignmentAccepted
510,2018-05-02 13:24:18.91281,,,,,,f,,3R3YRB5GRGWAMEVSCL90HGTWEO1UA5,AssignmentSubmitted
511,2018-05-02 13:24:27.117249,,,,,,f,,39OWYR0EPLKMZEW5X2SHY2A07SRYFM,AssignmentAccepted
512,2018-05-02 13:49:55.660168,,,,,,f,,39OWYR0EPLKMZEW5X2SHY2A07SRYFM,AssignmentSubmitted
513,2018-05-02 13:51:00.585988,,,,,,f,,3L4PIM1GQU9J241EOXSBFROJAG4RYC,AssignmentAccepted
514,2018-05-02 13:54:43.508693,,,,,,f,,3L4PIM1GQU9J241EOXSBFROJAG4RYC,AssignmentSubmitted
515,2018-05-02 13:55:12.157639,,,,,,f,,3S0TNUHWKUBAMORRTSZXBPJD20B8DA,AssignmentAccepted
516,2018-05-02 14:22:43.756064,,,,,,f,,3S0TNUHWKUBAMORRTSZXBPJD20B8DA,AssignmentReturned
517,2018-05-02 14:23:13.008739,,,,,,f,,3RANCT1ZVGAF5O0KIZ9WCRD2W6TUB7,AssignmentAccepted
518,2018-05-02 15:00:20.939759,,,,,,f,,3RANCT1ZVGAF5O0KIZ9WCRD2W6TUB7,AssignmentSubmitted
519,2018-05-02 15:00:30.827626,,,,,,f,,3QJOXOW4XKKUZJ7VJOK0MP2TMH6MEA,AssignmentAccepted
520,2018-05-02 15:28:21.959093,,,,,,f,,3QJOXOW4XKKUZJ7VJOK0MP2TMH6MEA,AssignmentSubmitted
521,2018-05-02 15:28:39.049711,,,,,,f,,386CSBG1O0FH7JC85Z8JRAULFKI6QZ,AssignmentAccepted
522,2018-05-02 15:36:15.728602,,,,,,f,,386CSBG1O0FH7JC85Z8JRAULFKI6QZ,AssignmentSubmitted
523,2018-05-02 15:36:22.964848,,,,,,f,,3GNCZX450JGXU9NWVZA67A6X67MPAH,AssignmentAccepted
524,2018-05-02 15:43:48.887975,,,,,,f,,3GNCZX450JGXU9NWVZA67A6X67MPAH,AssignmentSubmitted
525,2018-05-02 15:44:01.512005,,,,,,f,,34V1S5K3GTUBFKVMOXXX5F4W5KF69E,AssignmentAccepted
526,2018-05-02 16:40:38.915417,,,,,,f,,34V1S5K3GTUBFKVMOXXX5F4W5KF69E,AssignmentReturned
527,2018-05-02 16:41:26.581713,,,,,,f,,37Z929RLGA1ZMX2XTG5HXK10HGKTSS,AssignmentAccepted
528,2018-05-02 16:57:12.18276,,,,,,f,,37Z929RLGA1ZMX2XTG5HXK10HGKTSS,AssignmentSubmitted
529,2018-05-02 16:57:22.62786,,,,,,f,,34QN5IT0T0KGN4QXHGB2WIZU8CJ08S,AssignmentAccepted
530,2018-05-02 17:24:03.120792,,,,,,f,,34QN5IT0T0KGN4QXHGB2WIZU8CJ08S,AssignmentReturned
531,2018-05-02 17:24:50.831752,,,,,,f,,3W8CV64QJ3SRC9F3KGO126TMEZ5H92,AssignmentAccepted
532,2018-05-02 17:45:58.222331,,,,,,f,,3W8CV64QJ3SRC9F3KGO126TMEZ5H92,AssignmentSubmitted
533,2018-05-02 17:46:59.922788,,,,,,f,,32SCWG5HIIXW77BT5MTUR54BAP8P65,AssignmentAccepted
534,2018-05-02 18:21:09.82485,,,,,,f,,32SCWG5HIIXW77BT5MTUR54BAP8P65,AssignmentSubmitted
535,2018-05-02 18:21:20.687744,,,,,,f,,3UNH76FOCTYS5OOMJPWUTSU94UTMY9,AssignmentAccepted
536,2018-05-02 18:27:38.859431,,,,,,f,,3UNH76FOCTYS5OOMJPWUTSU94UTMY9,AssignmentSubmitted
537,2018-05-02 18:27:50.822828,,,,,,f,,3DI28L7YXB7X3UL6Q2122XEQO7TE1E,AssignmentAccepted
538,2018-05-02 18:59:32.463013,,,,,,f,,3DI28L7YXB7X3UL6Q2122XEQO7TE1E,AssignmentReturned
539,2018-05-02 19:00:45.280626,,,,,,f,,3QRYMNZ7FZA26KASLKOVYQRUUINNTN,AssignmentAccepted
540,2018-05-02 19:52:31.133164,,,,,,f,,3QRYMNZ7FZA26KASLKOVYQRUUINNTN,AssignmentReturned
541,2018-05-02 19:52:33.028392,,,,,,f,,3QRYMNZ7FZA26KASLKOVYQRUUINNTN,AssignmentAccepted
542,2018-05-02 20:00:49.375801,,,,,,f,,3QRYMNZ7FZA26KASLKOVYQRUUINNTN,AssignmentSubmitted
543,2018-05-02 20:01:04.930334,,,,,,f,,3DPNQGW4LM8AIEPA7216O7TGJTM463,AssignmentAccepted
544,2018-05-02 20:10:27.554971,,,,,,f,,3DPNQGW4LM8AIEPA7216O7TGJTM463,AssignmentSubmitted
545,2018-05-02 20:10:36.364225,,,,,,f,,3T3IWE1XG7GN9HNK1CGC2KMZZTFTQL,AssignmentAccepted
546,2018-05-02 20:34:53.771067,,,,,,f,,3T3IWE1XG7GN9HNK1CGC2KMZZTFTQL,AssignmentSubmitted
547,2018-05-02 20:35:29.458023,,,,,,f,,3M1CVSFP61YIULOBVCPV7FW7B4WQAZ,AssignmentAccepted
548,2018-05-02 20:41:18.198316,,,,,,f,,3M1CVSFP61YIULOBVCPV7FW7B4WQAZ,AssignmentSubmitted
549,2018-05-02 20:41:32.714772,,,,,,f,,3TOK3KHVJUBXQ7DX9WL78JZHVV9O7Z,AssignmentAccepted
550,2018-05-02 21:40:44.920914,,,,,,f,,3TOK3KHVJUBXQ7DX9WL78JZHVV9O7Z,AssignmentReturned
551,2018-05-02 21:41:31.849289,,,,,,f,,33SA9F9TRYNQ4V19NQQNVN4KKKNWEG,AssignmentAccepted
552,2018-05-02 21:53:54.96651,,,,,,f,,33SA9F9TRYNQ4V19NQQNVN4KKKNWEG,AssignmentSubmitted
553,2018-05-02 21:54:08.172725,,,,,,f,,33L7PJKHCHRH3DNOFIZCGT1Z5N98T5,AssignmentAccepted
554,2018-05-02 22:54:30.817351,,,,,,f,,33L7PJKHCHRH3DNOFIZCGT1Z5N98T5,AssignmentAbandoned
555,2018-05-02 22:54:54.696624,,,,,,f,,33L7PJKHCHRH3DNOFIZCGT1Z5N98T5,AssignmentAccepted
556,2018-05-02 23:55:05.554161,,,,,,f,,33L7PJKHCHRH3DNOFIZCGT1Z5N98T5,AssignmentAbandoned
557,2018-05-02 23:56:22.295991,,,,,,f,,3ZDAD0O1T267IEOWNQB4WSISWXRTX9,AssignmentAccepted
558,2018-05-03 00:56:22.762199,,,,,,f,,3ZDAD0O1T267IEOWNQB4WSISWXRTX9,AssignmentAbandoned
559,2018-05-03 00:57:01.965532,,,,,,f,,308XBLVESJXNPW83E5ER7GQIP9ABR9,AssignmentAccepted
560,2018-05-03 01:31:30.372755,,,,,,f,,308XBLVESJXNPW83E5ER7GQIP9ABR9,AssignmentSubmitted
561,2018-05-03 01:31:43.047387,,,,,,f,,3ZDAD0O1T267IEOWNQB4WSISWXXTXF,AssignmentAccepted
562,2018-05-03 01:46:30.591734,,,,,,f,,3ZDAD0O1T267IEOWNQB4WSISWXXTXF,AssignmentSubmitted
563,2018-05-03 01:46:41.300527,,,,,,f,,30MVJZJNHN6N3FAT8GRMEJ91RSGJ9I,AssignmentAccepted
564,2018-05-03 02:10:58.473731,,,,,,f,,30MVJZJNHN6N3FAT8GRMEJ91RSGJ9I,AssignmentSubmitted
565,2018-05-03 02:11:20.966452,,,,,,f,,3PW9OPU9PRD58E9QXI610W51R58126,AssignmentAccepted
566,2018-05-03 03:11:30.256922,,,,,,f,,3PW9OPU9PRD58E9QXI610W51R58126,AssignmentAbandoned
567,2018-05-03 03:12:00.434327,,,,,,f,,39DD6S19JQ4UYQ6EYDAUURY21NCZEW,AssignmentAccepted
568,2018-05-03 03:24:20.811427,,,,,,f,,39DD6S19JQ4UYQ6EYDAUURY21NCZEW,AssignmentSubmitted
569,2018-05-03 03:24:25.863338,,,,,,f,,3JCG6DTRV4JAH1VSK8MHXFBCFNGQQ6,AssignmentAccepted
570,2018-05-03 03:38:30.497506,,,,,,f,,3JCG6DTRV4JAH1VSK8MHXFBCFNGQQ6,AssignmentSubmitted
571,2018-05-03 03:40:08.17735,,,,,,f,,39ZSFO5CA9PLN7YW6RMDAFWF4DVJUE,AssignmentAccepted
572,2018-05-03 04:03:14.741164,,,,,,f,,39ZSFO5CA9PLN7YW6RMDAFWF4DVJUE,AssignmentSubmitted
573,2018-05-03 04:03:36.964215,,,,,,f,,31Z0PCVWUL8D3ZI55D762T54U4P7T5,AssignmentAccepted
574,2018-05-03 04:28:16.207153,,,,,,f,,31Z0PCVWUL8D3ZI55D762T54U4P7T5,AssignmentSubmitted
575,2018-05-03 04:33:18.322702,,,,,,f,,3DZQRBDBSM8UNG43E1ZQF7X2NJU3SC,AssignmentAccepted
576,2018-05-03 04:36:15.099593,,,,,,f,,3DZQRBDBSM8UNG43E1ZQF7X2NJU3SC,AssignmentSubmitted
577,2018-05-03 04:36:38.914637,,,,,,f,,338JKRMM27S5HSP8CM21Y146KI5HA1,AssignmentAccepted
578,2018-05-03 05:06:17.880722,,,,,,f,,338JKRMM27S5HSP8CM21Y146KI5HA1,AssignmentSubmitted
579,2018-05-03 05:19:24.870814,,,,,,f,,30MVJZJNHN6N3FAT8GRMEJ91RSV9JN,AssignmentAccepted
580,2018-05-03 05:34:59.4594,,,,,,f,,30MVJZJNHN6N3FAT8GRMEJ91RSV9JN,AssignmentSubmitted
581,2018-05-03 05:36:45.315609,,,,,,f,,3OLF68YTNAUL3WY2HWE1VGST43XAF1,AssignmentAccepted
582,2018-05-03 06:36:46.166339,,,,,,f,,3OLF68YTNAUL3WY2HWE1VGST43XAF1,AssignmentAbandoned
583,2018-05-03 06:37:27.803532,,,,,,f,,33PPUNGG39YJ7UBJKJUUTYXLGCLRZK,AssignmentAccepted
584,2018-05-03 06:39:23.534603,,,,,,f,,33PPUNGG39YJ7UBJKJUUTYXLGCLRZK,AssignmentReturned
585,2018-05-03 06:40:22.544549,,,,,,f,,3YOH7BII0A0GB6TET2WU7GYBX9LKVK,AssignmentAccepted
586,2018-05-03 06:54:20.176219,,,,,,f,,3YOH7BII0A0GB6TET2WU7GYBX9LKVK,AssignmentSubmitted
587,2018-05-03 06:54:39.201618,,,,,,f,,3YZ8UPK3VUFYFTSQWZ5RNBJKET4UCT,AssignmentAccepted
588,2018-05-03 07:07:06.377416,,,,,,f,,3YZ8UPK3VUFYFTSQWZ5RNBJKET4UCT,AssignmentSubmitted
589,2018-05-03 07:12:26.594667,,,,,,f,,3I2PTA7R3UNO6YXX732K1TZ3GH8KQS,AssignmentAccepted
590,2018-05-03 07:24:03.389864,,,,,,f,,3I2PTA7R3UNO6YXX732K1TZ3GH8KQS,AssignmentSubmitted
591,2018-05-03 07:30:19.198736,,,,,,f,,37ZHEEHM6XF84IKBQY1FKG1606W376,AssignmentAccepted
592,2018-05-03 07:33:34.2038,,,,,,f,,37ZHEEHM6XF84IKBQY1FKG1606W376,AssignmentReturned
593,2018-05-03 07:37:38.948223,,,,,,f,,3C8HJ7UOP8NSAEYRFBYD7Z3BAQQMZX,AssignmentAccepted
594,2018-05-03 07:37:39.898837,,,,,,f,,3C8HJ7UOP8NSAEYRFBYD7Z3BAQQMZX,AssignmentReturned
595,2018-05-03 07:38:49.899334,,,,,,f,,35K3O9HUAC6OT9FEX1GNRZIKPJ5FED,AssignmentAccepted
596,2018-05-03 07:45:07.151126,,,,,,f,,35K3O9HUAC6OT9FEX1GNRZIKPJ5FED,AssignmentSubmitted
597,2018-05-03 07:47:26.042102,,,,,,f,,3JRJSWSMQIETDXZLD6FLQQTNMT1E34,AssignmentAccepted
598,2018-05-03 07:58:17.895342,,,,,,f,,3JRJSWSMQIETDXZLD6FLQQTNMT1E34,AssignmentSubmitted
599,2018-05-03 07:59:41.2388,,,,,,f,,3W92K5RLWVADTN8BMFSO5RFT0KVV5H,AssignmentAccepted
600,2018-05-03 08:59:43.965243,,,,,,f,,3W92K5RLWVADTN8BMFSO5RFT0KVV5H,AssignmentAbandoned
601,2018-05-03 08:59:47.18872,,,,,,f,,3W92K5RLWVADTN8BMFSO5RFT0KVV5H,AssignmentAccepted
602,2018-05-03 10:00:08.695792,,,,,,f,,3W92K5RLWVADTN8BMFSO5RFT0KVV5H,AssignmentAbandoned
603,2018-05-03 10:01:07.011342,,,,,,f,,3HHRAGRYX9Y14Q1QOTJRMFQNQNM9OP,AssignmentAccepted
604,2018-05-03 10:43:56.808869,,,,,,f,,3HHRAGRYX9Y14Q1QOTJRMFQNQNM9OP,AssignmentSubmitted
605,2018-05-03 10:44:23.506751,,,,,,f,,3U0SRXB7CEYPQ5X0HVJ0YBQC6ZPNRD,AssignmentAccepted
606,2018-05-03 11:44:20.742932,,,,,,f,,3U0SRXB7CEYPQ5X0HVJ0YBQC6ZPNRD,AssignmentAbandoned
607,2018-05-03 11:45:14.187526,,,,,,f,,32XVDSJFP0Q243VFQ4PZKOT4PH3M21,AssignmentAccepted
608,2018-05-03 11:53:09.710854,,,,,,f,,32XVDSJFP0Q243VFQ4PZKOT4PH3M21,AssignmentSubmitted
609,2018-05-03 11:54:21.220616,,,,,,f,,3R0T90IZ1T5FABRVCUGAJWIT5M5GCX,AssignmentAccepted
610,2018-05-03 12:06:48.774937,,,,,,f,,3R0T90IZ1T5FABRVCUGAJWIT5M5GCX,AssignmentSubmitted
611,2018-05-03 12:06:58.002547,,,,,,f,,32Z9ZLUT1MDUJWJ9M57JZWOB902OH2,AssignmentAccepted
612,2018-05-03 12:19:10.042791,,,,,,f,,32Z9ZLUT1MDUJWJ9M57JZWOB902OH2,AssignmentSubmitted
613,2018-05-03 12:19:22.02303,,,,,,f,,3LJ7UR74RI6IPZV26JNNQIF2ELD4NJ,AssignmentAccepted
614,2018-05-03 12:28:59.64808,,,,,,f,,3LJ7UR74RI6IPZV26JNNQIF2ELD4NJ,AssignmentSubmitted
615,2018-05-03 12:29:21.345176,,,,,,f,,3A1PQ49WVIA9N4C8G398N0B3GPV1HV,AssignmentAccepted
616,2018-05-03 13:13:58.172606,,,,,,f,,3A1PQ49WVIA9N4C8G398N0B3GPV1HV,AssignmentSubmitted
617,2018-05-03 13:14:09.354344,,,,,,f,,3L70J4KAZHFO5CK6QQJB7GP8SRADAO,AssignmentAccepted
618,2018-05-03 13:26:47.063849,,,,,,f,,3L70J4KAZHFO5CK6QQJB7GP8SRADAO,AssignmentSubmitted
619,2018-05-03 13:26:50.087413,,,,,,f,,3YZ8UPK3VUFYFTSQWZ5RNBJKEURCU0,AssignmentAccepted
620,2018-05-03 14:27:12.324303,,,,,,f,,3YZ8UPK3VUFYFTSQWZ5RNBJKEURCU0,AssignmentAbandoned
621,2018-05-03 14:27:45.663252,,,,,,f,,3LO69W1SU468DFL1P799MF8GZVUGLO,AssignmentAccepted
622,2018-05-03 15:24:19.985818,,,,,,f,,3LO69W1SU468DFL1P799MF8GZVUGLO,AssignmentReturned
623,2018-05-03 15:24:48.623444,,,,,,f,,3YOH7BII0A0GB6TET2WU7GYBXAGVKS,AssignmentAccepted
624,2018-05-03 15:46:54.262071,,,,,,f,,3YOH7BII0A0GB6TET2WU7GYBXAGVKS,AssignmentSubmitted
625,2018-05-03 15:46:59.958956,,,,,,f,,35K3O9HUAC6OT9FEX1GNRZIKPJYFE6,AssignmentAccepted
626,2018-05-03 16:12:38.169018,,,,,,f,,35K3O9HUAC6OT9FEX1GNRZIKPJYFE6,AssignmentSubmitted
627,2018-05-03 16:13:28.133143,,,,,,f,,3DQQ64TANHEU1MQZW46YPZ3OYTSWP8,AssignmentAccepted
628,2018-05-03 16:54:20.518405,,,,,,f,,3DQQ64TANHEU1MQZW46YPZ3OYTSWP8,AssignmentSubmitted
629,2018-05-03 16:55:19.613733,,,,,,f,,3FK0YFF9P09URHNQS6A19P9SD8UVVL,AssignmentAccepted
630,2018-05-03 17:45:12.813392,,,,,,f,,3FK0YFF9P09URHNQS6A19P9SD8UVVL,AssignmentSubmitted
631,2018-05-03 17:45:30.629903,,,,,,f,,3HWRJOOET6VXXEK03LGMYY1ZEA1SED,AssignmentAccepted
632,2018-05-03 18:17:39.101568,,,,,,f,,3HWRJOOET6VXXEK03LGMYY1ZEA1SED,AssignmentSubmitted
633,2018-05-03 18:17:51.305651,,,,,,f,,37KGEN7NJ4J4HDTYKIS3X5VS5X1PPK,AssignmentAccepted
634,2018-05-03 18:19:44.134616,,,,,,f,,37KGEN7NJ4J4HDTYKIS3X5VS5X1PPK,AssignmentReturned
635,2018-05-03 18:20:09.497162,,,,,,f,,3RSDURM96BFUT0W92R8BGKP0VV2YE2,AssignmentAccepted
636,2018-05-03 18:27:09.523523,,,,,,f,,3RSDURM96BFUT0W92R8BGKP0VV2YE2,AssignmentReturned
637,2018-05-03 18:27:19.534445,,,,,,f,,3RSDURM96BFUT0W92R8BGKP0VV2YE2,AssignmentAccepted
638,2018-05-03 19:23:58.935644,,,,,,f,,3RSDURM96BFUT0W92R8BGKP0VV2YE2,AssignmentReturned
639,2018-05-03 19:24:48.154165,,,,,,f,,3TVSS0C0E2TSTEJ6DLFIU94LNX0WT2,AssignmentAccepted
640,2018-05-03 20:21:40.859275,,,,,,f,,3TVSS0C0E2TSTEJ6DLFIU94LNX0WT2,AssignmentReturned
641,2018-05-03 20:22:09.633236,,,,,,f,,351SEKWQS1AP7DTVNT9GG7K8M95MDP,AssignmentAccepted
642,2018-05-03 20:43:14.182785,,,,,,f,,351SEKWQS1AP7DTVNT9GG7K8M95MDP,AssignmentSubmitted
643,2018-05-03 20:43:23.862769,,,,,,f,,3NC5L260MPFA50S3RFJJWBCYTM3FOB,AssignmentAccepted
644,2018-05-03 21:02:08.231508,,,,,,f,,3NC5L260MPFA50S3RFJJWBCYTM3FOB,AssignmentSubmitted
645,2018-05-03 21:02:20.052302,,,,,,f,,3S3AMIZX3VYCYRH4A4F2DBFWSV6DC3,AssignmentAccepted
646,2018-05-03 22:02:28.471264,,,,,,f,,3S3AMIZX3VYCYRH4A4F2DBFWSV6DC3,AssignmentAbandoned
647,2018-05-03 22:02:30.908308,,,,,,f,,3S3AMIZX3VYCYRH4A4F2DBFWSV6DC3,AssignmentAccepted
648,2018-05-03 22:10:18.505996,,,,,,f,,3S3AMIZX3VYCYRH4A4F2DBFWSV6DC3,AssignmentSubmitted
649,2018-05-03 22:11:20.342054,,,,,,f,,3KMS4QQVK3JRF97OTNRQPUVP9HZKF2,AssignmentAccepted
650,2018-05-03 22:58:52.201769,,,,,,f,,3KMS4QQVK3JRF97OTNRQPUVP9HZKF2,AssignmentReturned
651,2018-05-03 22:59:18.779303,,,,,,f,,3LOTDFNYA8SIA915I1ATD5PKWPCWFG,AssignmentAccepted
652,2018-05-03 23:19:09.410904,,,,,,f,,3LOTDFNYA8SIA915I1ATD5PKWPCWFG,AssignmentSubmitted
653,2018-05-03 23:19:24.887697,,,,,,f,,39GAF6DQWSTE557SLSQC212CO6TV16,AssignmentAccepted
654,2018-05-03 23:27:57.959804,,,,,,f,,39GAF6DQWSTE557SLSQC212CO6TV16,AssignmentSubmitted
655,2018-05-03 23:28:07.822177,,,,,,f,,3HFNH7HEMI7J4C1EHCH5317A93YGQY,AssignmentAccepted
656,2018-05-04 00:06:15.109097,,,,,,f,,3HFNH7HEMI7J4C1EHCH5317A93YGQY,AssignmentSubmitted
657,2018-05-04 00:06:32.393856,,,,,,f,,32SVAV9L3G2QNKI9X1DZU73W1G9A3F,AssignmentAccepted
658,2018-05-04 01:06:41.969502,,,,,,f,,32SVAV9L3G2QNKI9X1DZU73W1G9A3F,AssignmentAbandoned
659,2018-05-04 01:07:25.841304,,,,,,f,,339ANSOTR6VBP09EUVXBSR8HPA5IK7,AssignmentAccepted
660,2018-05-04 02:07:24.346367,,,,,,f,,339ANSOTR6VBP09EUVXBSR8HPA5IK7,AssignmentAbandoned
661,2018-05-04 02:08:32.875493,,,,,,f,,3HYA4D452SCWYT3Y4HLMPY9VSIWF2W,AssignmentAccepted
662,2018-05-04 02:16:51.628753,,,,,,f,,3HYA4D452SCWYT3Y4HLMPY9VSIWF2W,AssignmentSubmitted
663,2018-05-04 02:16:56.047533,,,,,,f,,3VFJCI1K40SJGDGEUR658RHF5PCGRB,AssignmentAccepted
664,2018-05-04 02:44:29.538545,,,,,,f,,3VFJCI1K40SJGDGEUR658RHF5PCGRB,AssignmentSubmitted
665,2018-05-04 02:44:49.938413,,,,,,f,,33JKGHPFYDNYTPK8CNNJCCW20E0MN2,AssignmentAccepted
666,2018-05-04 02:52:37.943928,,,,,,f,,33JKGHPFYDNYTPK8CNNJCCW20E0MN2,AssignmentSubmitted
667,2018-05-04 02:53:24.308875,,,,,,f,,3WMINLGALCWE0KESQUO0NA7Q7TYACP,AssignmentAccepted
668,2018-05-04 03:04:36.805496,,,,,,f,,3WMINLGALCWE0KESQUO0NA7Q7TYACP,AssignmentSubmitted
669,2018-05-04 03:04:49.437171,,,,,,f,,308Q0PEVB96R84QNQY6M2IU1EG09IB,AssignmentAccepted
670,2018-05-04 03:13:10.635578,,,,,,f,,308Q0PEVB96R84QNQY6M2IU1EG09IB,AssignmentSubmitted
671,2018-05-04 03:13:26.021207,,,,,,f,,3GGAI1SQEWRF2LNHNXE5W12Q1ANMCL,AssignmentAccepted
672,2018-05-04 03:30:39.239445,,,,,,f,,3GGAI1SQEWRF2LNHNXE5W12Q1ANMCL,AssignmentSubmitted
673,2018-05-04 03:30:53.056117,,,,,,f,,3EA3QWIZ4JOASJZ1O4B3TIVD8N4ITL,AssignmentAccepted
674,2018-05-04 04:31:00.034338,,,,,,f,,3EA3QWIZ4JOASJZ1O4B3TIVD8N4ITL,AssignmentAbandoned
675,2018-05-04 04:32:23.102373,,,,,,f,,3U088ZLJVLMRD5MFFJR8AY2GQN90W2,AssignmentAccepted
676,2018-05-04 04:44:01.971392,,,,,,f,,3U088ZLJVLMRD5MFFJR8AY2GQN90W2,AssignmentReturned
677,2018-05-04 04:44:49.070703,,,,,,f,,32KTQ2V7RE8D4NGEBD4EUB1IVPQM9A,AssignmentAccepted
678,2018-05-04 04:56:25.334937,,,,,,f,,32KTQ2V7RE8D4NGEBD4EUB1IVPQM9A,AssignmentSubmitted
679,2018-05-04 04:56:52.050461,,,,,,f,,3C6FJU71TRMBIWTVSRNGK2B3HKFUY0,AssignmentAccepted
680,2018-05-04 05:26:18.655968,,,,,,f,,3C6FJU71TRMBIWTVSRNGK2B3HKFUY0,AssignmentSubmitted
681,2018-05-04 05:28:23.479278,,,,,,f,,3ZSANO2JCG0P3SKWYW0SGGMZQC7SFO,AssignmentAccepted
682,2018-05-04 05:38:15.426928,,,,,,f,,3ZSANO2JCG0P3SKWYW0SGGMZQC7SFO,AssignmentSubmitted
