id,creation_time,property1,property2,property3,property4,property5,failed,time_of_death,type,worker_id,assignment_id,unique_id,hit_id,mode,end_time,base_pay,bonus,status
31,2018-04-28 15:41:08.535287,,,,,,f,,participant,31,3ERMJ6L4DZL9Q4SLWG6UGFAC0FO7M1,31:3ERMJ6L4DZL9Q4SLWG6UGFAC0FO7M1,3WUVMVA7OBWOLTR8S636AOCQCQJZAO,live,2018-04-28 15:50:03.500775,1.8,0,approved
1,2018-04-27 21:01:35.159794,,,,,,f,,participant,1,3PJ71Z61R5VG8YUPIRLGAJDFXTI19Y,1:3PJ71Z61R5VG8YUPIRLGAJDFXTI19Y,38O9DZ0A62GXSGCTDMDG780XVYK62N,live,2018-04-27 21:06:16.817744,1.8,0,approved
30,2018-04-28 13:31:38.442051,,,,,,f,,participant,30,308Q0PEVB96R84QNQY6M2IU1EWMI92,30:308Q0PEVB96R84QNQY6M2IU1EWMI92,3KA7IJSNW6YZQZUUBB50E1UIK9XBPA,live,2018-04-28 13:38:55.12647,1.8,0,approved
2,2018-04-27 21:48:07.761911,,,,,,f,,participant,2,35GMH2SV3FAIZMS7W4ZDETRYH1BEOB,2:35GMH2SV3FAIZMS7W4ZDETRYH1BEOB,3BDORL6HKK63CH2F235KUG0F3CARCE,live,2018-04-27 21:52:10.84952,1.8,0,approved
22,2018-04-28 06:07:55.173512,,,,,,f,,participant,22,3ATTHHXXWBHH908LTEC0ILGJLY6IXC,22:3ATTHHXXWBHH908LTEC0ILGJLY6IXC,3Z3R5YC0P3GNV8ZHXU0G21M0OA7FTY,live,2018-04-28 06:15:48.495242,1.8,0,approved
3,2018-04-27 21:58:56.107301,,,,,,f,,participant,3,3IAS3U3I0G96LCRIZFZQ68IADZ42BV,3:3IAS3U3I0G96LCRIZFZQ68IADZ42BV,3KVQ0UJWPXENLSAMMNSI392M3A45WO,live,2018-04-27 22:07:23.094709,1.8,0,approved
4,2018-04-27 22:11:56.245762,,,,,,f,,participant,4,358UUM7WR0W0NK5D1O2B2E4M61TR7D,4:358UUM7WR0W0NK5D1O2B2E4M61TR7D,3MWOYZD5WVHJ687QZ1XUGWPMRT5NOK,live,2018-04-27 22:25:20.47127,,,returned
32,2018-04-28 18:19:26.761031,,,,,,f,,participant,32,3SITXWYCNW27MSUFN4KJWYC6Q94BXG,32:3SITXWYCNW27MSUFN4KJWYC6Q94BXG,3CZH926SIC7B89KVNIF2CBP8WAGE4O,live,2018-04-28 18:40:28.786737,1.8,0,approved
6,2018-04-27 22:45:02.620932,,,,,,f,,participant,6,358UUM7WR0W0NK5D1O2B2E4M61TR7D,6:358UUM7WR0W0NK5D1O2B2E4M61TR7D,3MWOYZD5WVHJ687QZ1XUGWPMRT5NOK,live,2018-04-27 22:56:05.823484,1.8,0,approved
33,2018-04-28 19:43:37.313398,,,,,,f,,participant,33,3DY4FPOOA2H2YA69JM5R8SKPSK2RV9,33:3DY4FPOOA2H2YA69JM5R8SKPSK2RV9,3PCPFX4U40JA3S7PGQ6LXWBD43EQF1,live,2018-04-28 19:53:10.649914,1.8,0,approved
12,2018-04-28 00:54:03.606427,,,,,,f,,participant,12,3VNL7UK1XGCQISXBNW5IQLILSAGTF3,12:3VNL7UK1XGCQISXBNW5IQLILSAGTF3,3XDJY5RK5SESX5HHDIU7GTBBIYZU4A,live,2018-04-28 00:56:49.696874,1.8,0,approved
34,2018-04-28 20:04:50.803122,,,,,,f,,participant,34,31HQ4X3T3T3B3KUSK73QBTRJNOJSLF,34:31HQ4X3T3T3B3KUSK73QBTRJNOJSLF,3GV1I4SEO9I3T2Y1NSVLM4Z61YPL65,live,2018-04-28 20:15:53.597845,1.8,0,approved
7,2018-04-27 22:58:56.220755,,,,,,f,,participant,7,345LHZDEDYLA2TW736UQU8FQ8YE3UR,7:345LHZDEDYLA2TW736UQU8FQ8YE3UR,386659BNTLAVPK8ISTXLTOG1QPL101,live,2018-04-27 23:15:54.000467,1.8,0,approved
35,2018-04-28 21:18:02.924997,,,,,,f,,participant,35,3KV0LJBBH3EJ8NC05U40LW1C1RSRMU,35:3KV0LJBBH3EJ8NC05U40LW1C1RSRMU,3NRZ1LDP7WZV8XXAHPL30J1LBCNPZY,live,2018-04-28 21:38:23.37,1.8,0,approved
8,2018-04-28 00:19:28.495535,,,,,,f,,participant,8,3TY7ZAOG5GD0I5SYQ585MN8L3VWK0G,8:3TY7ZAOG5GD0I5SYQ585MN8L3VWK0G,3V0TR1NRVAV8IW3J7DDGGSZHBV74A8,live,2018-04-28 00:22:30.691789,1.8,0,approved
36,2018-04-28 21:50:36.989691,,,,,,f,,participant,36,3DY4FPOOA2H2YA69JM5R8SKPSK4VRF,36:3DY4FPOOA2H2YA69JM5R8SKPSK4VRF,3VZYA8PITORUD291TGZXWETI25605Y,live,2018-04-28 21:57:13.170085,1.8,0,approved
9,2018-04-28 00:23:09.625293,,,,,,f,,participant,9,3KIBXJ1WD6NLLMKHSQAGCO431YFKO9,9:3KIBXJ1WD6NLLMKHSQAGCO431YFKO9,3P888QFVX3N495KIFTPBKQKRW4TOQ9,live,2018-04-28 00:29:12.189698,1.8,0,approved
10,2018-04-28 00:40:55.056638,,,,,,f,,participant,10,36ZN444YTSRUFRUTSNP4Z8PQ9UQOI2,10:36ZN444YTSRUFRUTSNP4Z8PQ9UQOI2,37VE3DA4YUA7DIW6SYXV5SSRYIEBHW,live,2018-04-28 00:48:25.983887,1.8,0,approved
13,2018-04-28 01:20:27.742912,,,,,,f,,participant,13,3TYCR1GOTDC84WG6FZXY7MOMA2PLZH,13:3TYCR1GOTDC84WG6FZXY7MOMA2PLZH,3I7KR83SNA6FRFIH0ZMWREDT2ZG9KP,live,2018-04-28 01:24:37.393484,1.8,0,approved
18,2018-04-28 05:07:13.229703,,,,,,f,,participant,18,32KTQ2V7RE8D4NGEBD4EUB1IV4XM9B,18:32KTQ2V7RE8D4NGEBD4EUB1IV4XM9B,3M0556243SDP0VUX0YE4T2G8ZSKNF4,live,2018-04-28 05:13:47.528124,1.8,0,approved
14,2018-04-28 02:00:44.214447,,,,,,f,,participant,14,3MAOD8E57R39N1JCQUPSNTC07XSNXP,14:3MAOD8E57R39N1JCQUPSNTC07XSNXP,39RRBHZ0AUU8DHU631U26BQ3X0BZVG,live,2018-04-28 02:13:53.943618,,,returned
40,2018-04-28 22:20:17.214166,,,,,,f,,participant,40,3KV0LJBBH3EJ8NC05U40LW1C1RTMRQ,40:3KV0LJBBH3EJ8NC05U40LW1C1RTMRQ,3Z8UJEJOCZ69VHAAFTUXASWRRD939N,live,2018-04-28 22:28:31.246452,1.8,0,approved
15,2018-04-28 03:56:58.521235,,,,,,f,,participant,15,3LOZAJ85YE6DYFUJ4BR8V592W24X2B,15:3LOZAJ85YE6DYFUJ4BR8V592W24X2B,39RRBHZ0AUU8DHU631U26BQ3X0BZVG,live,2018-04-28 04:01:47.229022,1.8,0,approved
16,2018-04-28 04:39:00.583999,,,,,,f,,participant,16,3QY5DC2MXSD5I5C0N1VSVH4NBOTUF1,16:3QY5DC2MXSD5I5C0N1VSVH4NBOTUF1,33P2GD6NRNL86L00YBAO4VBHLCQKHS,live,2018-04-28 04:48:44.536131,1.8,0,approved
49,2018-04-29 10:33:27.59995,,,,,,f,,participant,49,3NS0A6KXC51SI425480IUUJEENIGZP,49:3NS0A6KXC51SI425480IUUJEENIGZP,3RQVKZ7ZRKCGWGQYWWI8DM0TQ9R275,live,2018-04-29 10:47:10.278227,1.8,0,approved
17,2018-04-28 04:53:03.490262,,,,,,f,,participant,17,3ZY8KE4ISKW2M9R967GR32AKWXCQVH,17:3ZY8KE4ISKW2M9R967GR32AKWXCQVH,3SBNLSTU6UYMJ0UKCGU80PKWXTBDZZ,live,2018-04-28 05:06:02.336183,1.8,0,approved
19,2018-04-28 05:18:40.890703,,,,,,f,,participant,19,32N49TQG3HBAZTKSHBJ5D2VFSFRVAG,19:32N49TQG3HBAZTKSHBJ5D2VFSFRVAG,3HJ1EVZS2OCFZH6W9AUJ1DWLXZ43RZ,live,2018-04-28 05:25:43.541682,1.8,0,approved
20,2018-04-28 05:46:37.670663,,,,,,f,,participant,20,34MAJL3QP5GBLV2SO038H4HW9L343I,20:34MAJL3QP5GBLV2SO038H4HW9L343I,3ULIZ0H1VAYUKRUJPZ3XAJCS7X251W,live,2018-04-28 05:59:48.040202,1.8,0,approved
21,2018-04-28 06:00:37.855479,,,,,,f,,participant,21,3AUQQEL7U6MEYGMAP9MCOWJ2JTH0VW,21:3AUQQEL7U6MEYGMAP9MCOWJ2JTH0VW,3M4KL7H8KVGQ3VUXUID22PQS3SD61D,live,2018-04-28 06:06:04.858364,1.8,0,approved
23,2018-04-28 06:22:20.703597,,,,,,f,,participant,23,30OG32W0SV40H1SVVPZ0Z4RTRRPENF,23:30OG32W0SV40H1SVVPZ0Z4RTRRPENF,3N3WJQXELSJFB1F00QJIWRIULTGL2H,live,2018-04-28 06:32:28.1927,1.8,0,approved
24,2018-04-28 09:58:55.067465,,,,,,f,,participant,24,3JZQSN0I3R3MDNB53W6BR23W2HLFGV,24:3JZQSN0I3R3MDNB53W6BR23W2HLFGV,3CO05SML7VYJIP7ZQNC0ZFYEUNLR0T,live,2018-04-28 10:05:18.365847,1.8,0,approved
25,2018-04-28 12:32:03.386781,,,,,,f,,participant,25,3II4UPYCOK0GSSRNFMGXXG4DWRGDQF,25:3II4UPYCOK0GSSRNFMGXXG4DWRGDQF,322ZSN9Z5GDDXS2SDD4XBXP9ZKZT4P,live,2018-04-28 12:40:25.770812,1.8,0,approved
26,2018-04-28 12:45:19.49248,,,,,,f,,participant,26,3R08VXYT7DO5VGMZ0ICHPDC3YHV7WL,26:3R08VXYT7DO5VGMZ0ICHPDC3YHV7WL,341H3G5YF07SKGTQ046DLI0D3470ZY,live,2018-04-28 12:56:18.351929,1.8,0,approved
28,2018-04-28 12:59:02.624441,,,,,,f,,participant,28,30ZX6P7VF9OC3VPUN7C74W1NL50J2M,28:30ZX6P7VF9OC3VPUN7C74W1NL50J2M,3E24UO25QZJBZN1Y0KBDEL30W3Q6O3,live,2018-04-28 13:07:54.999014,1.8,0,approved
38,2018-04-28 22:00:02.323395,,,,,,f,,participant,38,3KV0LJBBH3EJ8NC05U40LW1C1RTMRQ,38:3KV0LJBBH3EJ8NC05U40LW1C1RTMRQ,3Z8UJEJOCZ69VHAAFTUXASWRRD939N,live,2018-04-28 22:01:18.89129,,,returned
92,2018-04-30 06:12:33.964233,,,,,,f,,participant,92,39LNWE0K4VPPSWEQO91DYEHFRKCUIR,92:39LNWE0K4VPPSWEQO91DYEHFRKCUIR,3TFJJUELSHIM8XLUNDQJT8S7RMP2C9,live,2018-04-30 06:13:02.025092,,,returned
61,2018-04-29 13:13:37.636256,,,,,,f,,participant,61,3ZSY5X72NY478QXCIAJDD0QHWSSORT,61:3ZSY5X72NY478QXCIAJDD0QHWSSORT,3NZ1E5QA6ZUVXPCBRWWMGVP1T9B5BX,live,2018-04-29 13:19:40.266179,1.8,0,approved
42,2018-04-28 22:32:46.117403,,,,,,f,,participant,42,35BLDD71I7QB01S0T3Z4UVMO11OVZ9,42:35BLDD71I7QB01S0T3Z4UVMO11OVZ9,3DWNFENNE3OJJP6N1JQT9R201IHJ4J,live,2018-04-28 22:42:53.936594,1.8,0,approved
43,2018-04-28 23:40:29.628102,,,,,,f,,participant,43,3YMU66OBIO16RJ2BYMUBUNF9IWKGHG,43:3YMU66OBIO16RJ2BYMUBUNF9IWKGHG,3UQVX1UPFSA2E5QEBXXZY7Q6IVF20Z,live,2018-04-28 23:41:19.528252,,,returned
62,2018-04-29 13:20:02.780264,,,,,,f,,participant,62,3DL65MZB8E8HQXV46ZQMJTXHSPJCE7,62:3DL65MZB8E8HQXV46ZQMJTXHSPJCE7,3HEM8MA6H95MU5WJUT2Q9QPH69DPQF,live,2018-04-29 13:24:29.610029,1.8,0,approved
44,2018-04-29 00:42:41.952542,,,,,,f,,participant,44,3YMU66OBIO16RJ2BYMUBUNF9IWKGHG,44:3YMU66OBIO16RJ2BYMUBUNF9IWKGHG,3UQVX1UPFSA2E5QEBXXZY7Q6IVF20Z,live,2018-04-29 00:54:32.918333,1.8,0,approved
52,2018-04-29 11:34:33.925121,,,,,,f,,participant,52,3ATTHHXXWBHH908LTEC0ILGJL0DIXN,52:3ATTHHXXWBHH908LTEC0ILGJL0DIXN,3TZ0XG8CBUDVWEGGRAPT19427Z889R,live,2018-04-29 11:42:41.153639,1.8,0,approved
63,2018-04-29 13:25:28.55526,,,,,,f,,participant,63,3TMFV4NEP979VURIAN4N3D8Y923W81,63:3TMFV4NEP979VURIAN4N3D8Y923W81,3Z3R5YC0P3GNV8ZHXU0G21M0OAPFTG,live,2018-04-29 13:42:12.669487,1.8,0,approved
45,2018-04-29 02:45:36.734901,,,,,,f,,participant,45,35GCEFQ6I6HROSQH9TTYB0U5AH0Z3L,45:35GCEFQ6I6HROSQH9TTYB0U5AH0Z3L,3S37Y8CWI8T5P96M8I98YHW83ER4W0,live,2018-04-29 02:55:11.289119,1.8,0,approved
64,2018-04-29 14:21:08.597465,,,,,,f,,participant,64,3KGTPGBS6YELHB0OZ6GLBYAY2M0U2X,64:3KGTPGBS6YELHB0OZ6GLBYAY2M0U2X,3FK4G712NXTVKDROEEVPZV9TBH5SSN,live,2018-04-29 14:42:48.799724,1.8,0,approved
46,2018-04-29 04:58:28.921489,,,,,,f,,participant,46,3QY7M81QH8FE0GSIB4TE12I8BAFK7V,46:3QY7M81QH8FE0GSIB4TE12I8BAFK7V,30IRMPJWDZCLVFE3UGMIIZDN8L3RKB,live,2018-04-29 05:08:23.03572,1.8,0,approved
58,2018-04-29 12:39:57.356964,,,,,,f,,participant,58,351SEKWQS1AP7DTVNT9GG7K8MRMDMX,58:351SEKWQS1AP7DTVNT9GG7K8MRMDMX,3ODOP6T3ASDJDT8FUYK1AAGJZ7324N,live,2018-04-29 12:51:36.393224,1.8,0,approved
65,2018-04-29 14:44:11.052071,,,,,,f,,participant,65,3PH3VY7DJMQOFQS5JD40GX528BDWZ9,65:3PH3VY7DJMQOFQS5JD40GX528BDWZ9,3UQ1LLR26A14G4A4D5CX291SXIEALL,live,2018-04-29 14:55:10.806196,1.8,0,approved
47,2018-04-29 06:24:32.992505,,,,,,f,,participant,47,3EJPLAJKEN9QLBDZSVRWI36PK8A6Z6,47:3EJPLAJKEN9QLBDZSVRWI36PK8A6Z6,3P0I4CQYVY09T2G4R2OHCF2DK5TWO4,live,2018-04-29 06:37:03.08601,1.8,0,approved
48,2018-04-29 07:56:24.840695,,,,,,f,,participant,48,3UJ1CZ6IZIIX1VR7SKNJU4VM1YZS57,48:3UJ1CZ6IZIIX1VR7SKNJU4VM1YZS57,3087LXLJ6M9MFZ2QZSC6IQKVRZP0FM,live,2018-04-29 08:17:53.887675,1.8,0,approved
66,2018-04-29 15:21:34.805509,,,,,,f,,participant,66,36H9ULYP63NW4P16B2REOFVCUABJFE,66:36H9ULYP63NW4P16B2REOFVCUABJFE,32L724R85LD9D780HLXH0OYVF0KIPV,live,2018-04-29 15:51:13.874031,1.8,0,approved
50,2018-04-29 10:49:03.796593,,,,,,f,,participant,50,3P59JYT76MD6HYLZZ1QB62OWJ8RT23,50:3P59JYT76MD6HYLZZ1QB62OWJ8RT23,31ANT7FQN8V5O2FXRO6I26SZOMFH5O,live,2018-04-29 11:04:04.348137,1.8,0,approved
53,2018-04-29 11:44:24.959795,,,,,,f,,participant,53,3GA6AFUKOPH5X7QN37NRBTQ0ESXH3T,53:3GA6AFUKOPH5X7QN37NRBTQ0ESXH3T,3E22YV8GG1Z1R8JRE1A95WUC1YPNPP,live,2018-04-29 11:55:59.221046,1.8,0,approved
67,2018-04-29 15:52:58.604525,,,,,,f,,participant,67,3NPI0JQDAPY295M51Z1N2FWPUISPTV,67:3NPI0JQDAPY295M51Z1N2FWPUISPTV,3LN50BUKPV4B38G62OUUS4QNW4FPLH,live,2018-04-29 16:04:14.460666,1.8,0,approved
51,2018-04-29 11:07:04.85481,,,,,,f,,participant,51,3VSOLARPKC2CI1845VZZYCSCVFP93V,51:3VSOLARPKC2CI1845VZZYCSCVFP93V,3VMHWJRYHV9UCP81241DR47616BXFF,live,2018-04-29 11:16:55.933294,1.8,0,approved
69,2018-04-29 16:35:37.444489,,,,,,f,,participant,69,3RJSC4XJ11NX0M7VJI4ZKYP367Y05C,69:3RJSC4XJ11NX0M7VJI4ZKYP367Y05C,3THR0FZ95PMTI845NOHF34LXMZJOLZ,live,2018-04-29 16:44:02.481915,1.8,0,approved
68,2018-04-29 16:15:46.563894,,,,,,f,,participant,68,3L70J4KAZHFO5CK6QQJB7GP8SA5ADI,68:3L70J4KAZHFO5CK6QQJB7GP8SA5ADI,3B9J25CZ256FDW2SHS5PKQ5BPF8SCK,live,2018-04-29 16:34:26.056873,1.8,0,approved
54,2018-04-29 12:07:25.99803,,,,,,f,,participant,54,33LK57MYLUYV89BWZ8UZJ82H2YDZST,54:33LK57MYLUYV89BWZ8UZJ82H2YDZST,3URJ6VVYUPGXK0XKHWIYHNJM0CYO4E,live,2018-04-29 12:10:41.368495,1.8,0,approved
55,2018-04-29 12:13:31.625296,,,,,,f,,participant,55,392CY0QWG2KQBYKB93AVLAJLS58I48,55:392CY0QWG2KQBYKB93AVLAJLS58I48,3M4KL7H8KVGQ3VUXUID22PQS3SV16Q,live,2018-04-29 12:22:28.478108,1.8,0,approved
56,2018-04-29 12:24:30.350496,,,,,,f,,participant,56,3WMINLGALCWE0KESQUO0NA7Q7ALACA,56:3WMINLGALCWE0KESQUO0NA7Q7ALACA,3VP28W7DUNDJHK8G3MPYOPNH96AZFF,live,2018-04-29 12:26:14.477937,,,returned
70,2018-04-29 17:18:12.727994,,,,,,f,,participant,70,31QTRG6Q2U6YQRLZB5OMAWO49KEYPX,70:31QTRG6Q2U6YQRLZB5OMAWO49KEYPX,3SSN80MU8CH5SB0F3FSA7HZB93KKXY,live,2018-04-29 17:24:49.825953,1.8,0,approved
57,2018-04-29 12:28:33.615037,,,,,,f,,participant,57,3WMINLGALCWE0KESQUO0NA7Q7ALACA,57:3WMINLGALCWE0KESQUO0NA7Q7ALACA,3VP28W7DUNDJHK8G3MPYOPNH96AZFF,live,2018-04-29 12:38:59.666333,1.8,0,approved
71,2018-04-29 21:36:00.892343,,,,,,f,,participant,71,3GS6S824SRQUY1EMGPT6LAYTYYAWNZ,71:3GS6S824SRQUY1EMGPT6LAYTYYAWNZ,32XN26MTXZC8FRCML3F4D3PFOW60LO,live,2018-04-29 21:42:49.428329,1.8,0,approved
72,2018-04-29 21:44:31.013827,,,,,,f,,participant,72,3JC6VJ2SACCT1Z5DBK1S941GFUCA5H,72:3JC6VJ2SACCT1Z5DBK1S941GFUCA5H,3TC2K6WK9GVKWUVH61AERMWO1UX28U,live,2018-04-29 21:58:03.117106,1.8,0,approved
59,2018-04-29 12:55:20.789916,,,,,,f,,participant,59,37TRT2X24RK6R8PQ605I5P4RFCFBJK,59:37TRT2X24RK6R8PQ605I5P4RFCFBJK,3IZVJEBJ6ADNYRF52TMUUJA4G786ZK,live,2018-04-29 13:01:05.544168,1.8,0,approved
73,2018-04-29 22:04:25.18643,,,,,,f,,participant,73,34Q075JO1Y6YC46CIV2NH8CMUSX010,73:34Q075JO1Y6YC46CIV2NH8CMUSX010,3EFNPKWBMSHRZNMXFXB4HHVYOAL30J,live,2018-04-29 22:17:18.133639,1.8,0,approved
60,2018-04-29 13:02:54.635863,,,,,,f,,participant,60,31JLPPHS2VNFPOCA7KIHV2N1QEC3O4,60:31JLPPHS2VNFPOCA7KIHV2N1QEC3O4,3G3AJKPCXLL9EE1MNJRWJEHOEMY4Y6,live,2018-04-29 13:13:12.422446,1.8,0,approved
74,2018-04-29 22:38:37.541542,,,,,,f,,participant,74,39KFRKBFIOOG5R9YW5B7LWJEZGOOYE,74:39KFRKBFIOOG5R9YW5B7LWJEZGOOYE,3VAOOVPI3ZLLCN18AW1NBNH3RUNLLO,live,2018-04-29 22:46:47.056147,1.8,0,approved
75,2018-04-29 22:47:41.167131,,,,,,f,,participant,75,3H0W84IWBLVLWZKNOWGH8OW3SR4REC,75:3H0W84IWBLVLWZKNOWGH8OW3SR4REC,3DFYDSXB2WTI0N02GPHBMV0U0WBJUE,live,2018-04-29 22:48:17.975681,,,returned
98,2018-04-30 08:25:36.886755,,,,,,f,,participant,98,3R5F3LQFV3DGAHJ3SRDQZ3SG5BYZOO,98:3R5F3LQFV3DGAHJ3SRDQZ3SG5BYZOO,3M67TQBQQHH9F29VO897X0AXXPF9A7,live,2018-04-30 08:37:54.837125,1.8,0,approved
76,2018-04-29 22:50:47.616381,,,,,,f,,participant,76,3H0W84IWBLVLWZKNOWGH8OW3SR4REC,76:3H0W84IWBLVLWZKNOWGH8OW3SR4REC,3DFYDSXB2WTI0N02GPHBMV0U0WBJUE,live,2018-04-29 23:01:38.508426,1.8,0,approved
93,2018-04-30 06:14:04.448021,,,,,,f,,participant,93,3LS2AMNW5GJ7WPIC5VUD8AGC089QOH,93:3LS2AMNW5GJ7WPIC5VUD8AGC089QOH,3TFJJUELSHIM8XLUNDQJT8S7RMP2C9,live,2018-04-30 06:27:50.619484,1.8,0,approved
77,2018-04-29 23:02:56.167526,,,,,,f,,participant,77,3LEP4MGT3HTTOMPYW4J72R9EAT1BDR,77:3LEP4MGT3HTTOMPYW4J72R9EAT1BDR,3EQVJH0T40E794QNSKOG5MYD4Q0HTG,live,2018-04-29 23:13:11.498639,1.8,0,approved
78,2018-04-29 23:43:16.071804,,,,,,f,,participant,78,3LOZAJ85YE6DYFUJ4BR8V592W50X2D,78:3LOZAJ85YE6DYFUJ4BR8V592W50X2D,3OQQD2WO8IZ26I3DJN0ANLVUA42I3T,live,2018-04-29 23:43:49.132176,,,returned
94,2018-04-30 06:32:01.428838,,,,,,f,,participant,94,34HJIJKLP6PVX44B8A9E0Z9F09PV47,94:34HJIJKLP6PVX44B8A9E0Z9F09PV47,3BAKUKE49H5JPESHM6G0DKHOZHE1RX,live,2018-04-30 06:50:00.269116,1.8,0,approved
87,2018-04-30 02:48:28.279682,,,,,,f,,participant,87,3B3WTRP3DCVNXJCL1VLUF2NKP3Q92P,87:3B3WTRP3DCVNXJCL1VLUF2NKP3Q92P,3UXQ63NLAAF9ZEFWJJCTXKLYF0CBLU,live,2018-04-30 02:49:36.509045,,,returned
79,2018-04-29 23:45:11.378903,,,,,,f,,participant,79,3LOZAJ85YE6DYFUJ4BR8V592W50X2D,79:3LOZAJ85YE6DYFUJ4BR8V592W50X2D,3OQQD2WO8IZ26I3DJN0ANLVUA42I3T,live,2018-04-29 23:54:35.863285,1.8,0,approved
80,2018-04-29 23:55:06.564747,,,,,,f,,participant,80,3O7L7BFSHFI830H4Y9M8UWVC5VOIE2,80:3O7L7BFSHFI830H4Y9M8UWVC5VOIE2,32PT7WK7DM8LY7NRR9ZZWOFHIZV3DD,live,2018-04-30 00:02:32.667667,,,returned
95,2018-04-30 07:27:50.280063,,,,,,f,,participant,95,3HMIGG0U4MZDKZMIPOMBOATEKCP8Y2,95:3HMIGG0U4MZDKZMIPOMBOATEKCP8Y2,3OND0WXMHW85KL8Q2PZL60YC1HKHEZ,live,2018-04-30 07:38:33.361071,1.8,0,approved
81,2018-04-30 00:06:42.900509,,,,,,f,,participant,81,3O7L7BFSHFI830H4Y9M8UWVC5VOIE2,81:3O7L7BFSHFI830H4Y9M8UWVC5VOIE2,32PT7WK7DM8LY7NRR9ZZWOFHIZV3DD,live,2018-04-30 00:14:48.115629,1.8,0,approved
96,2018-04-30 07:58:21.720645,,,,,,f,,participant,96,32ZKVD547GGV6UN13FDVPIN2JHG3BR,96:32ZKVD547GGV6UN13FDVPIN2JHG3BR,31YWE12TE05HXWTVKL313CUP3K07XX,live,2018-04-30 08:07:11.737178,1.8,0,approved
82,2018-04-30 00:26:42.19341,,,,,,f,,participant,82,333U7HK6IA8Z65NAKWWO0FSRIYDDJH,82:333U7HK6IA8Z65NAKWWO0FSRIYDDJH,3TTPFEFXCTD176FBW7GNUC6ZKIQ6HV,live,2018-04-30 00:53:14.91232,1.8,0,approved
97,2018-04-30 08:12:36.848061,,,,,,f,,participant,97,3PEIJLRY6UMZAVSQIVGFJCPR0DZWX0,97:3PEIJLRY6UMZAVSQIVGFJCPR0DZWX0,372AGES0I4YRFFDATZ178TLP4WTXRL,live,2018-04-30 08:21:42.609413,1.8,0,approved
83,2018-04-30 01:58:14.506756,,,,,,f,,participant,83,3VNXK88KKDBWUAANP555H7KVM07V95,83:3VNXK88KKDBWUAANP555H7KVM07V95,366FYU4PTGIWMB9Y8A2IJSE4TXIKEY,live,2018-04-30 02:11:21.581227,1.8,0,approved
99,2018-04-30 08:39:03.892058,,,,,,f,,participant,99,354P56DE9LWCOZ5QGD2GSO9IS7P7S2,99:354P56DE9LWCOZ5QGD2GSO9IS7P7S2,3S829FDFT2UXE5U5BY6N344LPV3DXW,live,2018-04-30 09:38:30.774311,,,abandoned
84,2018-04-30 02:13:20.638161,,,,,,f,,participant,84,3ZQIG0FLQF9766NVIGFXVRS6K2ZWV5,84:3ZQIG0FLQF9766NVIGFXVRS6K2ZWV5,3DA79LNS59OSFWJODZZE1SX3LLKT3N,live,2018-04-30 02:14:33.745074,,,returned
88,2018-04-30 03:24:18.45487,,,,,,f,,participant,88,378XPAWRUD65DN0SI4KMYD5LKH6AIH,88:378XPAWRUD65DN0SI4KMYD5LKH6AIH,3UXQ63NLAAF9ZEFWJJCTXKLYF0CBLU,live,2018-04-30 03:28:50.533947,1.8,0,approved
85,2018-04-30 02:20:33.226787,,,,,,f,,participant,85,3ZQIG0FLQF9766NVIGFXVRS6K2ZWV5,85:3ZQIG0FLQF9766NVIGFXVRS6K2ZWV5,3DA79LNS59OSFWJODZZE1SX3LLKT3N,live,2018-04-30 02:27:51.732992,1.8,0,approved
100,2018-04-30 09:46:18.56341,,,,,,f,,participant,100,354P56DE9LWCOZ5QGD2GSO9IS7P7S2,100:354P56DE9LWCOZ5QGD2GSO9IS7P7S2,3S829FDFT2UXE5U5BY6N344LPV3DXW,live,2018-04-30 09:55:51.400347,1.8,0,approved
86,2018-04-30 02:45:30.90074,,,,,,f,,participant,86,336KAV9KYRL2YKKT97DAEJGBYC7Y2Z,86:336KAV9KYRL2YKKT97DAEJGBYC7Y2Z,3UXQ63NLAAF9ZEFWJJCTXKLYF0CBLU,live,2018-04-30 02:47:11.595835,,,returned
101,2018-04-30 09:57:11.016549,,,,,,f,,participant,101,33FBRBDW6PS0HWLDTW4MRJ1VHOAC81,101:33FBRBDW6PS0HWLDTW4MRJ1VHOAC81,338GLSUI434MG8M28UVQSWQEMTHSFE,live,2018-04-30 10:08:51.793178,1.8,0,approved
89,2018-04-30 03:29:27.201917,,,,,,f,,participant,89,3TOK3KHVJUBXQ7DX9WL78JZHVI57OO,89:3TOK3KHVJUBXQ7DX9WL78JZHVI57OO,3MIVREZQVHRLJEZ3H1XID93IC1AKQG,live,2018-04-30 03:35:08.637223,1.8,0,approved
102,2018-04-30 11:31:12.305291,,,,,,f,,participant,102,3UXUOQ9OKFQ8O3JWZDGP7OFC61LA7C,102:3UXUOQ9OKFQ8O3JWZDGP7OFC61LA7C,3H6W48L9F4IRE2S5621W1F73UC0PWT,live,2018-04-30 11:44:20.529176,1.8,0,approved
90,2018-04-30 04:57:12.407691,,,,,,f,,participant,90,3QECW5O0KIUYGV4MHKS949R83KUT5K,90:3QECW5O0KIUYGV4MHKS949R83KUT5K,3LAZVA75NIKNHMIXDIZAO8MOG06O2Q,live,2018-04-30 05:04:14.005306,1.8,0,approved
91,2018-04-30 05:16:16.05141,,,,,,f,,participant,91,3A0EX8ZRN9HWMXKPS06LFCJFSI2YBJ,91:3A0EX8ZRN9HWMXKPS06LFCJFSI2YBJ,3KLL7H3EGDUMMWUCXFOV64MY1CMHV4,live,2018-04-30 05:24:20.738698,1.8,0,approved
103,2018-04-30 12:45:54.630967,,,,,,f,,participant,103,3JAOYWH7VJXTY5YTB13ZUYMTV4C9LB,103:3JAOYWH7VJXTY5YTB13ZUYMTV4C9LB,3R5OYNIC2C2ZMLOBBXWLEV04QIJPT4,live,2018-04-30 12:57:22.381306,1.8,0,approved
104,2018-04-30 13:50:36.830934,,,,,,f,,participant,104,3P59JYT76MD6HYLZZ1QB62OWJBT2TK,104:3P59JYT76MD6HYLZZ1QB62OWJBT2TK,3LVTFB9DE5BGHS3KRAC3FHBP5KYGQE,live,2018-04-30 13:57:20.515433,1.8,0,approved
105,2018-04-30 14:08:58.746306,,,,,,f,,participant,105,36DSNE9QZ6RQA2EZA5A4B94QME0OJ9,105:36DSNE9QZ6RQA2EZA5A4B94QME0OJ9,3X2YVV51PUXOXA93L0Q60JP5RWWW1Y,live,2018-04-30 14:15:31.375584,1.8,0,approved
107,2018-04-30 16:24:26.414372,,,,,,f,,participant,107,3Z4GS9HPNW3Q51LYSA45XXDM5U2777,107:3Z4GS9HPNW3Q51LYSA45XXDM5U2777,3RIHDBQ1NER3W903JNN4J83LAJFHMS,live,2018-04-30 16:55:05.585267,1.8,0,approved
108,2018-04-30 17:18:41.688761,,,,,,f,,participant,108,3FE7TXL1LJGTPIT7IXWG1XD9Z4A2QM,108:3FE7TXL1LJGTPIT7IXWG1XD9Z4A2QM,3QI9WAYOGQ4QXFTR71SMYQD1TUJS6G,live,2018-04-30 17:27:23.243589,1.8,0,approved
109,2018-04-30 17:46:28.634024,,,,,,f,,participant,109,3C2NJ6JBKBA8MLGF254ZX3I4UTQ2N2,109:3C2NJ6JBKBA8MLGF254ZX3I4UTQ2N2,3LB1BGHFL2PTVZGC2KS4RMTGUNQYTB,live,2018-04-30 17:47:08.128126,,,returned
110,2018-04-30 17:54:00.383983,,,,,,f,,participant,110,3C2NJ6JBKBA8MLGF254ZX3I4UTQ2N2,110:3C2NJ6JBKBA8MLGF254ZX3I4UTQ2N2,3LB1BGHFL2PTVZGC2KS4RMTGUNQYTB,live,2018-04-30 18:07:20.540595,1.8,0,approved
111,2018-04-30 18:07:46.571052,,,,,,f,,participant,111,3OS4RQUCRA8QM63UNAEXQRCZM8LBFA,111:3OS4RQUCRA8QM63UNAEXQRCZM8LBFA,3HA5ODM5KALBC58S890UAIT0ANBSV8,live,2018-04-30 18:18:36.228386,1.8,0,approved
122,2018-05-01 01:07:17.644978,,,,,,f,,participant,122,3F6KKYWMNCUVPVEVZUOGTM98RLJDNS,122:3F6KKYWMNCUVPVEVZUOGTM98RLJDNS,3XEIP58NL0G5HCICPXSWJ2S164GZL8,live,2018-05-01 01:16:19.370453,1.8,0,approved
112,2018-04-30 18:19:50.19854,,,,,,f,,participant,112,3VFJCI1K40SJGDGEUR658RHF59PGRS,112:3VFJCI1K40SJGDGEUR658RHF59PGRS,3XDSWAMB22L30GNFPOGKPQQA7SAQCI,live,2018-04-30 18:26:27.184883,1.8,0,approved
123,2018-05-01 01:17:00.506058,,,,,,f,,participant,123,3UN61F00HXIL0GRUDVNE4UQQF1B5R1,123:3UN61F00HXIL0GRUDVNE4UQQF1B5R1,37VE3DA4YUA7DIW6SYXV5SSRYKMBH8,live,2018-05-01 01:27:12.652979,1.8,0,approved
124,2018-05-01 02:26:11.283656,,,,,,f,,participant,124,323Q6SJS8J90DJ6GN2OTC2FXHMSFHY,124:323Q6SJS8J90DJ6GN2OTC2FXHMSFHY,3MJ9GGZYO3ZYFIOW3ZUSND2JRJKA2V,live,2018-05-01 02:39:00.012079,1.8,0,approved
114,2018-04-30 19:38:20.873418,,,,,,f,,participant,114,3RRCEFRB7N5GOQ653TIEZNF8XJKB4W,114:3RRCEFRB7N5GOQ653TIEZNF8XJKB4W,3XAOZ9UYRZKJDDDH9RR08U7J3VKQ1T,live,2018-04-30 19:46:54.505,1.8,0,approved
125,2018-05-01 02:44:45.57031,,,,,,f,,participant,125,3JNQLM5FT5FIYLDUQSOKKBEFPZZ2LB,125:3JNQLM5FT5FIYLDUQSOKKBEFPZZ2LB,3P0I4CQYVY09T2G4R2OHCF2DK7JWOY,live,2018-05-01 02:53:45.249115,1.8,0,approved
126,2018-05-01 03:03:34.532193,,,,,,f,,participant,126,3VJ40NV2QJGKO5A4MZO8DFRZKHHTOB,126:3VJ40NV2QJGKO5A4MZO8DFRZKHHTOB,3M0556243SDP0VUX0YE4T2G8ZUONFC,live,2018-05-01 03:06:37.463803,1.8,0,approved
115,2018-04-30 19:49:45.331879,,,,,,f,,participant,115,3UXUOQ9OKFQ8O3JWZDGP7OFC63RA7M,115:3UXUOQ9OKFQ8O3JWZDGP7OFC63RA7M,3DW3BNF1GHBTTLTJUBUPTRTZYT6V8D,live,2018-04-30 20:07:38.377985,1.8,0,approved
127,2018-05-01 03:09:37.124634,,,,,,f,,participant,127,3F1567XTNXY4P2E636BVBKLN5BX9Q0,127:3F1567XTNXY4P2E636BVBKLN5BX9Q0,3RDTX9JRTYURW0BXH5XNN987WHP79U,live,2018-05-01 03:10:52.379572,,,returned
116,2018-04-30 20:10:39.109276,,,,,,f,,participant,116,3QUO65DNQVHZOIPTM4EIIBD13VVOU4,116:3QUO65DNQVHZOIPTM4EIIBD13VVOU4,3D0LPO3EABSDI7B46365XCNTVFCYOS,live,2018-04-30 20:20:49.258021,1.8,0,approved
128,2018-05-01 03:13:45.094859,,,,,,f,,participant,128,3F1567XTNXY4P2E636BVBKLN5BX9Q0,128:3F1567XTNXY4P2E636BVBKLN5BX9Q0,3RDTX9JRTYURW0BXH5XNN987WHP79U,live,2018-05-01 03:33:04.960343,1.8,0,approved
117,2018-04-30 20:36:13.965061,,,,,,f,,participant,117,3QUO65DNQVHZOIPTM4EIIBD13VWOU5,117:3QUO65DNQVHZOIPTM4EIIBD13VWOU5,33QQ60S6ASBBYHZGUH754QLY1OLU00,live,2018-04-30 20:39:35.951648,1.8,0,approved
118,2018-04-30 22:50:11.563385,,,,,,f,,participant,118,3GFK2QRXXAAQ8C8GCPXKRTY77G65WK,118:3GFK2QRXXAAQ8C8GCPXKRTY77G65WK,3087LXLJ6M9MFZ2QZSC6IQKVR170F8,live,2018-04-30 23:02:43.857378,,,abandoned
130,2018-05-01 03:53:04.423549,,,,,,f,,participant,130,3XCC1ODXDM4AT2ASXNBH25LHBY5QR8,130:3XCC1ODXDM4AT2ASXNBH25LHBY5QR8,3PA41K45VNXCONR4YUTK9Z8M1LAP7A,live,2018-05-01 03:58:36.720256,1.8,0,approved
131,2018-05-01 04:21:23.941955,,,,,,f,,participant,131,39KFRKBFIOOG5R9YW5B7LWJEZK2YOA,131:39KFRKBFIOOG5R9YW5B7LWJEZK2YOA,35A1YQPVFE95KXQHX6O32ITEO28I52,live,2018-05-01 04:22:42.658663,,,returned
119,2018-04-30 23:13:12.639526,,,,,,f,,participant,119,3HWRJOOET6VXXEK03LGMYY1ZEWNEST,119:3HWRJOOET6VXXEK03LGMYY1ZEWNEST,3087LXLJ6M9MFZ2QZSC6IQKVR170F8,live,2018-04-30 23:22:10.121045,1.8,0,approved
132,2018-05-01 04:24:47.04476,,,,,,f,,participant,132,39KFRKBFIOOG5R9YW5B7LWJEZK2YOA,132:39KFRKBFIOOG5R9YW5B7LWJEZK2YOA,35A1YQPVFE95KXQHX6O32ITEO28I52,live,2018-05-01 04:36:28.279051,1.8,0,approved
120,2018-04-30 23:23:14.026401,,,,,,f,,participant,120,3BV8HQ2ZZXUPK35RG3BX1AFGBST6A5,120:3BV8HQ2ZZXUPK35RG3BX1AFGBST6A5,3NQUW096N61QBL0ZLZYX6EQ8R1R9L2,live,2018-04-30 23:31:09.67139,1.8,0,approved
133,2018-05-01 05:15:55.488716,,,,,,f,,participant,133,3KGTPGBS6YELHB0OZ6GLBYAY2R12UG,133:3KGTPGBS6YELHB0OZ6GLBYAY2R12UG,375VMB7D4JC0OA5ACC6M0UH61KXDIY,live,2018-05-01 05:16:31.539223,,,returned
121,2018-05-01 00:55:22.635868,,,,,,f,,participant,121,3X4MXAO0BHHFDZ6E9WANUU33ZYDWR7,121:3X4MXAO0BHHFDZ6E9WANUU33ZYDWR7,3ZUE82NE0AU4XO7TUWPLB5QDAZN8F7,live,2018-05-01 01:02:33.74524,1.8,0,approved
135,2018-05-01 06:55:36.379738,,,,,,f,,participant,135,3OXV7EAXLFJP0I667OWNE21A5JB36I,135:3OXV7EAXLFJP0I667OWNE21A5JB36I,375VMB7D4JC0OA5ACC6M0UH61KXDIY,live,2018-05-01 07:00:28.39208,1.8,0,approved
136,2018-05-01 07:24:28.202132,,,,,,f,,participant,136,3JNQLM5FT5FIYLDUQSOKKBEFP14L23,136:3JNQLM5FT5FIYLDUQSOKKBEFP14L23,3OCZWXS7ZO07AYYNI9LGUYL657V5LY,live,2018-05-01 07:28:38.65033,1.8,0,approved
139,2018-05-01 08:39:48.341683,,,,,,f,,participant,139,3RXPCZQMQQ4VN8HXWXRQ20Z21EIG1P,139:3RXPCZQMQQ4VN8HXWXRQ20Z21EIG1P,30IRMPJWDZCLVFE3UGMIIZDN8PGRKW,live,2018-05-01 08:46:05.245067,1.8,0,approved
138,2018-05-01 08:33:46.73804,,,,,,f,,participant,138,34X6J5FLPURTVERFPI280EZQ1IEJQE,138:34X6J5FLPURTVERFPI280EZQ1IEJQE,3A9LA2FRWS7EQLZ7XUPDUPJJHPWHXD,live,2018-05-01 08:38:22.490794,1.8,0,approved
141,2018-05-01 10:37:26.991288,,,,,,f,,participant,141,3J4Q2Z4UTZWF1YREWHLNP4TY3EGWQF,141:3J4Q2Z4UTZWF1YREWHLNP4TY3EGWQF,3OPLMF3EU5GB0N4TM9H2OFLSWSWNL7,live,2018-05-01 10:45:43.665694,1.8,0,approved
140,2018-05-01 08:56:47.725984,,,,,,f,,participant,140,3JAOYWH7VJXTY5YTB13ZUYMTV7VL9C,140:3JAOYWH7VJXTY5YTB13ZUYMTV7VL9C,3P7RGTLO6E6TWYSMS50WN9OD8LSKAH,live,2018-05-01 09:02:29.337727,1.8,0,approved
143,2018-05-01 13:17:33.495343,,,,,,f,,participant,143,3LEP4MGT3HTTOMPYW4J72R9EA0EBDI,143:3LEP4MGT3HTTOMPYW4J72R9EA0EBDI,3ATYLI1PRTVNNIG5K352NP85IDZOJO,live,2018-05-01 13:18:32.262535,,,returned
142,2018-05-01 13:01:49.55374,,,,,,f,,participant,142,3DY46V3X3QBWVTTWGOAB1TLUNMX554,142:3DY46V3X3QBWVTTWGOAB1TLUNMX554,307L9TDWJYLUKJE4G3D2STRBW66N3U,live,2018-05-01 13:13:31.203138,1.8,0,approved
144,2018-05-01 13:33:46.634024,,,,,,f,,participant,144,3LEP4MGT3HTTOMPYW4J72R9EA0EBDI,144:3LEP4MGT3HTTOMPYW4J72R9EA0EBDI,3ATYLI1PRTVNNIG5K352NP85IDZOJO,live,2018-05-01 13:40:43.28833,1.8,0,approved
145,2018-05-01 14:44:33.466667,,,,,,f,,participant,145,3V5Q80FXIYK1IHN5KMKKOPKYPHR32P,145:3V5Q80FXIYK1IHN5KMKKOPKYPHR32P,3U74KRR67MEZJ0CYVIJTA6V9Q5LTNJ,live,2018-05-01 14:51:57.83722,1.8,0,approved
146,2018-05-01 15:33:27.61161,,,,,,f,,participant,146,3SBEHTYCWOW695YVYAY21ZNSNEOIYQ,146:3SBEHTYCWOW695YVYAY21ZNSNEOIYQ,3SBNLSTU6UYMJ0UKCGU80PKWXX6ZDO,live,2018-05-01 15:41:51.285782,1.8,0,approved
147,2018-05-01 15:44:32.668512,,,,,,f,,participant,147,3FFJ6VRIL2H9CA2AQ2NT97T8B1KI00,147:3FFJ6VRIL2H9CA2AQ2NT97T8B1KI00,3H4IKZHALBB1ON7EYMXH17PH1N1NNE,live,2018-05-01 15:52:55.635657,1.8,0,approved
148,2018-05-01 15:54:17.569495,,,,,,f,,participant,148,3R2UR8A0IB9R5MJOR9P52IC5XH6OXY,148:3R2UR8A0IB9R5MJOR9P52IC5XH6OXY,3Q2T3FD0ON1O21T442Y2FE2BRG0M3X,live,2018-05-01 15:59:48.700944,1.8,0,approved
149,2018-05-01 16:00:59.4341,,,,,,f,,participant,149,3MYYFCXHJ40CF7EGJFAS0Y65D1C4GG,149:3MYYFCXHJ40CF7EGJFAS0Y65D1C4GG,3ZTE0JGGCEL0F4AZABOG0LVASTSOCC,live,2018-05-01 16:08:16.37089,1.8,0,approved
244,2018-05-04 02:30:04.045435,,,,,,f,,participant,244,3VFJCI1K40SJGDGEUR658RHF5PCGRB,244:3VFJCI1K40SJGDGEUR658RHF5PCGRB,307L9TDWJYLUKJE4G3D2STRBW8W3N4,live,2018-05-04 02:44:29.551736,1.8,0,approved
161,2018-05-02 00:01:28.594382,,,,,,f,,participant,161,32SVAV9L3G2QNKI9X1DZU73W193A3V,161:32SVAV9L3G2QNKI9X1DZU73W193A3V,3TX9T2ZCB9ULS6UBTBZYSD9H4ECWZW,live,2018-05-02 00:11:29.182014,1.8,0,approved
151,2018-05-01 17:00:50.814216,,,,,,f,,participant,151,3BXQMRHWK0RBOF4H9OZ5Q7OW80DMUU,151:3BXQMRHWK0RBOF4H9OZ5Q7OW80DMUU,3421H3BM9AAKGVCZIEMKQZDGNEFJ97,live,2018-05-01 17:03:45.323056,1.8,0,approved
162,2018-05-02 00:24:03.397203,,,,,,f,,participant,162,30ZX6P7VF9OC3VPUN7C74W1NLI5J2H,162:30ZX6P7VF9OC3VPUN7C74W1NLI5J2H,3ZVPAMTJWNWGTTIK4P13K7LU198RG4,live,2018-05-02 00:31:06.668368,1.8,0,approved
152,2018-05-01 17:29:42.462561,,,,,,f,,participant,152,30LB5CDZND3V70RKQ6BF92WY7F6Z00,152:30LB5CDZND3V70RKQ6BF92WY7F6Z00,3QMELQS6Y54EW0TESCSH8G857U2R6X,live,2018-05-01 17:34:42.634638,1.8,0,approved
163,2018-05-02 00:35:35.514138,,,,,,f,,participant,163,32SCWG5HIIXW77BT5MTUR54BAMGP67,163:32SCWG5HIIXW77BT5MTUR54BAMGP67,3OPLMF3EU5GB0N4TM9H2OFLSWT5NLI,live,2018-05-02 00:45:59.87527,1.8,0,approved
153,2018-05-01 17:48:34.193565,,,,,,f,,participant,153,3DY46V3X3QBWVTTWGOAB1TLUNOJ55U,153:3DY46V3X3QBWVTTWGOAB1TLUNOJ55U,3TCFMTM8HEH2LUBW7G1ZCC9GNRE213,live,2018-05-01 17:55:52.42595,1.8,0,approved
164,2018-05-02 01:24:50.602695,,,,,,f,,participant,164,37U1UTWH9WF4NYAWBTUHGE0HHZX8R7,164:37U1UTWH9WF4NYAWBTUHGE0HHZX8R7,3T8DUCXY0NZEUY84U80OS50PLHAT9S,live,2018-05-02 01:30:29.726535,1.8,0,approved
155,2018-05-01 18:54:03.759282,,,,,,f,,participant,155,3AZHRG4CU5DUM7KR5ZG651RJSKO03L,155:3AZHRG4CU5DUM7KR5ZG651RJSKO03L,3NOEP8XAU4V632XVG7XI3YLA3GKXPC,live,2018-05-01 19:12:35.044081,1.8,0,approved
165,2018-05-02 01:32:21.295783,,,,,,f,,participant,165,30H4UDGLT3BYWAWLS20BG11X0M3MPM,165:30H4UDGLT3BYWAWLS20BG11X0M3MPM,3L2OEKSTW93AXFOOZMH90QXTGDBY8Y,live,2018-05-02 01:42:52.457223,1.8,0,approved
157,2018-05-01 20:04:55.745688,,,,,,f,,participant,157,3QRYMNZ7FZA26KASLKOVYQRUUDYNTO,157:3QRYMNZ7FZA26KASLKOVYQRUUDYNTO,3WRKFXQBOB03ML0188T0DFR7J8VYIJ,live,2018-05-01 20:12:17.499884,1.8,0,approved
166,2018-05-02 01:49:45.963478,,,,,,f,,participant,166,3NQL1CS15S1BVBIVXHXLGODMVKJYVA,166:3NQL1CS15S1BVBIVXHXLGODMVKJYVA,3K3G488TR21I1VE0AETCBKK0FEU5Q1,live,2018-05-02 02:03:25.045143,1.8,0,approved
167,2018-05-02 02:27:11.420697,,,,,,f,,participant,167,3DUZQ9U6SNHEZP6MYB5WY2PLEZOVSU,167:3DUZQ9U6SNHEZP6MYB5WY2PLEZOVSU,3OQQD2WO8IZ26I3DJN0ANLVUA8M3I6,live,2018-05-02 02:28:37.765653,,,returned
159,2018-05-01 21:34:19.850485,,,,,,f,,participant,159,379J5II41P9AT1PAJCJLMCN4M91LEM,159:379J5II41P9AT1PAJCJLMCN4M91LEM,36QZ6V15896BZQJS3JQPEWRHWINSU8,live,2018-05-01 21:41:04.507693,1.8,0,approved
168,2018-05-02 02:29:26.030012,,,,,,f,,participant,168,34J10VATJGRX037970H8ODKQO99QI5,168:34J10VATJGRX037970H8ODKQO99QI5,3OQQD2WO8IZ26I3DJN0ANLVUA8M3I6,live,2018-05-02 02:34:39.961411,1.8,0,approved
170,2018-05-02 06:07:28.565269,,,,,,f,,participant,170,3YT88D1N09RWZXRV9SQOOL6S6MD3KL,170:3YT88D1N09RWZXRV9SQOOL6S6MD3KL,389A2A304OBFCNIG8QM5AKZSURJ0C7,live,2018-05-02 06:21:19.696965,1.8,0,approved
169,2018-05-02 02:35:41.056814,,,,,,f,,participant,169,37UEWGM5HU1MCYQBC8L214D93T1R1G,169:37UEWGM5HU1MCYQBC8L214D93T1R1G,3XQ4XW3OD952FEAQKZGJ8DWPDSP2SN,live,2018-05-02 02:46:58.324428,1.8,0,approved
175,2018-05-02 09:30:12.560588,,,,,,f,,participant,175,38SKSKU7R2QM96RWFV9C7RLWE4UILI,175:38SKSKU7R2QM96RWFV9C7RLWE4UILI,3XWUWJ18TLJRE3BWSOLPTX95HGXUUH,live,2018-05-02 09:36:24.506447,1.8,0,approved
171,2018-05-02 06:23:07.192674,,,,,,f,,participant,171,3OB0CAO74II6DANBSSGH1NMDN65HY2,171:3OB0CAO74II6DANBSSGH1NMDN65HY2,3HJ1EVZS2OCFZH6W9AUJ1DWLX483RD,live,2018-05-02 06:29:28.16372,1.8,0,approved
173,2018-05-02 06:33:06.024434,,,,,,f,,participant,173,3HPZF4IVNNMFW2CV602GQWPXAE1CYP,173:3HPZF4IVNNMFW2CV602GQWPXAE1CYP,3CO05SML7VYJIP7ZQNC0ZFYEUSP0RG,live,2018-05-02 06:44:09.367213,1.8,0,approved
178,2018-05-02 12:20:59.039746,,,,,,f,,participant,178,3CN4LGXD5YHC1YZGDLWY7YD9I2E4Y0,178:3CN4LGXD5YHC1YZGDLWY7YD9I2E4Y0,3PKJ68EHDNPDV1UIGQAC3GB46S2HJC,live,2018-05-02 12:30:41.642367,1.8,0,approved
174,2018-05-02 07:47:32.915219,,,,,,f,,participant,174,3G5F9DBFOQQP9GS6NHTXUOIJ5PEVHI,174:3G5F9DBFOQQP9GS6NHTXUOIJ5PEVHI,3IVEC1GSLPS2RQ94E17RBTVXP31J1A,live,2018-05-02 07:56:08.017677,1.8,0,approved
176,2018-05-02 11:39:29.484874,,,,,,f,,participant,176,3CTOC39K38JJPWM0TJT20NIVW0SJ72,176:3CTOC39K38JJPWM0TJT20NIVW0SJ72,3MNJFORX8BXLA6ORWYIIZLGM8CQF5M,live,2018-05-02 11:47:49.250935,1.8,0,approved
177,2018-05-02 12:02:36.49872,,,,,,f,,participant,177,3P4RDNWND6ZGEG3WCAXZRC84AG4JIY,177:3P4RDNWND6ZGEG3WCAXZRC84AG4JIY,3KTCJ4SCVGUSSYFPHYKJRLNETX11M1,live,2018-05-02 12:08:45.121216,1.8,0,approved
179,2018-05-02 12:47:17.676554,,,,,,f,,participant,179,3DY46V3X3QBWVTTWGOAB1TLUNT655R,179:3DY46V3X3QBWVTTWGOAB1TLUNT655R,3OKP4QVBP2QOUCW32EFHPHWK15VGAW,live,2018-05-02 12:56:15.772887,1.8,0,approved
180,2018-05-02 12:57:13.410574,,,,,,f,,participant,180,35K3O9HUAC6OT9FEX1GNRZIKPGKFEM,180:35K3O9HUAC6OT9FEX1GNRZIKPGKFEM,35ZRNT9RUIRC24EGHIDF7IRGMHV3OB,live,2018-05-02 13:01:51.477771,1.8,0,approved
181,2018-05-02 13:18:18.684706,,,,,,f,,participant,181,3R3YRB5GRGWAMEVSCL90HGTWEO1UA5,181:3R3YRB5GRGWAMEVSCL90HGTWEO1UA5,3NRZ1LDP7WZV8XXAHPL30J1LBHPZPK,live,2018-05-02 13:24:18.929415,1.8,0,approved
182,2018-05-02 13:41:34.323026,,,,,,f,,participant,182,39OWYR0EPLKMZEW5X2SHY2A07SRYFM,182:39OWYR0EPLKMZEW5X2SHY2A07SRYFM,3J9UN9O9J3L2K1OMII3RXOCNKB20JV,live,2018-05-02 13:49:55.691473,1.8,0,approved
183,2018-05-02 13:51:24.14574,,,,,,f,,participant,183,3L4PIM1GQU9J241EOXSBFROJAG4RYC,183:3L4PIM1GQU9J241EOXSBFROJAG4RYC,3CVBMEMMXB9KB6TGFHLF0Q6VFX4H77,live,2018-05-02 13:54:43.521374,1.8,0,approved
184,2018-05-02 14:21:41.825,,,,,,f,,participant,184,3S0TNUHWKUBAMORRTSZXBPJD20B8DA,184:3S0TNUHWKUBAMORRTSZXBPJD20B8DA,36AZSFEYZ4TCVJRQXNEZKTJ0626BVD,live,2018-05-02 14:22:43.769624,,,returned
186,2018-05-02 14:49:11.451069,,,,,,f,,participant,186,3RANCT1ZVGAF5O0KIZ9WCRD2W6TUB7,186:3RANCT1ZVGAF5O0KIZ9WCRD2W6TUB7,36AZSFEYZ4TCVJRQXNEZKTJ0626BVD,live,2018-05-02 15:00:20.958344,1.8,0,approved
187,2018-05-02 15:24:39.528589,,,,,,f,,participant,187,3QJOXOW4XKKUZJ7VJOK0MP2TMH6MEA,187:3QJOXOW4XKKUZJ7VJOK0MP2TMH6MEA,3V8JSVE8YYJR6GYFCP39S0TFRGMEYQ,live,2018-05-02 15:28:21.975936,1.8,0,approved
188,2018-05-02 15:31:26.04316,,,,,,f,,participant,188,386CSBG1O0FH7JC85Z8JRAULFKI6QZ,188:386CSBG1O0FH7JC85Z8JRAULFKI6QZ,36818Z1KV36N00KF7Z8X6N7BX0UA3M,live,2018-05-02 15:36:15.763411,1.8,0,approved
189,2018-05-02 15:36:34.033442,,,,,,f,,participant,189,3GNCZX450JGXU9NWVZA67A6X67MPAH,189:3GNCZX450JGXU9NWVZA67A6X67MPAH,3OKP4QVBP2QOUCW32EFHPHWK15ZAGU,live,2018-05-02 15:43:48.911476,1.8,0,approved
190,2018-05-02 16:49:37.178794,,,,,,f,,participant,190,37Z929RLGA1ZMX2XTG5HXK10HGKTSS,190:37Z929RLGA1ZMX2XTG5HXK10HGKTSS,3VADEH0UHCQY7LBWMXRV4Q4IO2TPS9,live,2018-05-02 16:57:12.201201,1.8,0,approved
201,2018-05-03 01:26:14.785528,,,,,,f,,participant,201,308XBLVESJXNPW83E5ER7GQIP9ABR9,201:308XBLVESJXNPW83E5ER7GQIP9ABR9,33N1S8XHHMESR5E8WNADZNJN82Y1ZZ,live,2018-05-03 01:31:30.386855,1.8,0,approved
191,2018-05-02 17:37:11.790123,,,,,,f,,participant,191,3W8CV64QJ3SRC9F3KGO126TMEZ5H92,191:3W8CV64QJ3SRC9F3KGO126TMEZ5H92,3UQVX1UPFSA2E5QEBXXZY7Q6I0J20D,live,2018-05-02 17:45:58.24481,1.8,0,approved
203,2018-05-03 01:34:16.545473,,,,,,f,,participant,203,3ZDAD0O1T267IEOWNQB4WSISWXXTXF,203:3ZDAD0O1T267IEOWNQB4WSISWXXTXF,3X7837UUADRXYCA1K7J86PMEXF36JJ,live,2018-05-03 01:46:30.604663,1.8,0,approved
247,2018-05-04 03:05:53.454809,,,,,,f,,participant,247,308Q0PEVB96R84QNQY6M2IU1EG09IB,247:308Q0PEVB96R84QNQY6M2IU1EG09IB,3S829FDFT2UXE5U5BY6N344LPZVXDG,live,2018-05-04 03:13:10.658842,1.8,0,approved
192,2018-05-02 18:11:41.019839,,,,,,f,,participant,192,32SCWG5HIIXW77BT5MTUR54BAP8P65,192:32SCWG5HIIXW77BT5MTUR54BAP8P65,3NFWQRSHVE7JQ3DBDU193I7BYLEGFF,live,2018-05-02 18:21:09.838893,1.8,0,approved
205,2018-05-03 02:02:43.604895,,,,,,f,,participant,205,30MVJZJNHN6N3FAT8GRMEJ91RSGJ9I,205:30MVJZJNHN6N3FAT8GRMEJ91RSGJ9I,37YYO3NWHDJZ6FDWK6FP5L1T3H5CC3,live,2018-05-03 02:10:58.490096,1.8,0,approved
193,2018-05-02 18:23:05.830935,,,,,,f,,participant,193,3UNH76FOCTYS5OOMJPWUTSU94UTMY9,193:3UNH76FOCTYS5OOMJPWUTSU94UTMY9,3O0M2G5VC6VUDDTEF7ZGKXOX5IB49P,live,2018-05-02 18:27:38.879572,1.8,0,approved
206,2018-05-03 03:12:46.343764,,,,,,f,,participant,206,39DD6S19JQ4UYQ6EYDAUURY21NCZEW,206:39DD6S19JQ4UYQ6EYDAUURY21NCZEW,3MIVREZQVHRLJEZ3H1XID93IC5FKQT,live,2018-05-03 03:24:20.833585,1.8,0,approved
194,2018-05-02 19:52:48.830929,,,,,,f,,participant,194,3QRYMNZ7FZA26KASLKOVYQRUUINNTN,194:3QRYMNZ7FZA26KASLKOVYQRUUINNTN,3IWA71V4TI9YTWFQ1BY9XYUT8C86XV,live,2018-05-02 20:00:49.391733,1.8,0,approved
207,2018-05-03 03:26:43.609946,,,,,,f,,participant,207,3JCG6DTRV4JAH1VSK8MHXFBCFNGQQ6,207:3JCG6DTRV4JAH1VSK8MHXFBCFNGQQ6,3QGHA0EA0JTPA8RVNXJV6V2EDCNWBP,live,2018-05-03 03:38:30.511189,1.8,0,approved
195,2018-05-02 20:01:35.565224,,,,,,f,,participant,195,3DPNQGW4LM8AIEPA7216O7TGJTM463,195:3DPNQGW4LM8AIEPA7216O7TGJTM463,302OLP89DZ0BD0GY0SJYZQB53DCACP,live,2018-05-02 20:10:27.570594,1.8,0,approved
208,2018-05-03 03:55:10.246121,,,,,,f,,participant,208,39ZSFO5CA9PLN7YW6RMDAFWF4DVJUE,208:39ZSFO5CA9PLN7YW6RMDAFWF4DVJUE,3511RHPADV7WFLWLFGYJXZQ2XRNLRZ,live,2018-05-03 04:03:14.75767,1.8,0,approved
197,2018-05-02 20:28:20.259133,,,,,,f,,participant,197,3T3IWE1XG7GN9HNK1CGC2KMZZTFTQL,197:3T3IWE1XG7GN9HNK1CGC2KMZZTFTQL,31MBOZ6PAOKS9J72XJ8O84RGXPBCL9,live,2018-05-02 20:34:53.783808,1.8,0,approved
209,2018-05-03 04:14:04.195315,,,,,,f,,participant,209,31Z0PCVWUL8D3ZI55D762T54U4P7T5,209:31Z0PCVWUL8D3ZI55D762T54U4P7T5,3WGZLY9VCHF7Z4TX3QUVN5NSYQY8DV,live,2018-05-03 04:28:16.221198,1.8,0,approved
198,2018-05-02 20:36:03.802264,,,,,,f,,participant,198,3M1CVSFP61YIULOBVCPV7FW7B4WQAZ,198:3M1CVSFP61YIULOBVCPV7FW7B4WQAZ,3LOJFQ4BOX8RU5VYCFRYDAWJTPIDK7,live,2018-05-02 20:41:18.235508,1.8,0,approved
212,2018-05-03 04:53:40.488101,,,,,,f,,participant,212,338JKRMM27S5HSP8CM21Y146KI5HA1,212:338JKRMM27S5HSP8CM21Y146KI5HA1,3087LXLJ6M9MFZ2QZSC6IQKVR530FC,live,2018-05-03 05:06:17.89718,1.8,0,approved
211,2018-05-03 04:34:17.463642,,,,,,f,,participant,211,3DZQRBDBSM8UNG43E1ZQF7X2NJU3SC,211:3DZQRBDBSM8UNG43E1ZQF7X2NJU3SC,33W1NHWFYHET0PQHY6UN5T2I0LTZTA,live,2018-05-03 04:36:15.111253,1.8,0,approved
199,2018-05-02 21:47:49.130436,,,,,,f,,participant,199,33SA9F9TRYNQ4V19NQQNVN4KKKNWEG,199:33SA9F9TRYNQ4V19NQQNVN4KKKNWEG,3AFT28WXLFVRS7WZ2LK2BOT55Z0IOY,live,2018-05-02 21:53:54.979377,1.8,0,approved
218,2018-05-03 06:56:31.399182,,,,,,f,,participant,218,3YZ8UPK3VUFYFTSQWZ5RNBJKET4UCT,218:3YZ8UPK3VUFYFTSQWZ5RNBJKET4UCT,32TZXEA1OLDCO8QJBUKN5R6E77241X,live,2018-05-03 07:07:06.391143,1.8,0,approved
213,2018-05-03 05:22:10.949977,,,,,,f,,participant,213,30MVJZJNHN6N3FAT8GRMEJ91RSV9JN,213:30MVJZJNHN6N3FAT8GRMEJ91RSV9JN,3SX4X51T802CMPD1QXSPUQ5MSS6AOZ,live,2018-05-03 05:34:59.472545,1.8,0,approved
214,2018-05-03 06:38:00.387628,,,,,,f,,participant,214,33PPUNGG39YJ7UBJKJUUTYXLGCLRZK,214:33PPUNGG39YJ7UBJKJUUTYXLGCLRZK,3L21G7IH47PSMF43018ULGAL28Z1YD,live,2018-05-03 06:39:23.546824,,,returned
216,2018-05-03 06:46:16.443449,,,,,,f,,participant,216,3YOH7BII0A0GB6TET2WU7GYBX9LKVK,216:3YOH7BII0A0GB6TET2WU7GYBX9LKVK,3L21G7IH47PSMF43018ULGAL28Z1YD,live,2018-05-03 06:54:20.190602,1.8,0,approved
219,2018-05-03 07:16:02.549599,,,,,,f,,participant,219,3I2PTA7R3UNO6YXX732K1TZ3GH8KQS,219:3I2PTA7R3UNO6YXX732K1TZ3GH8KQS,3D17ECOUOEOR6C7FBGF4VME8T76139,live,2018-05-03 07:24:03.400932,1.8,0,approved
220,2018-05-03 07:30:34.436326,,,,,,f,,participant,220,37ZHEEHM6XF84IKBQY1FKG1606W376,220:37ZHEEHM6XF84IKBQY1FKG1606W376,3V8JSVE8YYJR6GYFCP39S0TFRH5EYB,live,2018-05-03 07:33:34.21555,,,returned
221,2018-05-03 07:41:25.673181,,,,,,f,,participant,221,35K3O9HUAC6OT9FEX1GNRZIKPJ5FED,221:35K3O9HUAC6OT9FEX1GNRZIKPJ5FED,3V8JSVE8YYJR6GYFCP39S0TFRH5EYB,live,2018-05-03 07:45:07.164039,1.8,0,approved
222,2018-05-03 07:48:06.324863,,,,,,f,,participant,222,3JRJSWSMQIETDXZLD6FLQQTNMT1E34,222:3JRJSWSMQIETDXZLD6FLQQTNMT1E34,3NFWQRSHVE7JQ3DBDU193I7BYMUFGW,live,2018-05-03 07:58:17.907592,1.8,0,approved
223,2018-05-03 10:33:06.991372,,,,,,f,,participant,223,3HHRAGRYX9Y14Q1QOTJRMFQNQNM9OP,223:3HHRAGRYX9Y14Q1QOTJRMFQNQNM9OP,3WGCNLZJKF1PO49C45LG8V0KKKVD1J,live,2018-05-03 10:43:56.822188,1.8,0,approved
224,2018-05-03 11:45:12.966654,,,,,,f,,participant,224,32XVDSJFP0Q243VFQ4PZKOT4PH3M21,224:32XVDSJFP0Q243VFQ4PZKOT4PH3M21,3P7QK0GJ3TEZGQW4FRAR46TS08M2ZR,live,2018-05-03 11:53:09.727359,1.8,0,approved
227,2018-05-03 12:07:57.057776,,,,,,f,,participant,227,32Z9ZLUT1MDUJWJ9M57JZWOB902OH2,227:32Z9ZLUT1MDUJWJ9M57JZWOB902OH2,3X7837UUADRXYCA1K7J86PMEXFBJ64,live,2018-05-03 12:19:10.056742,1.8,0,approved
226,2018-05-03 11:59:58.262099,,,,,,f,,participant,226,3R0T90IZ1T5FABRVCUGAJWIT5M5GCX,226:3R0T90IZ1T5FABRVCUGAJWIT5M5GCX,3EGKVCRQFWLTZDMV2Y1JRSNUOKVYBY,live,2018-05-03 12:06:48.787017,1.8,0,approved
228,2018-05-03 12:22:01.856751,,,,,,f,,participant,228,3LJ7UR74RI6IPZV26JNNQIF2ELD4NJ,228:3LJ7UR74RI6IPZV26JNNQIF2ELD4NJ,3UDTAB6HH6SDEPBDW6CE8UYKO7E90Z,live,2018-05-03 12:28:59.661,1.8,0,approved
229,2018-05-03 13:09:00.74946,,,,,,f,,participant,229,3A1PQ49WVIA9N4C8G398N0B3GPV1HV,229:3A1PQ49WVIA9N4C8G398N0B3GPV1HV,33K3E8REWWOLXAYEUQV7HCQKE8GX8S,live,2018-05-03 13:13:58.207424,1.8,0,approved
230,2018-05-03 13:16:58.140165,,,,,,f,,participant,230,3L70J4KAZHFO5CK6QQJB7GP8SRADAO,230:3L70J4KAZHFO5CK6QQJB7GP8SRADAO,30QQTY5GMKDPGSZ0FGSEJ5VL96U7UO,live,2018-05-03 13:26:47.076335,1.8,0,approved
231,2018-05-03 15:43:08.208157,,,,,,f,,participant,231,3YOH7BII0A0GB6TET2WU7GYBXAGVKS,231:3YOH7BII0A0GB6TET2WU7GYBXAGVKS,36U4VBVNQO6ZYBJFOUQKOMMLAIOURA,live,2018-05-03 15:46:54.273756,1.8,0,approved
232,2018-05-03 16:02:59.396975,,,,,,f,,participant,232,35K3O9HUAC6OT9FEX1GNRZIKPJYFE6,232:35K3O9HUAC6OT9FEX1GNRZIKPJYFE6,3PIOQ99R7YFEJDRNVN93F2HB9L1NUH,live,2018-05-03 16:12:38.20569,1.8,0,approved
233,2018-05-03 16:40:27.692707,,,,,,f,,participant,233,3DQQ64TANHEU1MQZW46YPZ3OYTSWP8,233:3DQQ64TANHEU1MQZW46YPZ3OYTSWP8,3OPLMF3EU5GB0N4TM9H2OFLSWU8LNL,live,2018-05-03 16:54:20.53105,1.8,0,approved
245,2018-05-04 02:44:57.583336,,,,,,f,,participant,245,33JKGHPFYDNYTPK8CNNJCCW20E0MN2,245:33JKGHPFYDNYTPK8CNNJCCW20E0MN2,3RQVKZ7ZRKCGWGQYWWI8DM0TQFS27I,live,2018-05-04 02:52:37.968818,1.8,0,approved
248,2018-05-04 03:25:44.197931,,,,,,f,,participant,248,3GGAI1SQEWRF2LNHNXE5W12Q1ANMCL,248:3GGAI1SQEWRF2LNHNXE5W12Q1ANMCL,31HLTCK4BLO8M0Z1D96DL4AXMG3VGL,live,2018-05-04 03:30:39.256266,1.8,0,approved
252,2018-05-04 05:31:17.065093,,,,,,f,,participant,252,3ZSANO2JCG0P3SKWYW0SGGMZQC7SFO,252:3ZSANO2JCG0P3SKWYW0SGGMZQC7SFO,3EHIMLB7F7SOBKYZPMDLEQ2QQJK8HZ,live,2018-05-04 05:38:15.438817,1.8,0,approved
234,2018-05-03 17:39:27.329716,,,,,,f,,participant,234,3FK0YFF9P09URHNQS6A19P9SD8UVVL,234:3FK0YFF9P09URHNQS6A19P9SD8UVVL,3P4C70TRMRA5QVN7Z547YVCVVIOGLA,live,2018-05-03 17:45:12.826388,1.8,0,approved
246,2018-05-04 02:57:12.094423,,,,,,f,,participant,246,3WMINLGALCWE0KESQUO0NA7Q7TYACP,246:3WMINLGALCWE0KESQUO0NA7Q7TYACP,3JVP4ZJHDPL6PQ4G00IRLNXN7XII08,live,2018-05-04 03:04:36.827731,1.8,0,approved
235,2018-05-03 18:13:01.533683,,,,,,f,,participant,235,3HWRJOOET6VXXEK03LGMYY1ZEA1SED,235:3HWRJOOET6VXXEK03LGMYY1ZEA1SED,3HXK2V1N4K8ZP91ZPZM2JZDMPIY2G8,live,2018-05-03 18:17:39.114919,1.8,0,approved
243,2018-05-04 02:09:01.672234,,,,,,f,,participant,243,3HYA4D452SCWYT3Y4HLMPY9VSIWF2W,243:3HYA4D452SCWYT3Y4HLMPY9VSIWF2W,3TUOHPJXYHQWNBUWSTBDVST6WFZXWN,live,2018-05-04 02:16:51.648053,1.8,0,approved
236,2018-05-03 20:34:10.35454,,,,,,f,,participant,236,351SEKWQS1AP7DTVNT9GG7K8M95MDP,236:351SEKWQS1AP7DTVNT9GG7K8M95MDP,3D5G8J4N5AXCR5L7X95KKNPMCA0TVH,live,2018-05-03 20:43:14.196893,1.8,0,approved
249,2018-05-04 04:48:43.352127,,,,,,f,,participant,249,32KTQ2V7RE8D4NGEBD4EUB1IVPQM9A,249:32KTQ2V7RE8D4NGEBD4EUB1IVPQM9A,3H5TOKO3D9C7VURGH0W40NXVFI464J,live,2018-05-04 04:56:25.367367,1.8,0,approved
237,2018-05-03 20:54:48.001887,,,,,,f,,participant,237,3NC5L260MPFA50S3RFJJWBCYTM3FOB,237:3NC5L260MPFA50S3RFJJWBCYTM3FOB,33CLA8O0MI4AFTMPT5VL2MLI0VKRFJ,live,2018-05-03 21:02:08.251683,1.8,0,approved
238,2018-05-03 21:02:32.526264,,,,,,f,,participant,238,3S3AMIZX3VYCYRH4A4F2DBFWSV6DC3,238:3S3AMIZX3VYCYRH4A4F2DBFWSV6DC3,3NOEP8XAU4V632XVG7XI3YLA3ITXPP,live,2018-05-03 22:02:28.495557,,,abandoned
251,2018-05-04 05:18:42.873252,,,,,,f,,participant,251,3C6FJU71TRMBIWTVSRNGK2B3HKFUY0,251:3C6FJU71TRMBIWTVSRNGK2B3HKFUY0,3ZZAYRN1I6KH1LCAWXJ6PVVEGHGTOS,live,2018-05-04 05:26:18.670634,1.8,0,approved
239,2018-05-03 22:04:45.367124,,,,,,f,,participant,239,3S3AMIZX3VYCYRH4A4F2DBFWSV6DC3,239:3S3AMIZX3VYCYRH4A4F2DBFWSV6DC3,3NOEP8XAU4V632XVG7XI3YLA3ITXPP,live,2018-05-03 22:10:18.526399,1.8,0,approved
240,2018-05-03 23:06:37.908976,,,,,,f,,participant,240,3LOTDFNYA8SIA915I1ATD5PKWPCWFG,240:3LOTDFNYA8SIA915I1ATD5PKWPCWFG,33N1S8XHHMESR5E8WNADZNJN82MZ1L,live,2018-05-03 23:19:09.427298,1.8,0,approved
241,2018-05-03 23:21:05.833528,,,,,,f,,participant,241,39GAF6DQWSTE557SLSQC212CO6TV16,241:39GAF6DQWSTE557SLSQC212CO6TV16,3IKMEYR0LWO4RVXIFQ7HHR5FWZPK23,live,2018-05-03 23:27:57.978426,1.8,0,approved
242,2018-05-03 23:54:52.126647,,,,,,f,,participant,242,3HFNH7HEMI7J4C1EHCH5317A93YGQY,242:3HFNH7HEMI7J4C1EHCH5317A93YGQY,3OJX0UFJ0Z0TUBNTUDQYX1MR4WX9UH,live,2018-05-04 00:06:15.12617,1.8,0,approved
