id,creation_time,property1,property2,property3,property4,property5,failed,time_of_death,type,participant_id,number,question,response
1,2018-04-27 21:05:50.399864,,,,,,f,,question,1,1,time,12
2,2018-04-27 21:05:50.54966,,,,,,f,,question,1,2,multi-confusing,no
3,2018-04-27 21:05:50.720381,,,,,,f,,question,1,3,"",""
4,2018-04-27 21:05:50.854413,,,,,,f,,question,1,4,"",""
5,2018-04-27 21:51:59.942045,,,,,,f,,question,2,1,time,10
6,2018-04-27 21:51:59.991649,,,,,,f,,question,2,2,multi-confusing,That seemed real difficult. Because the things switched I didn't have much to base off my selection so it was kind of random. Took me a bit towards the end to decide how I wantd to do it. Sorry if my data is so screwy. Wasn't sure if my selections had some kind of meaning behind it.
7,2018-04-27 21:52:00.059749,,,,,,f,,question,2,3,"",""
8,2018-04-27 21:52:00.162624,,,,,,f,,question,2,4,"",""
9,2018-04-27 22:06:58.14082,,,,,,f,,question,3,1,time,5
10,2018-04-27 22:06:58.266934,,,,,,f,,question,3,2,multi-confusing,Not at all.
11,2018-04-27 22:06:58.343595,,,,,,f,,question,3,3,"",""
12,2018-04-27 22:06:58.414678,,,,,,f,,question,3,4,"",""
13,2018-04-27 22:55:50.989314,,,,,,f,,question,6,1,time,12
14,2018-04-27 22:55:51.398993,,,,,,f,,question,6,2,multi-confusing,Nothing
15,2018-04-27 22:55:51.771677,,,,,,f,,question,6,3,"",""
16,2018-04-27 22:55:52.120921,,,,,,f,,question,6,4,"",""
17,2018-04-27 23:02:02.519923,,,,,,f,,question,7,1,time,10
18,2018-04-27 23:02:02.657523,,,,,,f,,question,7,2,multi-confusing,I do not think so
19,2018-04-27 23:02:02.785255,,,,,,f,,question,7,3,"",""
20,2018-04-27 23:02:02.914053,,,,,,f,,question,7,4,"",""
21,2018-04-28 00:22:00.508266,,,,,,f,,question,8,1,time,12
22,2018-04-28 00:22:00.596472,,,,,,f,,question,8,2,multi-confusing,no
23,2018-04-28 00:22:00.694571,,,,,,f,,question,8,3,"",""
24,2018-04-28 00:22:00.779015,,,,,,f,,question,8,4,"",""
25,2018-04-28 00:28:51.923148,,,,,,f,,question,9,1,time,5
26,2018-04-28 00:28:52.062972,,,,,,f,,question,9,2,multi-confusing,No.
27,2018-04-28 00:28:52.133337,,,,,,f,,question,9,3,"",""
28,2018-04-28 00:28:52.206665,,,,,,f,,question,9,4,"",""
29,2018-04-28 00:48:05.173422,,,,,,f,,question,10,1,time,7
30,2018-04-28 00:48:05.225247,,,,,,f,,question,10,2,multi-confusing,It was hard being the first person to create a ship. While it made the experiment go faster because I had less data to analyze from other ships it also made it much harder to score points because I didn't have any other data about what parts were good and what were bad
31,2018-04-28 00:48:05.268115,,,,,,f,,question,10,3,"",""
32,2018-04-28 00:48:05.309526,,,,,,f,,question,10,4,"",""
33,2018-04-28 00:56:34.8255,,,,,,f,,question,12,1,time,5
34,2018-04-28 00:56:34.952317,,,,,,f,,question,12,2,multi-confusing,"I seemed to be playing alone, even though the experiment indicated otherwise."
35,2018-04-28 00:56:35.074513,,,,,,f,,question,12,3,"",""
36,2018-04-28 00:56:35.191701,,,,,,f,,question,12,4,"",""
37,2018-04-28 01:24:18.086613,,,,,,f,,question,13,1,time,0
38,2018-04-28 01:24:18.191368,,,,,,f,,question,13,2,multi-confusing,"No penalty for unused objects is what you stated, correct? Is there a penalty for using no objects at all?"
39,2018-04-28 01:24:18.285001,,,,,,f,,question,13,3,"",""
40,2018-04-28 01:24:18.392999,,,,,,f,,question,13,4,"",""
41,2018-04-28 02:03:42.412486,,,,,,f,,question,14,1,time,10
42,2018-04-28 02:03:42.498475,,,,,,f,,question,14,2,multi-confusing,Not at all! Thank you This was fun!
43,2018-04-28 02:03:42.57578,,,,,,f,,question,14,3,"",""
44,2018-04-28 02:03:42.663525,,,,,,f,,question,14,4,"",""
45,2018-04-28 04:01:27.583537,,,,,,f,,question,15,1,time,5
46,2018-04-28 04:01:27.663574,,,,,,f,,question,15,2,multi-confusing,I couldn't really understand which parts to use to win
47,2018-04-28 04:01:27.753071,,,,,,f,,question,15,3,"",""
48,2018-04-28 04:01:27.836233,,,,,,f,,question,15,4,"",""
49,2018-04-28 04:48:17.997325,,,,,,f,,question,16,1,time,5
50,2018-04-28 04:48:18.065751,,,,,,f,,question,16,2,multi-confusing,No
51,2018-04-28 04:48:18.136891,,,,,,f,,question,16,3,"",""
52,2018-04-28 04:48:18.198493,,,,,,f,,question,16,4,"",""
53,2018-04-28 05:05:42.166151,,,,,,f,,question,17,1,time,5
54,2018-04-28 05:05:42.313461,,,,,,f,,question,17,2,multi-confusing,No
55,2018-04-28 05:05:42.431646,,,,,,f,,question,17,3,"",""
56,2018-04-28 05:05:42.531579,,,,,,f,,question,17,4,"",""
57,2018-04-28 05:13:21.043633,,,,,,f,,question,18,1,time,0
58,2018-04-28 05:13:21.34762,,,,,,f,,question,18,2,multi-confusing,no
59,2018-04-28 05:13:21.697052,,,,,,f,,question,18,3,"",""
60,2018-04-28 05:13:21.995128,,,,,,f,,question,18,4,"",""
61,2018-04-28 05:25:29.80389,,,,,,f,,question,19,1,time,5
62,2018-04-28 05:25:30.329701,,,,,,f,,question,19,2,multi-confusing,None
63,2018-04-28 05:25:30.600886,,,,,,f,,question,19,3,"",""
64,2018-04-28 05:25:30.882636,,,,,,f,,question,19,4,"",""
65,2018-04-28 05:59:10.050439,,,,,,f,,question,20,1,time,10
66,2018-04-28 05:59:10.105093,,,,,,f,,question,20,2,multi-confusing,No
67,2018-04-28 05:59:10.165537,,,,,,f,,question,20,3,"",""
68,2018-04-28 05:59:10.224519,,,,,,f,,question,20,4,"",""
69,2018-04-28 06:05:40.964867,,,,,,f,,question,21,1,time,5
70,2018-04-28 06:05:41.043268,,,,,,f,,question,21,2,multi-confusing,Little bit
71,2018-04-28 06:05:41.107854,,,,,,f,,question,21,3,"",""
72,2018-04-28 06:05:41.173987,,,,,,f,,question,21,4,"",""
73,2018-04-28 06:15:20.000265,,,,,,f,,question,22,1,time,10
74,2018-04-28 06:15:20.15003,,,,,,f,,question,22,2,multi-confusing,not really it seemed pretty random as far as the outcome 
75,2018-04-28 06:15:20.298637,,,,,,f,,question,22,3,"",""
76,2018-04-28 06:15:20.425839,,,,,,f,,question,22,4,"",""
77,2018-04-28 06:31:47.335618,,,,,,f,,question,23,1,time,7
78,2018-04-28 06:31:47.688111,,,,,,f,,question,23,2,multi-confusing,"random is always confusing. since I was first, there wasn't even that hint of previous ship parts available. picking different parts each time with no history and no way to change gives me little choice to improve. other than that perfect"
79,2018-04-28 06:31:47.792803,,,,,,f,,question,23,3,"",""
80,2018-04-28 06:31:47.894553,,,,,,f,,question,23,4,"",""
81,2018-04-28 10:05:04.821176,,,,,,f,,question,24,1,time,5
82,2018-04-28 10:05:04.885334,,,,,,f,,question,24,2,multi-confusing,"No, I was not confused but curious."
83,2018-04-28 10:05:04.938963,,,,,,f,,question,24,3,"",""
84,2018-04-28 10:05:04.991771,,,,,,f,,question,24,4,"",""
85,2018-04-28 12:40:12.10848,,,,,,f,,question,25,1,time,12
86,2018-04-28 12:40:12.233005,,,,,,f,,question,25,2,multi-confusing,I didn't understand why we did four flights per round when we were not able to change our parts. 
94,2018-04-28 13:07:23.189103,,,,,,f,,question,28,2,multi-confusing,no
98,2018-04-28 13:38:34.53235,,,,,,f,,question,30,2,multi-confusing,no
107,2018-04-28 18:39:47.764396,,,,,,f,,question,32,3,"",""
87,2018-04-28 12:40:12.389645,,,,,,f,,question,25,3,"",""
88,2018-04-28 12:40:12.514891,,,,,,f,,question,25,4,"",""
100,2018-04-28 13:38:34.648056,,,,,,f,,question,30,4,"",""
105,2018-04-28 18:39:47.599072,,,,,,f,,question,32,1,time,12
106,2018-04-28 18:39:47.679615,,,,,,f,,question,32,2,multi-confusing,"Most of it, actually.  The only feedback I got was seeing whether I had a reasonably small number of failures as I proceeded through my 'flights'."
89,2018-04-28 12:56:06.315541,,,,,,f,,question,26,1,time,12
90,2018-04-28 12:56:06.411905,,,,,,f,,question,26,2,multi-confusing,no
95,2018-04-28 13:07:23.529168,,,,,,f,,question,28,3,"",""
91,2018-04-28 12:56:06.517897,,,,,,f,,question,26,3,"",""
92,2018-04-28 12:56:06.625152,,,,,,f,,question,26,4,"",""
102,2018-04-28 15:49:53.609295,,,,,,f,,question,31,2,multi-confusing,""
103,2018-04-28 15:49:53.643421,,,,,,f,,question,31,3,"",""
104,2018-04-28 15:49:53.67694,,,,,,f,,question,31,4,"",""
93,2018-04-28 13:07:22.849567,,,,,,f,,question,28,1,time,12
96,2018-04-28 13:07:23.839079,,,,,,f,,question,28,4,"",""
101,2018-04-28 15:49:53.573009,,,,,,f,,question,31,1,time,7
97,2018-04-28 13:38:34.467162,,,,,,f,,question,30,1,time,12
99,2018-04-28 13:38:34.589423,,,,,,f,,question,30,3,"",""
108,2018-04-28 18:39:47.845336,,,,,,f,,question,32,4,"",""
109,2018-04-28 19:52:23.071235,,,,,,f,,question,33,1,time,5
110,2018-04-28 19:52:23.279936,,,,,,f,,question,33,2,multi-confusing,No
111,2018-04-28 19:52:23.509897,,,,,,f,,question,33,3,"",""
112,2018-04-28 19:52:23.749018,,,,,,f,,question,33,4,"",""
113,2018-04-28 20:15:31.292612,,,,,,f,,question,34,1,time,12
114,2018-04-28 20:15:31.368226,,,,,,f,,question,34,2,multi-confusing,Not at all. 
115,2018-04-28 20:15:31.43885,,,,,,f,,question,34,3,"",""
116,2018-04-28 20:15:31.513679,,,,,,f,,question,34,4,"",""
117,2018-04-28 21:37:47.2423,,,,,,f,,question,35,1,time,5
118,2018-04-28 21:37:47.67241,,,,,,f,,question,35,2,multi-confusing,NO
119,2018-04-28 21:37:48.271971,,,,,,f,,question,35,3,"",""
120,2018-04-28 21:37:48.343837,,,,,,f,,question,35,4,"",""
121,2018-04-28 21:56:58.880395,,,,,,f,,question,36,1,time,5
122,2018-04-28 21:56:59.005604,,,,,,f,,question,36,2,multi-confusing,no
123,2018-04-28 21:56:59.122431,,,,,,f,,question,36,3,"",""
124,2018-04-28 21:56:59.255235,,,,,,f,,question,36,4,"",""
125,2018-04-28 22:27:55.894646,,,,,,f,,question,40,1,time,12
126,2018-04-28 22:27:55.985248,,,,,,f,,question,40,2,multi-confusing,No
127,2018-04-28 22:27:56.073701,,,,,,f,,question,40,3,"",""
128,2018-04-28 22:27:56.154623,,,,,,f,,question,40,4,"",""
129,2018-04-28 22:42:39.389915,,,,,,f,,question,42,1,time,12
130,2018-04-28 22:42:39.462587,,,,,,f,,question,42,2,multi-confusing,""
131,2018-04-28 22:42:39.556003,,,,,,f,,question,42,3,"",""
132,2018-04-28 22:42:39.627229,,,,,,f,,question,42,4,"",""
133,2018-04-29 00:54:08.194887,,,,,,f,,question,44,1,time,7
134,2018-04-29 00:54:08.330281,,,,,,f,,question,44,2,multi-confusing,I didn't find anything confusing but felt I did better when I randomly chose parts rather than go by parts that didn't work before.
135,2018-04-29 00:54:08.445282,,,,,,f,,question,44,3,"",""
136,2018-04-29 00:54:08.567778,,,,,,f,,question,44,4,"",""
137,2018-04-29 02:55:01.503215,,,,,,f,,question,45,1,time,15
138,2018-04-29 02:55:01.564979,,,,,,f,,question,45,2,multi-confusing,no
139,2018-04-29 02:55:01.63307,,,,,,f,,question,45,3,"",""
140,2018-04-29 02:55:01.701254,,,,,,f,,question,45,4,"",""
141,2018-04-29 05:08:09.283656,,,,,,f,,question,46,1,time,10
142,2018-04-29 05:08:09.408025,,,,,,f,,question,46,2,multi-confusing,A little. Wasn't sure if you used no parts each time how that would effect the outcome vs 1 or all? Was interesting either way =) Thank you!
143,2018-04-29 05:08:09.520818,,,,,,f,,question,46,3,"",""
144,2018-04-29 05:08:09.619876,,,,,,f,,question,46,4,"",""
145,2018-04-29 06:36:42.175726,,,,,,f,,question,47,1,time,15
146,2018-04-29 06:36:42.42046,,,,,,f,,question,47,2,multi-confusing,Nothing. The instructions were easy to follow.
147,2018-04-29 06:36:42.664184,,,,,,f,,question,47,3,"",""
148,2018-04-29 06:36:42.927149,,,,,,f,,question,47,4,"",""
149,2018-04-29 08:17:24.071822,,,,,,f,,question,48,1,time,15
150,2018-04-29 08:17:24.491592,,,,,,f,,question,48,2,multi-confusing,none
151,2018-04-29 08:17:24.887119,,,,,,f,,question,48,3,"",""
152,2018-04-29 08:17:25.298138,,,,,,f,,question,48,4,"",""
153,2018-04-29 10:46:45.162659,,,,,,f,,question,49,1,time,12
154,2018-04-29 10:46:45.357915,,,,,,f,,question,49,2,multi-confusing,nothing.  good luck with your research
155,2018-04-29 10:46:45.495036,,,,,,f,,question,49,3,"",""
156,2018-04-29 10:46:45.584327,,,,,,f,,question,49,4,"",""
157,2018-04-29 11:03:34.483348,,,,,,f,,question,50,1,time,12
158,2018-04-29 11:03:34.60855,,,,,,f,,question,50,2,multi-confusing,No.
159,2018-04-29 11:03:34.988309,,,,,,f,,question,50,3,"",""
160,2018-04-29 11:03:35.100645,,,,,,f,,question,50,4,"",""
161,2018-04-29 11:16:44.102479,,,,,,f,,question,51,1,time,10
162,2018-04-29 11:16:44.182241,,,,,,f,,question,51,2,multi-confusing,no
163,2018-04-29 11:16:44.257559,,,,,,f,,question,51,3,"",""
164,2018-04-29 11:16:44.320124,,,,,,f,,question,51,4,"",""
165,2018-04-29 11:42:16.701367,,,,,,f,,question,52,1,time,10
166,2018-04-29 11:42:16.816873,,,,,,f,,question,52,2,multi-confusing,no
167,2018-04-29 11:42:16.912058,,,,,,f,,question,52,3,"",""
168,2018-04-29 11:42:17.022494,,,,,,f,,question,52,4,"",""
169,2018-04-29 11:55:37.714343,,,,,,f,,question,53,1,time,12
170,2018-04-29 11:55:37.799641,,,,,,f,,question,53,2,multi-confusing,no
171,2018-04-29 11:55:37.913877,,,,,,f,,question,53,3,"",""
172,2018-04-29 11:55:38.155655,,,,,,f,,question,53,4,"",""
173,2018-04-29 12:10:28.825435,,,,,,f,,question,54,1,time,5
174,2018-04-29 12:10:28.881529,,,,,,f,,question,54,2,multi-confusing,""
175,2018-04-29 12:10:28.934814,,,,,,f,,question,54,3,"",""
176,2018-04-29 12:10:29.017126,,,,,,f,,question,54,4,"",""
177,2018-04-29 12:22:08.829928,,,,,,f,,question,55,1,time,10
178,2018-04-29 12:22:08.956967,,,,,,f,,question,55,2,multi-confusing,No.
179,2018-04-29 12:22:09.078385,,,,,,f,,question,55,3,"",""
180,2018-04-29 12:22:09.188614,,,,,,f,,question,55,4,"",""
181,2018-04-29 12:38:36.732842,,,,,,f,,question,57,1,time,10
182,2018-04-29 12:38:36.850112,,,,,,f,,question,57,2,multi-confusing,"if failing parts don't hurt my score, why wouldn't I just always throw in all parts?  Maybe that's the thesis here."
183,2018-04-29 12:38:36.96706,,,,,,f,,question,57,3,"",""
184,2018-04-29 12:38:37.080869,,,,,,f,,question,57,4,"",""
185,2018-04-29 12:51:13.843103,,,,,,f,,question,58,1,time,12
186,2018-04-29 12:51:13.93882,,,,,,f,,question,58,2,multi-confusing,No
187,2018-04-29 12:51:14.030043,,,,,,f,,question,58,3,"",""
188,2018-04-29 12:51:14.109469,,,,,,f,,question,58,4,"",""
189,2018-04-29 13:00:47.561148,,,,,,f,,question,59,1,time,12
190,2018-04-29 13:00:47.64557,,,,,,f,,question,59,2,multi-confusing,""
191,2018-04-29 13:00:47.725086,,,,,,f,,question,59,3,"",""
192,2018-04-29 13:00:47.800583,,,,,,f,,question,59,4,"",""
193,2018-04-29 13:12:49.318957,,,,,,f,,question,60,1,time,12
194,2018-04-29 13:12:49.421886,,,,,,f,,question,60,2,multi-confusing,Nothing was confusing. 
195,2018-04-29 13:12:49.51922,,,,,,f,,question,60,3,"",""
196,2018-04-29 13:12:49.597474,,,,,,f,,question,60,4,"",""
197,2018-04-29 13:19:22.225055,,,,,,f,,question,61,1,time,5
198,2018-04-29 13:19:22.327522,,,,,,f,,question,61,2,multi-confusing,The randomness of the part success was confusing. I wouldn't determine a pattern!
199,2018-04-29 13:19:22.412617,,,,,,f,,question,61,3,"",""
219,2018-04-29 15:50:42.692789,,,,,,f,,question,66,3,"",""
223,2018-04-29 16:03:50.115447,,,,,,f,,question,67,3,"",""
234,2018-04-29 17:24:36.408111,,,,,,f,,question,70,1,time,15
200,2018-04-29 13:19:22.521227,,,,,,f,,question,61,4,"",""
201,2018-04-29 13:24:12.840832,,,,,,f,,question,62,1,time,0
221,2018-04-29 16:03:49.675847,,,,,,f,,question,67,1,time,15
230,2018-04-29 16:43:50.077842,,,,,,f,,question,69,1,time,10
202,2018-04-29 13:24:12.941101,,,,,,f,,question,62,2,multi-confusing,No
203,2018-04-29 13:24:13.070304,,,,,,f,,question,62,3,"",""
225,2018-04-29 16:33:53.109847,,,,,,f,,question,68,1,"","0 minutes, 23 seconds"
231,2018-04-29 16:43:50.183732,,,,,,f,,question,69,2,multi-confusing,No.
204,2018-04-29 13:24:13.184163,,,,,,f,,question,62,4,"",""
205,2018-04-29 13:41:55.4742,,,,,,f,,question,63,1,time,10
212,2018-04-29 14:36:59.060788,,,,,,f,,question,64,4,"",""
218,2018-04-29 15:50:42.576304,,,,,,f,,question,66,2,multi-confusing,No
222,2018-04-29 16:03:49.884468,,,,,,f,,question,67,2,multi-confusing,I enjoyed my participation. Thank you!!
206,2018-04-29 13:41:55.536911,,,,,,f,,question,63,2,multi-confusing,No
233,2018-04-29 16:43:50.476429,,,,,,f,,question,69,4,"",""
207,2018-04-29 13:41:55.614639,,,,,,f,,question,63,3,"",""
208,2018-04-29 13:41:55.704917,,,,,,f,,question,63,4,"",""
237,2018-04-29 17:24:36.754175,,,,,,f,,question,70,4,"",""
209,2018-04-29 14:36:58.785357,,,,,,f,,question,64,1,time,12
210,2018-04-29 14:36:58.861997,,,,,,f,,question,64,2,multi-confusing,I didn't understand at first that all 4 flights of design were fixed ... I tried to change things after the first one
211,2018-04-29 14:36:58.968146,,,,,,f,,question,64,3,"",""
213,2018-04-29 14:55:01.700259,,,,,,f,,question,65,1,time,12
215,2018-04-29 14:55:01.927525,,,,,,f,,question,65,3,"",""
227,2018-04-29 16:33:53.280112,,,,,,f,,question,68,3,multi-confusing,no
232,2018-04-29 16:43:50.293896,,,,,,f,,question,69,3,"",""
214,2018-04-29 14:55:01.80234,,,,,,f,,question,65,2,multi-confusing,no
216,2018-04-29 14:55:02.021898,,,,,,f,,question,65,4,"",""
217,2018-04-29 15:50:42.454112,,,,,,f,,question,66,1,time,5
235,2018-04-29 17:24:36.533918,,,,,,f,,question,70,2,multi-confusing,I did not. 
220,2018-04-29 15:50:42.789712,,,,,,f,,question,66,4,"",""
224,2018-04-29 16:03:50.348313,,,,,,f,,question,67,4,"",""
226,2018-04-29 16:33:53.198508,,,,,,f,,question,68,2,time,10
228,2018-04-29 16:33:53.388267,,,,,,f,,question,68,4,"",""
229,2018-04-29 16:33:53.491694,,,,,,f,,question,68,5,"",""
236,2018-04-29 17:24:36.640718,,,,,,f,,question,70,3,"",""
238,2018-04-29 21:42:15.67257,,,,,,f,,question,71,1,time,12
239,2018-04-29 21:42:16.102354,,,,,,f,,question,71,2,multi-confusing,""
240,2018-04-29 21:42:16.346186,,,,,,f,,question,71,3,"",""
241,2018-04-29 21:42:16.458373,,,,,,f,,question,71,4,"",""
242,2018-04-29 21:57:38.71965,,,,,,f,,question,72,1,time,12
243,2018-04-29 21:57:38.819254,,,,,,f,,question,72,2,multi-confusing,"I think I understood everything, maybe not though."
244,2018-04-29 21:57:39.261003,,,,,,f,,question,72,3,"",""
245,2018-04-29 21:57:39.633094,,,,,,f,,question,72,4,"",""
246,2018-04-29 22:17:04.950206,,,,,,f,,question,73,1,time,15
247,2018-04-29 22:17:05.035671,,,,,,f,,question,73,2,multi-confusing,NO
248,2018-04-29 22:17:05.12595,,,,,,f,,question,73,3,"",""
249,2018-04-29 22:17:05.193399,,,,,,f,,question,73,4,"",""
250,2018-04-29 22:46:25.275218,,,,,,f,,question,74,1,time,10
251,2018-04-29 22:46:25.38842,,,,,,f,,question,74,2,multi-confusing,no
252,2018-04-29 22:46:25.506063,,,,,,f,,question,74,3,"",""
253,2018-04-29 22:46:25.603597,,,,,,f,,question,74,4,"",""
254,2018-04-29 23:01:25.618016,,,,,,f,,question,76,1,time,12
255,2018-04-29 23:01:25.764891,,,,,,f,,question,76,2,multi-confusing,"I wouldn't say confusing, but it was difficult to make a decision because the parts changed each round."
256,2018-04-29 23:01:25.917855,,,,,,f,,question,76,3,"",""
257,2018-04-29 23:01:26.099835,,,,,,f,,question,76,4,"",""
258,2018-04-29 23:12:08.373093,,,,,,f,,question,77,1,time,7
259,2018-04-29 23:12:08.500421,,,,,,f,,question,77,2,multi-confusing,no
260,2018-04-29 23:12:08.706077,,,,,,f,,question,77,3,"",""
261,2018-04-29 23:12:08.908961,,,,,,f,,question,77,4,"",""
262,2018-04-29 23:53:52.32412,,,,,,f,,question,79,1,time,10
263,2018-04-29 23:53:52.446597,,,,,,f,,question,79,2,multi-confusing,"a little, but I tried hard"
264,2018-04-29 23:53:52.564096,,,,,,f,,question,79,3,"",""
265,2018-04-29 23:53:52.711264,,,,,,f,,question,79,4,"",""
266,2018-04-30 00:14:33.998767,,,,,,f,,question,81,1,time,10
267,2018-04-30 00:14:34.346213,,,,,,f,,question,81,2,multi-confusing,""
268,2018-04-30 00:14:34.430935,,,,,,f,,question,81,3,"",""
269,2018-04-30 00:14:34.5255,,,,,,f,,question,81,4,"",""
270,2018-04-30 00:53:06.266306,,,,,,f,,question,82,1,time,10
271,2018-04-30 00:53:06.347767,,,,,,f,,question,82,2,multi-confusing,""
272,2018-04-30 00:53:06.417799,,,,,,f,,question,82,3,"",""
273,2018-04-30 00:53:06.50655,,,,,,f,,question,82,4,"",""
274,2018-04-30 02:10:25.947119,,,,,,f,,question,83,1,time,15
275,2018-04-30 02:10:26.052706,,,,,,f,,question,83,2,multi-confusing,no
276,2018-04-30 02:10:26.178683,,,,,,f,,question,83,3,"",""
277,2018-04-30 02:10:26.315375,,,,,,f,,question,83,4,"",""
278,2018-04-30 02:27:37.725012,,,,,,f,,question,85,1,time,7
279,2018-04-30 02:27:37.870671,,,,,,f,,question,85,2,multi-confusing,nothing
280,2018-04-30 02:27:38.019594,,,,,,f,,question,85,3,"",""
281,2018-04-30 02:27:38.182718,,,,,,f,,question,85,4,"",""
282,2018-04-30 03:28:40.545764,,,,,,f,,question,88,1,time,15
283,2018-04-30 03:28:40.653727,,,,,,f,,question,88,2,multi-confusing,no
284,2018-04-30 03:28:40.755618,,,,,,f,,question,88,3,"",""
285,2018-04-30 03:28:40.844942,,,,,,f,,question,88,4,"",""
286,2018-04-30 03:34:22.840482,,,,,,f,,question,89,1,time,5
287,2018-04-30 03:34:22.996603,,,,,,f,,question,89,2,multi-confusing,No. 
288,2018-04-30 03:34:23.171626,,,,,,f,,question,89,3,"",""
289,2018-04-30 03:34:23.397093,,,,,,f,,question,89,4,"",""
290,2018-04-30 05:03:56.942988,,,,,,f,,question,90,1,time,5
291,2018-04-30 05:03:57.979811,,,,,,f,,question,90,2,multi-confusing,no
292,2018-04-30 05:03:58.133578,,,,,,f,,question,90,3,"",""
293,2018-04-30 05:03:58.345686,,,,,,f,,question,90,4,"",""
294,2018-04-30 05:23:56.90465,,,,,,f,,question,91,1,time,12
295,2018-04-30 05:23:57.039009,,,,,,f,,question,91,2,multi-confusing,N/A
296,2018-04-30 05:23:57.209486,,,,,,f,,question,91,3,"",""
297,2018-04-30 05:23:57.362823,,,,,,f,,question,91,4,"",""
298,2018-04-30 06:26:46.460955,,,,,,f,,question,93,1,time,12
299,2018-04-30 06:26:46.594613,,,,,,f,,question,93,2,multi-confusing,no
300,2018-04-30 06:26:46.718505,,,,,,f,,question,93,3,"",""
301,2018-04-30 06:26:46.845136,,,,,,f,,question,93,4,"",""
302,2018-04-30 06:49:47.070636,,,,,,f,,question,94,1,time,12
303,2018-04-30 06:49:47.132533,,,,,,f,,question,94,2,multi-confusing,"I hope I did this correctly, I was not sure of some of the parts that did not look like something you would use on a spacecraft"
304,2018-04-30 06:49:47.226164,,,,,,f,,question,94,3,"",""
305,2018-04-30 06:49:47.302733,,,,,,f,,question,94,4,"",""
306,2018-04-30 07:38:06.873406,,,,,,f,,question,95,1,time,7
307,2018-04-30 07:38:07.182899,,,,,,f,,question,95,2,multi-confusing,Yes a bit. Sometimes I didn't know which pats I have to assign on my ship
308,2018-04-30 07:38:07.533573,,,,,,f,,question,95,3,"",""
309,2018-04-30 07:38:07.842787,,,,,,f,,question,95,4,"",""
310,2018-04-30 07:38:08.529508,,,,,,f,,question,95,1,time,7
311,2018-04-30 07:38:08.869688,,,,,,f,,question,95,2,multi-confusing,Yes a bit. Sometimes I didn't know which pats I have to assign on my ship
312,2018-04-30 07:38:09.221647,,,,,,f,,question,95,3,"",""
313,2018-04-30 08:06:51.914836,,,,,,f,,question,96,1,time,10
314,2018-04-30 08:06:52.076247,,,,,,f,,question,96,2,multi-confusing,no
315,2018-04-30 08:06:52.22268,,,,,,f,,question,96,3,"",""
316,2018-04-30 08:06:52.369089,,,,,,f,,question,96,4,"",""
317,2018-04-30 08:21:31.280291,,,,,,f,,question,97,1,time,10
318,2018-04-30 08:21:31.444736,,,,,,f,,question,97,2,multi-confusing,no
319,2018-04-30 08:21:31.534467,,,,,,f,,question,97,3,"",""
320,2018-04-30 08:21:31.642349,,,,,,f,,question,97,4,"",""
321,2018-04-30 08:37:35.197297,,,,,,f,,question,98,1,time,12
322,2018-04-30 08:37:35.363073,,,,,,f,,question,98,2,multi-confusing,all good
323,2018-04-30 08:37:35.511552,,,,,,f,,question,98,3,"",""
324,2018-04-30 08:37:35.651202,,,,,,f,,question,98,4,"",""
325,2018-04-30 09:55:37.074011,,,,,,f,,question,100,1,time,15
326,2018-04-30 09:55:37.294044,,,,,,f,,question,100,2,multi-confusing,Somewhat especially at the beginning. But fun!
327,2018-04-30 09:55:37.462617,,,,,,f,,question,100,3,"",""
333,2018-04-30 11:43:53.994584,,,,,,f,,question,102,1,time,15
376,2018-04-30 20:07:25.343775,,,,,,f,,question,115,4,"",""
328,2018-04-30 09:55:37.614548,,,,,,f,,question,100,4,"",""
329,2018-04-30 10:08:21.06529,,,,,,f,,question,101,1,time,10
330,2018-04-30 10:08:21.172535,,,,,,f,,question,101,2,multi-confusing,No
331,2018-04-30 10:08:21.246295,,,,,,f,,question,101,3,"",""
332,2018-04-30 10:08:21.340156,,,,,,f,,question,101,4,"",""
339,2018-04-30 12:56:59.390193,,,,,,f,,question,103,3,"",""
342,2018-04-30 13:57:03.337214,,,,,,f,,question,104,2,multi-confusing,Everything was clear.
351,2018-04-30 16:54:39.327115,,,,,,f,,question,107,3,"",""
352,2018-04-30 16:54:39.410019,,,,,,f,,question,107,4,"",""
357,2018-04-30 18:06:51.255469,,,,,,f,,question,110,1,time,15
360,2018-04-30 18:06:51.972863,,,,,,f,,question,110,4,"",""
361,2018-04-30 18:18:08.576525,,,,,,f,,question,111,1,time,10
364,2018-04-30 18:18:08.79634,,,,,,f,,question,111,4,"",""
371,2018-04-30 19:46:40.671457,,,,,,f,,question,114,3,"",""
378,2018-04-30 20:17:04.379138,,,,,,f,,question,116,2,multi-confusing,no
380,2018-04-30 20:17:04.606073,,,,,,f,,question,116,4,"",""
334,2018-04-30 11:43:54.093902,,,,,,f,,question,102,2,multi-confusing,"no, thanks"
335,2018-04-30 11:43:54.214756,,,,,,f,,question,102,3,"",""
336,2018-04-30 11:43:54.318008,,,,,,f,,question,102,4,"",""
337,2018-04-30 12:56:59.18766,,,,,,f,,question,103,1,time,10
346,2018-04-30 14:15:16.238725,,,,,,f,,question,105,2,multi-confusing,no
359,2018-04-30 18:06:51.77566,,,,,,f,,question,110,3,"",""
362,2018-04-30 18:18:08.645902,,,,,,f,,question,111,2,multi-confusing,none.
363,2018-04-30 18:18:08.734397,,,,,,f,,question,111,3,"",""
372,2018-04-30 19:46:40.779649,,,,,,f,,question,114,4,"",""
374,2018-04-30 20:07:25.172164,,,,,,f,,question,115,2,multi-confusing,It was a little odd. Didn't seem to be much rhyme or reason as to which parts you should choose since it was all random.
377,2018-04-30 20:17:03.691106,,,,,,f,,question,116,1,time,12
338,2018-04-30 12:56:59.303581,,,,,,f,,question,103,2,multi-confusing,No
340,2018-04-30 12:56:59.47327,,,,,,f,,question,103,4,"",""
349,2018-04-30 16:54:39.148648,,,,,,f,,question,107,1,time,15
354,2018-04-30 17:27:07.683394,,,,,,f,,question,108,2,multi-confusing,Nope!
355,2018-04-30 17:27:07.816928,,,,,,f,,question,108,3,"",""
365,2018-04-30 18:26:11.693666,,,,,,f,,question,112,1,time,5
366,2018-04-30 18:26:11.748397,,,,,,f,,question,112,2,multi-confusing,I wasn't sure what the researchers are studying or how what I'm doing accomplishes that. Other than that it all made sense.
368,2018-04-30 18:26:11.8707,,,,,,f,,question,112,4,"",""
341,2018-04-30 13:57:03.206411,,,,,,f,,question,104,1,time,10
358,2018-04-30 18:06:51.54689,,,,,,f,,question,110,2,multi-confusing,NO
381,2018-04-30 20:39:02.714403,,,,,,f,,question,117,1,time,10
343,2018-04-30 13:57:03.461304,,,,,,f,,question,104,3,"",""
344,2018-04-30 13:57:03.605506,,,,,,f,,question,104,4,"",""
345,2018-04-30 14:15:16.072831,,,,,,f,,question,105,1,time,12
347,2018-04-30 14:15:16.414543,,,,,,f,,question,105,3,"",""
353,2018-04-30 17:27:07.577481,,,,,,f,,question,108,1,time,12
373,2018-04-30 20:07:25.086339,,,,,,f,,question,115,1,time,15
348,2018-04-30 14:15:16.576615,,,,,,f,,question,105,4,"",""
350,2018-04-30 16:54:39.255246,,,,,,f,,question,107,2,multi-confusing,"You said it was random which parts will fail, but it must not be.    I wondered how what the last person did would matter if it was truly random, but I went ahead and acted as those it were on the first game and disregarded the previous player's ship and ended up with a terible score that ruined my overall score.  Once I started assuiming that the parts that did well before are more likely to again, I started to do well.  Too bad I already ruined my overall score in the first game."
356,2018-04-30 17:27:07.933628,,,,,,f,,question,108,4,"",""
369,2018-04-30 19:46:40.447336,,,,,,f,,question,114,1,time,10
370,2018-04-30 19:46:40.55061,,,,,,f,,question,114,2,multi-confusing,no- was rather fun actually. No issues!
375,2018-04-30 20:07:25.248251,,,,,,f,,question,115,3,"",""
382,2018-04-30 20:39:02.806579,,,,,,f,,question,117,2,multi-confusing,no
383,2018-04-30 20:39:02.88411,,,,,,f,,question,117,3,"",""
367,2018-04-30 18:26:11.814995,,,,,,f,,question,112,3,"",""
379,2018-04-30 20:17:04.49167,,,,,,f,,question,116,3,"",""
384,2018-04-30 20:39:02.966499,,,,,,f,,question,117,4,"",""
385,2018-04-30 23:22:01.429972,,,,,,f,,question,119,1,time,15
386,2018-04-30 23:22:01.55611,,,,,,f,,question,119,2,multi-confusing,Yeah Parts seemed to fail at random. The whole thing seemed random. Even partys that lasted when i choose them would fail. I was a bit confused.
387,2018-04-30 23:22:01.690267,,,,,,f,,question,119,3,"",""
388,2018-04-30 23:22:01.820106,,,,,,f,,question,119,4,"",""
389,2018-04-30 23:30:56.065862,,,,,,f,,question,120,1,time,5
390,2018-04-30 23:30:56.129581,,,,,,f,,question,120,2,multi-confusing,No.
391,2018-04-30 23:30:56.214446,,,,,,f,,question,120,3,"",""
392,2018-04-30 23:30:56.282902,,,,,,f,,question,120,4,"",""
393,2018-05-01 01:02:11.515703,,,,,,f,,question,121,1,time,12
394,2018-05-01 01:02:11.685955,,,,,,f,,question,121,2,multi-confusing,no
395,2018-05-01 01:02:11.840672,,,,,,f,,question,121,3,"",""
396,2018-05-01 01:02:12.008378,,,,,,f,,question,121,4,"",""
397,2018-05-01 01:15:16.433059,,,,,,f,,question,122,1,time,15
398,2018-05-01 01:15:16.65751,,,,,,f,,question,122,2,multi-confusing,No
399,2018-05-01 01:15:16.788751,,,,,,f,,question,122,3,"",""
400,2018-05-01 01:15:16.884322,,,,,,f,,question,122,4,"",""
401,2018-05-01 01:26:51.899529,,,,,,f,,question,123,1,time,10
402,2018-05-01 01:26:51.995188,,,,,,f,,question,123,2,multi-confusing,Everything was fine
403,2018-05-01 01:26:52.088429,,,,,,f,,question,123,3,"",""
404,2018-05-01 01:26:52.191527,,,,,,f,,question,123,4,"",""
405,2018-05-01 02:38:40.475355,,,,,,f,,question,124,1,time,7
406,2018-05-01 02:38:40.575671,,,,,,f,,question,124,2,multi-confusing,no
407,2018-05-01 02:38:40.686527,,,,,,f,,question,124,3,"",""
408,2018-05-01 02:38:40.795355,,,,,,f,,question,124,4,"",""
409,2018-05-01 02:53:28.646849,,,,,,f,,question,125,1,time,12
410,2018-05-01 02:53:28.715965,,,,,,f,,question,125,2,multi-confusing,No. the experiment was straight to the point
411,2018-05-01 02:53:28.776378,,,,,,f,,question,125,3,"",""
412,2018-05-01 02:53:28.831447,,,,,,f,,question,125,4,"",""
413,2018-05-01 03:06:27.024332,,,,,,f,,question,126,1,time,10
414,2018-05-01 03:06:27.081885,,,,,,f,,question,126,2,multi-confusing,Nothing at all.
415,2018-05-01 03:06:27.137582,,,,,,f,,question,126,3,"",""
416,2018-05-01 03:06:27.184985,,,,,,f,,question,126,4,"",""
417,2018-05-01 03:32:44.281474,,,,,,f,,question,128,1,time,15
418,2018-05-01 03:32:44.463315,,,,,,f,,question,128,2,multi-confusing,No i didnt
419,2018-05-01 03:32:44.612788,,,,,,f,,question,128,3,"",""
420,2018-05-01 03:32:44.754826,,,,,,f,,question,128,4,"",""
421,2018-05-01 03:58:07.417527,,,,,,f,,question,130,1,time,5
422,2018-05-01 03:58:07.63086,,,,,,f,,question,130,2,multi-confusing,""
423,2018-05-01 03:58:07.832337,,,,,,f,,question,130,3,"",""
424,2018-05-01 03:58:08.04972,,,,,,f,,question,130,4,"",""
425,2018-05-01 04:36:07.867842,,,,,,f,,question,132,1,time,12
426,2018-05-01 04:36:07.932338,,,,,,f,,question,132,2,multi-confusing,Nothing at all
427,2018-05-01 04:36:07.995836,,,,,,f,,question,132,3,"",""
428,2018-05-01 04:36:08.052453,,,,,,f,,question,132,4,"",""
429,2018-05-01 07:00:11.288327,,,,,,f,,question,135,1,time,5
430,2018-05-01 07:00:11.449952,,,,,,f,,question,135,2,multi-confusing,"it would be nice if we would see how much % power each item gave our ship, and then how much we lost when those parts died"
431,2018-05-01 07:00:11.632325,,,,,,f,,question,135,3,"",""
432,2018-05-01 07:00:11.813342,,,,,,f,,question,135,4,"",""
433,2018-05-01 07:28:22.167269,,,,,,f,,question,136,1,time,0
434,2018-05-01 07:28:22.264863,,,,,,f,,question,136,2,multi-confusing,""
435,2018-05-01 07:28:22.368975,,,,,,f,,question,136,3,"",""
436,2018-05-01 07:28:22.459227,,,,,,f,,question,136,4,"",""
437,2018-05-01 08:38:04.37331,,,,,,f,,question,138,1,time,12
438,2018-05-01 08:38:04.517621,,,,,,f,,question,138,2,multi-confusing,"no,it is very clear for me."
439,2018-05-01 08:38:04.664864,,,,,,f,,question,138,3,"",""
440,2018-05-01 08:38:04.781372,,,,,,f,,question,138,4,"",""
441,2018-05-01 08:45:55.135265,,,,,,f,,question,139,1,time,7
442,2018-05-01 08:45:55.202528,,,,,,f,,question,139,2,multi-confusing,how to chose the best parts for the ship
443,2018-05-01 08:45:55.276697,,,,,,f,,question,139,3,"",""
444,2018-05-01 08:45:55.369172,,,,,,f,,question,139,4,"",""
445,2018-05-01 09:01:54.631436,,,,,,f,,question,140,1,time,12
446,2018-05-01 09:01:54.959197,,,,,,f,,question,140,2,multi-confusing,good
447,2018-05-01 09:01:55.522272,,,,,,f,,question,140,3,"",""
448,2018-05-01 09:01:55.842389,,,,,,f,,question,140,4,"",""
449,2018-05-01 10:45:29.030191,,,,,,f,,question,141,1,time,10
450,2018-05-01 10:45:29.115568,,,,,,f,,question,141,2,multi-confusing,"The speed I completed this task is because I was told that random parts will randomly fail at any point, therefore there isn't a strategy involved. It was pure random chance and what other players done before me had technically made no difference (but I did use them as a starting point)."
451,2018-05-01 10:45:29.195835,,,,,,f,,question,141,3,"",""
452,2018-05-01 10:45:29.282858,,,,,,f,,question,141,4,"",""
453,2018-05-01 13:12:40.969314,,,,,,f,,question,142,1,time,7
454,2018-05-01 13:12:41.025873,,,,,,f,,question,142,2,multi-confusing,Not really.
455,2018-05-01 13:12:41.07768,,,,,,f,,question,142,3,"",""
456,2018-05-01 13:12:41.126027,,,,,,f,,question,142,4,"",""
457,2018-05-01 13:40:06.799678,,,,,,f,,question,144,1,time,0
458,2018-05-01 13:40:06.900739,,,,,,f,,question,144,2,multi-confusing,didn't understand how the parts were failing or not
459,2018-05-01 13:40:06.994513,,,,,,f,,question,144,3,"",""
460,2018-05-01 13:40:07.08759,,,,,,f,,question,144,4,"",""
461,2018-05-01 14:51:21.81417,,,,,,f,,question,145,1,time,5
462,2018-05-01 14:51:21.984115,,,,,,f,,question,145,2,multi-confusing,No.
463,2018-05-01 14:51:22.066076,,,,,,f,,question,145,3,"",""
464,2018-05-01 14:51:22.1571,,,,,,f,,question,145,4,"",""
465,2018-05-01 15:41:28.240316,,,,,,f,,question,146,1,time,12
466,2018-05-01 15:41:28.533985,,,,,,f,,question,146,2,multi-confusing,Nope
467,2018-05-01 15:41:28.666224,,,,,,f,,question,146,3,"",""
468,2018-05-01 15:41:28.836625,,,,,,f,,question,146,4,"",""
469,2018-05-01 15:52:29.524394,,,,,,f,,question,147,1,time,7
470,2018-05-01 15:52:29.591451,,,,,,f,,question,147,2,multi-confusing,no
471,2018-05-01 15:52:29.658511,,,,,,f,,question,147,3,"",""
472,2018-05-01 15:52:29.764901,,,,,,f,,question,147,4,"",""
473,2018-05-01 15:59:30.887177,,,,,,f,,question,148,1,time,7
478,2018-05-01 16:08:06.181447,,,,,,f,,question,149,2,multi-confusing,no
481,2018-05-01 17:03:37.085761,,,,,,f,,question,151,1,time,7
474,2018-05-01 15:59:31.626858,,,,,,f,,question,148,2,multi-confusing,No
475,2018-05-01 15:59:32.143521,,,,,,f,,question,148,3,"",""
476,2018-05-01 15:59:32.311861,,,,,,f,,question,148,4,"",""
488,2018-05-01 17:34:29.204117,,,,,,f,,question,152,4,"",""
477,2018-05-01 16:08:06.012553,,,,,,f,,question,149,1,time,5
485,2018-05-01 17:34:28.833298,,,,,,f,,question,152,1,time,12
479,2018-05-01 16:08:06.314506,,,,,,f,,question,149,3,"",""
480,2018-05-01 16:08:06.483291,,,,,,f,,question,149,4,"",""
491,2018-05-01 17:55:33.618987,,,,,,f,,question,153,3,"",""
482,2018-05-01 17:03:37.196354,,,,,,f,,question,151,2,multi-confusing,""
487,2018-05-01 17:34:29.081887,,,,,,f,,question,152,3,"",""
489,2018-05-01 17:55:33.336991,,,,,,f,,question,153,1,time,5
483,2018-05-01 17:03:37.327183,,,,,,f,,question,151,3,"",""
484,2018-05-01 17:03:37.437193,,,,,,f,,question,151,4,"",""
486,2018-05-01 17:34:28.955874,,,,,,f,,question,152,2,multi-confusing,no
490,2018-05-01 17:55:33.479338,,,,,,f,,question,153,2,multi-confusing,no
492,2018-05-01 17:55:33.775961,,,,,,f,,question,153,4,"",""
493,2018-05-01 19:12:22.770827,,,,,,f,,question,155,1,time,15
494,2018-05-01 19:12:22.879403,,,,,,f,,question,155,2,multi-confusing,""
495,2018-05-01 19:12:23.025957,,,,,,f,,question,155,3,"",""
496,2018-05-01 19:12:23.133127,,,,,,f,,question,155,4,"",""
497,2018-05-01 20:11:54.9295,,,,,,f,,question,157,1,time,12
498,2018-05-01 20:11:55.428811,,,,,,f,,question,157,2,multi-confusing,no
499,2018-05-01 20:11:55.551228,,,,,,f,,question,157,3,"",""
500,2018-05-01 20:11:55.674432,,,,,,f,,question,157,4,"",""
501,2018-05-01 21:40:42.491335,,,,,,f,,question,159,1,time,7
502,2018-05-01 21:40:42.594547,,,,,,f,,question,159,2,multi-confusing,Nothing confusing
503,2018-05-01 21:40:42.741813,,,,,,f,,question,159,3,"",""
504,2018-05-01 21:40:42.867351,,,,,,f,,question,159,4,"",""
505,2018-05-02 00:11:12.956371,,,,,,f,,question,161,1,time,15
506,2018-05-02 00:11:13.629285,,,,,,f,,question,161,2,multi-confusing,"No, nothing confusing."
507,2018-05-02 00:11:14.098014,,,,,,f,,question,161,3,"",""
508,2018-05-02 00:11:14.520564,,,,,,f,,question,161,4,"",""
509,2018-05-02 00:29:42.011393,,,,,,f,,question,162,1,time,12
510,2018-05-02 00:29:42.103638,,,,,,f,,question,162,2,multi-confusing,no
511,2018-05-02 00:29:42.203764,,,,,,f,,question,162,3,"",""
512,2018-05-02 00:29:42.283866,,,,,,f,,question,162,4,"",""
513,2018-05-02 00:45:32.115554,,,,,,f,,question,163,1,time,12
514,2018-05-02 00:45:32.221044,,,,,,f,,question,163,2,multi-confusing,"There was a learning curve but no, nothing too confusing."
515,2018-05-02 00:45:32.312377,,,,,,f,,question,163,3,"",""
516,2018-05-02 00:45:32.398641,,,,,,f,,question,163,4,"",""
517,2018-05-02 01:30:00.356069,,,,,,f,,question,164,1,time,12
518,2018-05-02 01:30:00.515102,,,,,,f,,question,164,2,multi-confusing,no
519,2018-05-02 01:30:00.654987,,,,,,f,,question,164,3,"",""
520,2018-05-02 01:30:00.784035,,,,,,f,,question,164,4,"",""
521,2018-05-02 01:42:04.802528,,,,,,f,,question,165,1,time,10
522,2018-05-02 01:42:04.862538,,,,,,f,,question,165,2,multi-confusing,No
523,2018-05-02 01:42:04.91417,,,,,,f,,question,165,3,"",""
524,2018-05-02 01:42:04.974616,,,,,,f,,question,165,4,"",""
525,2018-05-02 02:03:01.162392,,,,,,f,,question,166,1,time,12
526,2018-05-02 02:03:01.221023,,,,,,f,,question,166,2,multi-confusing,No
527,2018-05-02 02:03:01.311393,,,,,,f,,question,166,3,"",""
528,2018-05-02 02:03:01.376365,,,,,,f,,question,166,4,"",""
529,2018-05-02 02:34:01.486117,,,,,,f,,question,168,1,time,7
530,2018-05-02 02:34:01.569012,,,,,,f,,question,168,2,multi-confusing,a little
531,2018-05-02 02:34:01.644384,,,,,,f,,question,168,3,"",""
532,2018-05-02 02:34:01.706263,,,,,,f,,question,168,4,"",""
533,2018-05-02 02:46:43.946372,,,,,,f,,question,169,1,time,10
534,2018-05-02 02:46:44.070545,,,,,,f,,question,169,2,multi-confusing,no it seemed pretty straightforward to me.
535,2018-05-02 02:46:44.159218,,,,,,f,,question,169,3,"",""
536,2018-05-02 02:46:44.263842,,,,,,f,,question,169,4,"",""
537,2018-05-02 06:20:53.943903,,,,,,f,,question,170,1,time,10
538,2018-05-02 06:20:54.048745,,,,,,f,,question,170,2,multi-confusing,None.
539,2018-05-02 06:20:54.135359,,,,,,f,,question,170,3,"",""
540,2018-05-02 06:20:54.714404,,,,,,f,,question,170,4,"",""
541,2018-05-02 06:29:10.881083,,,,,,f,,question,171,1,time,7
542,2018-05-02 06:29:10.952876,,,,,,f,,question,171,2,multi-confusing,No
543,2018-05-02 06:29:11.051861,,,,,,f,,question,171,3,"",""
544,2018-05-02 06:29:11.116597,,,,,,f,,question,171,4,"",""
545,2018-05-02 06:43:34.070041,,,,,,f,,question,173,1,time,12
546,2018-05-02 06:43:34.235695,,,,,,f,,question,173,2,multi-confusing,Nothing was too confusing.
547,2018-05-02 06:43:34.397795,,,,,,f,,question,173,3,"",""
548,2018-05-02 06:43:34.55531,,,,,,f,,question,173,4,"",""
549,2018-05-02 07:55:58.592722,,,,,,f,,question,174,1,time,7
550,2018-05-02 07:55:58.680287,,,,,,f,,question,174,2,multi-confusing,No
551,2018-05-02 07:55:58.791877,,,,,,f,,question,174,3,"",""
552,2018-05-02 07:55:58.888517,,,,,,f,,question,174,4,"",""
553,2018-05-02 09:36:16.801725,,,,,,f,,question,175,1,time,7
554,2018-05-02 09:36:16.838486,,,,,,f,,question,175,2,multi-confusing,No
555,2018-05-02 09:36:16.879763,,,,,,f,,question,175,3,"",""
556,2018-05-02 09:36:16.913305,,,,,,f,,question,175,4,"",""
557,2018-05-02 11:47:26.943218,,,,,,f,,question,176,1,time,10
558,2018-05-02 11:47:27.084438,,,,,,f,,question,176,2,multi-confusing,No thanks for the great hit I hope there are more like this in the future.
559,2018-05-02 11:47:27.167985,,,,,,f,,question,176,3,"",""
560,2018-05-02 11:47:27.279326,,,,,,f,,question,176,4,"",""
561,2018-05-02 12:08:21.631006,,,,,,f,,question,177,1,time,5
562,2018-05-02 12:08:21.692909,,,,,,f,,question,177,2,multi-confusing,the window was too small to see the parts and it wouldn't let me change the window size
563,2018-05-02 12:08:21.763272,,,,,,f,,question,177,3,"",""
564,2018-05-02 12:08:21.832651,,,,,,f,,question,177,4,"",""
565,2018-05-02 12:30:19.971424,,,,,,f,,question,178,1,time,5
566,2018-05-02 12:30:21.018646,,,,,,f,,question,178,2,multi-confusing,No
567,2018-05-02 12:30:22.025676,,,,,,f,,question,178,3,"",""
568,2018-05-02 12:30:22.699782,,,,,,f,,question,178,4,"",""
569,2018-05-02 12:55:44.303895,,,,,,f,,question,179,1,time,15
570,2018-05-02 12:55:44.426392,,,,,,f,,question,179,2,multi-confusing,No
571,2018-05-02 12:55:44.540724,,,,,,f,,question,179,3,"",""
572,2018-05-02 12:55:44.703794,,,,,,f,,question,179,4,"",""
573,2018-05-02 13:01:33.468391,,,,,,f,,question,180,1,time,5
574,2018-05-02 13:01:33.584967,,,,,,f,,question,180,2,multi-confusing,"Yes, it made no sense from the top down."
575,2018-05-02 13:01:33.684685,,,,,,f,,question,180,3,"",""
576,2018-05-02 13:01:33.791344,,,,,,f,,question,180,4,"",""
577,2018-05-02 13:23:37.571966,,,,,,f,,question,181,1,time,5
578,2018-05-02 13:23:37.641012,,,,,,f,,question,181,2,multi-confusing,No
579,2018-05-02 13:23:37.697621,,,,,,f,,question,181,3,"",""
580,2018-05-02 13:23:37.764604,,,,,,f,,question,181,4,"",""
581,2018-05-02 13:49:16.144421,,,,,,f,,question,182,1,time,12
582,2018-05-02 13:49:16.237959,,,,,,f,,question,182,2,multi-confusing,nothing! Thank you!
583,2018-05-02 13:49:16.310157,,,,,,f,,question,182,3,"",""
584,2018-05-02 13:49:16.390723,,,,,,f,,question,182,4,"",""
585,2018-05-02 13:54:33.930101,,,,,,f,,question,183,1,time,10
586,2018-05-02 13:54:34.037655,,,,,,f,,question,183,2,multi-confusing,It was fairly confusing to decide what the correct way to do things were. 
587,2018-05-02 13:54:34.134272,,,,,,f,,question,183,3,"",""
588,2018-05-02 13:54:34.245065,,,,,,f,,question,183,4,"",""
589,2018-05-02 14:59:40.596023,,,,,,f,,question,186,1,time,10
590,2018-05-02 14:59:40.672791,,,,,,f,,question,186,2,multi-confusing,the entire thing to be honest
591,2018-05-02 14:59:40.737446,,,,,,f,,question,186,3,"",""
592,2018-05-02 14:59:40.80829,,,,,,f,,question,186,4,"",""
593,2018-05-02 15:28:11.869901,,,,,,f,,question,187,1,time,10
594,2018-05-02 15:28:12.000002,,,,,,f,,question,187,2,multi-confusing,No not at all. 
595,2018-05-02 15:28:12.074246,,,,,,f,,question,187,3,"",""
596,2018-05-02 15:28:12.162352,,,,,,f,,question,187,4,"",""
597,2018-05-02 15:35:56.749436,,,,,,f,,question,188,1,time,5
598,2018-05-02 15:35:56.842573,,,,,,f,,question,188,2,multi-confusing,""
599,2018-05-02 15:35:56.924014,,,,,,f,,question,188,3,"",""
600,2018-05-02 15:35:57.014778,,,,,,f,,question,188,4,"",""
601,2018-05-02 15:43:33.800779,,,,,,f,,question,189,1,time,10
602,2018-05-02 15:43:33.880058,,,,,,f,,question,189,2,multi-confusing,""
603,2018-05-02 15:43:33.919758,,,,,,f,,question,189,3,"",""
604,2018-05-02 15:43:33.964836,,,,,,f,,question,189,4,"",""
605,2018-05-02 16:56:50.075292,,,,,,f,,question,190,1,time,7
606,2018-05-02 16:56:50.199167,,,,,,f,,question,190,2,multi-confusing,""
607,2018-05-02 16:56:50.273174,,,,,,f,,question,190,3,"",""
608,2018-05-02 16:56:50.349944,,,,,,f,,question,190,4,"",""
609,2018-05-02 17:45:47.15836,,,,,,f,,question,191,1,time,7
610,2018-05-02 17:45:47.237312,,,,,,f,,question,191,2,multi-confusing,No.
611,2018-05-02 17:45:47.335772,,,,,,f,,question,191,3,"",""
612,2018-05-02 17:45:47.414329,,,,,,f,,question,191,4,"",""
613,2018-05-02 18:20:39.603907,,,,,,f,,question,192,1,time,10
614,2018-05-02 18:20:39.693867,,,,,,f,,question,192,2,multi-confusing,no
615,2018-05-02 18:20:39.777676,,,,,,f,,question,192,3,"",""
616,2018-05-02 18:20:39.855606,,,,,,f,,question,192,4,"",""
617,2018-05-02 18:27:16.73357,,,,,,f,,question,193,1,time,7
618,2018-05-02 18:27:16.819293,,,,,,f,,question,193,2,multi-confusing,""
619,2018-05-02 18:27:16.896092,,,,,,f,,question,193,3,"",""
620,2018-05-02 18:27:16.960828,,,,,,f,,question,193,4,"",""
621,2018-05-02 20:00:18.782865,,,,,,f,,question,194,1,time,12
622,2018-05-02 20:00:18.871022,,,,,,f,,question,194,2,multi-confusing,no
623,2018-05-02 20:00:18.956283,,,,,,f,,question,194,3,"",""
624,2018-05-02 20:00:19.050791,,,,,,f,,question,194,4,"",""
625,2018-05-02 20:10:14.669141,,,,,,f,,question,195,1,time,7
626,2018-05-02 20:10:14.748577,,,,,,f,,question,195,2,multi-confusing,"Yes, what are the parts. They are so tiny"
627,2018-05-02 20:10:14.807933,,,,,,f,,question,195,3,"",""
628,2018-05-02 20:10:14.869647,,,,,,f,,question,195,4,"",""
629,2018-05-02 20:34:40.457428,,,,,,f,,question,197,1,time,5
630,2018-05-02 20:34:40.509595,,,,,,f,,question,197,2,multi-confusing,no
631,2018-05-02 20:34:40.571752,,,,,,f,,question,197,3,"",""
632,2018-05-02 20:34:40.615355,,,,,,f,,question,197,4,"",""
633,2018-05-02 20:40:51.390908,,,,,,f,,question,198,1,time,5
634,2018-05-02 20:40:51.460655,,,,,,f,,question,198,2,multi-confusing,""
635,2018-05-02 20:40:51.52173,,,,,,f,,question,198,3,"",""
636,2018-05-02 20:40:51.607296,,,,,,f,,question,198,4,"",""
637,2018-05-02 21:53:33.813466,,,,,,f,,question,199,1,time,10
638,2018-05-02 21:53:33.910041,,,,,,f,,question,199,2,multi-confusing,No it was not confusing
639,2018-05-02 21:53:33.989924,,,,,,f,,question,199,3,"",""
640,2018-05-02 21:53:34.06906,,,,,,f,,question,199,4,"",""
641,2018-05-03 01:30:59.363982,,,,,,f,,question,201,1,time,7
642,2018-05-03 01:30:59.446654,,,,,,f,,question,201,2,multi-confusing,""
643,2018-05-03 01:30:59.815012,,,,,,f,,question,201,3,"",""
644,2018-05-03 01:30:59.906133,,,,,,f,,question,201,4,"",""
645,2018-05-03 01:46:14.533303,,,,,,f,,question,203,1,time,12
646,2018-05-03 01:46:14.966046,,,,,,f,,question,203,2,multi-confusing,"no, but I thought you would tell us the probability of failure of each parts, but I guess not, we can only estimate from the previous player's flights"
647,2018-05-03 01:46:15.128849,,,,,,f,,question,203,3,"",""
648,2018-05-03 01:46:15.295464,,,,,,f,,question,203,4,"",""
649,2018-05-03 02:10:26.497166,,,,,,f,,question,205,1,time,12
650,2018-05-03 02:10:26.633027,,,,,,f,,question,205,2,multi-confusing,yes
651,2018-05-03 02:10:26.761676,,,,,,f,,question,205,3,"",""
652,2018-05-03 02:10:26.892507,,,,,,f,,question,205,4,"",""
653,2018-05-03 03:23:49.527203,,,,,,f,,question,206,1,time,7
654,2018-05-03 03:23:49.615761,,,,,,f,,question,206,2,multi-confusing,NA
655,2018-05-03 03:23:49.718138,,,,,,f,,question,206,3,"",""
656,2018-05-03 03:23:49.786065,,,,,,f,,question,206,4,"",""
657,2018-05-03 03:38:25.472566,,,,,,f,,question,207,1,time,10
658,2018-05-03 03:38:25.599287,,,,,,f,,question,207,2,multi-confusing,No
659,2018-05-03 03:38:25.682057,,,,,,f,,question,207,3,"",""
660,2018-05-03 03:38:25.76901,,,,,,f,,question,207,4,"",""
661,2018-05-03 04:02:54.030338,,,,,,f,,question,208,1,time,5
662,2018-05-03 04:02:54.163169,,,,,,f,,question,208,2,multi-confusing,no
663,2018-05-03 04:02:54.340951,,,,,,f,,question,208,3,"",""
664,2018-05-03 04:02:54.483744,,,,,,f,,question,208,4,"",""
665,2018-05-03 04:28:06.442772,,,,,,f,,question,209,1,time,12
666,2018-05-03 04:28:06.510013,,,,,,f,,question,209,2,multi-confusing,Nope
667,2018-05-03 04:28:06.598861,,,,,,f,,question,209,3,"",""
668,2018-05-03 04:28:06.710384,,,,,,f,,question,209,4,"",""
669,2018-05-03 04:36:06.32984,,,,,,f,,question,211,1,time,0
670,2018-05-03 04:36:06.43843,,,,,,f,,question,211,2,multi-confusing,all of it
671,2018-05-03 04:36:06.520858,,,,,,f,,question,211,3,"",""
672,2018-05-03 04:36:06.600057,,,,,,f,,question,211,4,"",""
673,2018-05-03 05:05:57.147109,,,,,,f,,question,212,1,time,15
674,2018-05-03 05:05:57.61798,,,,,,f,,question,212,2,multi-confusing,Not at all
675,2018-05-03 05:05:58.230785,,,,,,f,,question,212,3,"",""
676,2018-05-03 05:05:58.654681,,,,,,f,,question,212,4,"",""
677,2018-05-03 05:34:39.216695,,,,,,f,,question,213,1,time,15
678,2018-05-03 05:34:39.362371,,,,,,f,,question,213,2,multi-confusing,nothing
679,2018-05-03 05:34:39.605185,,,,,,f,,question,213,3,"",""
680,2018-05-03 05:34:39.783305,,,,,,f,,question,213,4,"",""
681,2018-05-03 06:54:10.180998,,,,,,f,,question,216,1,time,12
682,2018-05-03 06:54:10.302366,,,,,,f,,question,216,2,multi-confusing,no
683,2018-05-03 06:54:10.365454,,,,,,f,,question,216,3,"",""
684,2018-05-03 06:54:10.417505,,,,,,f,,question,216,4,"",""
685,2018-05-03 07:06:45.300472,,,,,,f,,question,218,1,time,15
686,2018-05-03 07:06:45.706022,,,,,,f,,question,218,2,multi-confusing,NO CONFUSING BUT SOME DEFICULT
687,2018-05-03 07:06:46.105078,,,,,,f,,question,218,3,"",""
688,2018-05-03 07:06:46.471513,,,,,,f,,question,218,4,"",""
691,2018-05-03 07:23:39.727591,,,,,,f,,question,219,3,"",""
692,2018-05-03 07:23:39.805674,,,,,,f,,question,219,4,"",""
697,2018-05-03 07:56:09.681257,,,,,,f,,question,222,1,time,10
700,2018-05-03 07:56:09.973132,,,,,,f,,question,222,4,"",""
689,2018-05-03 07:23:39.539293,,,,,,f,,question,219,1,time,10
690,2018-05-03 07:23:39.643189,,,,,,f,,question,219,2,multi-confusing,No
693,2018-05-03 07:43:53.762473,,,,,,f,,question,221,1,time,5
694,2018-05-03 07:43:53.941468,,,,,,f,,question,221,2,multi-confusing,""
695,2018-05-03 07:43:54.074766,,,,,,f,,question,221,3,"",""
696,2018-05-03 07:43:54.207669,,,,,,f,,question,221,4,"",""
698,2018-05-03 07:56:09.787127,,,,,,f,,question,222,2,multi-confusing,n/a
702,2018-05-03 10:43:30.817202,,,,,,f,,question,223,2,multi-confusing,nothing was confusing 
699,2018-05-03 07:56:09.886422,,,,,,f,,question,222,3,"",""
701,2018-05-03 10:43:30.311839,,,,,,f,,question,223,1,time,12
703,2018-05-03 10:43:31.206124,,,,,,f,,question,223,3,"",""
704,2018-05-03 10:43:31.517561,,,,,,f,,question,223,4,"",""
705,2018-05-03 11:52:58.783441,,,,,,f,,question,224,1,time,10
706,2018-05-03 11:52:58.89441,,,,,,f,,question,224,2,multi-confusing,no
707,2018-05-03 11:52:58.994572,,,,,,f,,question,224,3,"",""
708,2018-05-03 11:52:59.110269,,,,,,f,,question,224,4,"",""
709,2018-05-03 12:06:25.289247,,,,,,f,,question,226,1,time,7
710,2018-05-03 12:06:25.464296,,,,,,f,,question,226,2,multi-confusing,no
711,2018-05-03 12:06:25.569831,,,,,,f,,question,226,3,"",""
712,2018-05-03 12:06:25.658542,,,,,,f,,question,226,4,"",""
713,2018-05-03 12:18:50.423327,,,,,,f,,question,227,1,time,10
714,2018-05-03 12:18:50.494581,,,,,,f,,question,227,2,multi-confusing,No
715,2018-05-03 12:18:50.542657,,,,,,f,,question,227,3,"",""
716,2018-05-03 12:18:50.587075,,,,,,f,,question,227,4,"",""
717,2018-05-03 12:28:47.118245,,,,,,f,,question,228,1,time,7
718,2018-05-03 12:28:47.188424,,,,,,f,,question,228,2,multi-confusing,not really
719,2018-05-03 12:28:47.278855,,,,,,f,,question,228,3,"",""
720,2018-05-03 12:28:47.343245,,,,,,f,,question,228,4,"",""
721,2018-05-03 13:13:43.104822,,,,,,f,,question,229,1,time,7
722,2018-05-03 13:13:43.226413,,,,,,f,,question,229,2,multi-confusing,no
723,2018-05-03 13:13:43.34989,,,,,,f,,question,229,3,"",""
724,2018-05-03 13:13:43.467201,,,,,,f,,question,229,4,"",""
725,2018-05-03 13:26:28.612599,,,,,,f,,question,230,1,time,10
726,2018-05-03 13:26:28.709986,,,,,,f,,question,230,2,multi-confusing,nope
727,2018-05-03 13:26:28.779303,,,,,,f,,question,230,3,"",""
728,2018-05-03 13:26:28.886253,,,,,,f,,question,230,4,"",""
729,2018-05-03 15:46:29.077744,,,,,,f,,question,231,1,time,5
730,2018-05-03 15:46:29.170827,,,,,,f,,question,231,2,multi-confusing,no
731,2018-05-03 15:46:29.268218,,,,,,f,,question,231,3,"",""
732,2018-05-03 15:46:29.363229,,,,,,f,,question,231,4,"",""
733,2018-05-03 16:12:16.862,,,,,,f,,question,232,1,time,10
734,2018-05-03 16:12:16.987316,,,,,,f,,question,232,2,multi-confusing,no
735,2018-05-03 16:12:17.085981,,,,,,f,,question,232,3,"",""
736,2018-05-03 16:12:17.205398,,,,,,f,,question,232,4,"",""
737,2018-05-03 16:54:10.976435,,,,,,f,,question,233,1,time,15
738,2018-05-03 16:54:11.187139,,,,,,f,,question,233,2,multi-confusing,"It was hard to think of a useful pattern from previous experiments. At the very end, I thought I might have discovered something."
739,2018-05-03 16:54:11.788883,,,,,,f,,question,233,3,"",""
740,2018-05-03 16:54:12.236788,,,,,,f,,question,233,4,"",""
741,2018-05-03 17:44:52.552675,,,,,,f,,question,234,1,time,5
742,2018-05-03 17:44:52.847211,,,,,,f,,question,234,2,multi-confusing,no
743,2018-05-03 17:44:52.951483,,,,,,f,,question,234,3,"",""
744,2018-05-03 17:44:53.031372,,,,,,f,,question,234,4,"",""
745,2018-05-03 18:17:20.243151,,,,,,f,,question,235,1,time,0
746,2018-05-03 18:17:20.348017,,,,,,f,,question,235,2,multi-confusing,no
747,2018-05-03 18:17:20.475666,,,,,,f,,question,235,3,"",""
748,2018-05-03 18:17:20.608984,,,,,,f,,question,235,4,"",""
749,2018-05-03 20:43:00.517399,,,,,,f,,question,236,1,time,10
750,2018-05-03 20:43:00.623962,,,,,,f,,question,236,2,multi-confusing,Not really.
751,2018-05-03 20:43:00.720365,,,,,,f,,question,236,3,"",""
752,2018-05-03 20:43:00.812135,,,,,,f,,question,236,4,"",""
753,2018-05-03 21:01:48.430857,,,,,,f,,question,237,1,time,7
754,2018-05-03 21:01:48.555353,,,,,,f,,question,237,2,multi-confusing,No.
755,2018-05-03 21:01:48.621399,,,,,,f,,question,237,3,"",""
756,2018-05-03 21:01:48.701077,,,,,,f,,question,237,4,"",""
757,2018-05-03 22:10:08.484865,,,,,,f,,question,239,1,time,5
758,2018-05-03 22:10:08.613869,,,,,,f,,question,239,2,multi-confusing,No
759,2018-05-03 22:10:08.762233,,,,,,f,,question,239,3,"",""
760,2018-05-03 22:10:08.904804,,,,,,f,,question,239,4,"",""
761,2018-05-03 23:18:57.35229,,,,,,f,,question,240,1,time,15
762,2018-05-03 23:18:58.24989,,,,,,f,,question,240,2,multi-confusing,Not particularly
763,2018-05-03 23:18:58.36611,,,,,,f,,question,240,3,"",""
764,2018-05-03 23:18:58.479376,,,,,,f,,question,240,4,"",""
765,2018-05-03 23:27:49.012953,,,,,,f,,question,241,1,time,12
766,2018-05-03 23:27:49.1017,,,,,,f,,question,241,2,multi-confusing,A few things but I think I figured it out
767,2018-05-03 23:27:49.174145,,,,,,f,,question,241,3,"",""
768,2018-05-03 23:27:49.265207,,,,,,f,,question,241,4,"",""
769,2018-05-04 00:05:57.41221,,,,,,f,,question,242,1,time,12
770,2018-05-04 00:05:57.99873,,,,,,f,,question,242,2,multi-confusing,no
771,2018-05-04 00:05:58.09544,,,,,,f,,question,242,3,"",""
772,2018-05-04 00:05:58.1909,,,,,,f,,question,242,4,"",""
773,2018-05-04 02:16:30.638589,,,,,,f,,question,243,1,time,7
774,2018-05-04 02:16:30.741095,,,,,,f,,question,243,2,multi-confusing,"I wasn't really sure if I was supposed to be detecting a pattern or not. I was trying to use the last trials as some guidance, but I also went my own way with some of it. I wanted to try different things, but when I noticed that there was one that never turned red in previous trials I always included that symbol."
775,2018-05-04 02:16:30.818314,,,,,,f,,question,243,3,"",""
776,2018-05-04 02:16:30.882666,,,,,,f,,question,243,4,"",""
777,2018-05-04 02:43:44.696972,,,,,,f,,question,244,1,time,15
778,2018-05-04 02:43:44.792716,,,,,,f,,question,244,2,multi-confusing,no
779,2018-05-04 02:43:44.879342,,,,,,f,,question,244,3,"",""
780,2018-05-04 02:43:44.968721,,,,,,f,,question,244,4,"",""
781,2018-05-04 02:52:13.397604,,,,,,f,,question,245,1,time,10
782,2018-05-04 02:52:13.483428,,,,,,f,,question,245,2,multi-confusing,This was a fun hit!
783,2018-05-04 02:52:13.597069,,,,,,f,,question,245,3,"",""
784,2018-05-04 02:52:13.693915,,,,,,f,,question,245,4,"",""
785,2018-05-04 03:04:12.4019,,,,,,f,,question,246,1,time,5
786,2018-05-04 03:04:12.566392,,,,,,f,,question,246,2,multi-confusing,""
787,2018-05-04 03:04:12.664356,,,,,,f,,question,246,3,"",""
788,2018-05-04 03:04:12.781078,,,,,,f,,question,246,4,"",""
789,2018-05-04 03:12:46.263075,,,,,,f,,question,247,1,time,7
790,2018-05-04 03:12:46.407318,,,,,,f,,question,247,2,multi-confusing,"No, pretty straightforward."
791,2018-05-04 03:12:46.555439,,,,,,f,,question,247,3,"",""
792,2018-05-04 03:12:46.688687,,,,,,f,,question,247,4,"",""
793,2018-05-04 03:30:30.66877,,,,,,f,,question,248,1,time,5
794,2018-05-04 03:30:30.763404,,,,,,f,,question,248,2,multi-confusing,""
795,2018-05-04 03:30:30.832704,,,,,,f,,question,248,3,"",""
796,2018-05-04 03:30:31.034089,,,,,,f,,question,248,4,"",""
797,2018-05-04 04:56:15.010123,,,,,,f,,question,249,1,time,5
800,2018-05-04 04:56:15.360193,,,,,,f,,question,249,4,"",""
807,2018-05-04 05:37:47.186457,,,,,,f,,question,252,3,"",""
798,2018-05-04 04:56:15.125049,,,,,,f,,question,249,2,multi-confusing,nope
802,2018-05-04 05:25:56.487368,,,,,,f,,question,251,2,multi-confusing,Not really.
804,2018-05-04 05:25:56.746909,,,,,,f,,question,251,4,"",""
799,2018-05-04 04:56:15.24339,,,,,,f,,question,249,3,"",""
801,2018-05-04 05:25:56.371439,,,,,,f,,question,251,1,time,7
805,2018-05-04 05:37:45.403742,,,,,,f,,question,252,1,time,5
808,2018-05-04 05:37:47.975917,,,,,,f,,question,252,4,"",""
803,2018-05-04 05:25:56.634856,,,,,,f,,question,251,3,"",""
806,2018-05-04 05:37:46.432769,,,,,,f,,question,252,2,multi-confusing,""
